doc_id,event_date_raw,fuel_type_raw,fuel_code_candidate,base_price_raw,base_price,retail_price_raw,retail_price,bog_contribution_raw,bog_spending_raw,unit_raw,extraction_method,parse_status,missing_fields
90c5209410d3139e,16/04/2026,dầu điêzen 0.05S,DIESEL,31.041,31041.0,31.041,31041.0,400,0,đồng/lít,table+text,parsed_ok,
90c5209410d3139e,16/04/2026,xăng E5RON92,E5RON92,22.592,22592.0,22.592,22592.0,0,0,đồng/lít,table+text,parsed_ok,
90c5209410d3139e,16/04/2026,dầu madút 180CST 3.5S,MAZUT,20.332,20332.0,20.332,20332.0,800,0,đồng/kg,table+text,parsed_ok,
90c5209410d3139e,16/04/2026,xăng RON95-III,RON95_III,23.761,23761.0,23.761,23761.0,,,đồng/lít,table+text,parsed_partial,bog_contribution_raw;bog_spending_raw
7090572f802d5049,09/04/2026,dầu điêzen 0.05S,DIESEL,31.969,31969.0,32.969,32969.0,1.000,0,đồng/lít,table+text,parsed_ok,
7090572f802d5049,09/04/2026,xăng E5RON92,E5RON92,21.544,21544.0,22.344,22344.0,800,0,đồng/lít,table+text,parsed_ok,
7090572f802d5049,09/04/2026,dầu madút 180CST 3.5S,MAZUT,21.749,21749.0,22.613,22613.0,800,0,đồng/kg,table+text,parsed_ok,
7090572f802d5049,09/04/2026,xăng RON95- III,RON95,22.743,22743.0,,,,,"đồng/lít,kg",table,parsed_partial,retail_price_raw;bog_contribution_raw;bog_spending_raw
7090572f802d5049,09/04/2026,xăng RON95-III,RON95_III,,,23.543,23543.0,,,đồng/lít,text,parsed_partial,base_price_raw;bog_contribution_raw;bog_spending_raw
896e0a3f91d55e45,08/04/2026,dầu điêzen 0.05S,DIESEL,42.841,42841.0,42.841,42841.0,không trích lập,0,đồng/lít,table+text,parsed_ok,
896e0a3f91d55e45,08/04/2026,xăng E5RON92,E5RON92,24.737,24737.0,24.737,24737.0,không trích lập,như hiện hành,đồng/lít,table+text,parsed_ok,
896e0a3f91d55e45,08/04/2026,dầu madút 180CST 3.5S,MAZUT,24.271,24271.0,24.271,24271.0,không trích lập,0,đồng/kg,table+text,parsed_ok,
896e0a3f91d55e45,08/04/2026,xăng RON95-III,RON95_III,26.536,26536.0,26.536,26536.0,không trích lập,như hiện hành,đồng/lít,table+text,parsed_ok,
5038f03bf8420274,07/03/2026,dầu điêzen 0.05S,DIESEL,30.239,30239.0,30.239,30239.0,0,0,đồng/lít,table+text,parsed_ok,
5038f03bf8420274,07/03/2026,xăng E5RON92,E5RON92,25.226,25226.0,25.226,25226.0,0,0,đồng/lít,table+text,parsed_ok,
5038f03bf8420274,07/03/2026,dầu madút 180CST 3.5S,MAZUT,21.327,21327.0,21.327,21327.0,0,0,đồng/kg,table+text,parsed_ok,
5038f03bf8420274,07/03/2026,xăng RON95-III,RON95_III,27.047,27047.0,27.047,27047.0,0,0,đồng/lít,table+text,parsed_ok,
cd334f1809ca70cb,05/03/2026,dầu điêzen 0.05S,DIESEL,23.037,23037.0,23.037,23037.0,0,0,đồng/lít,table+text,parsed_ok,
cd334f1809ca70cb,05/03/2026,xăng E5RON92,E5RON92,21.449,21449.0,21.449,21449.0,0,0,đồng/lít,table+text,parsed_ok,
cd334f1809ca70cb,05/03/2026,dầu madút 180CST 3.5S,MAZUT,17.496,17496.0,17.496,17496.0,0,0,đồng/kg,table+text,parsed_ok,
cd334f1809ca70cb,05/03/2026,xăng RON95-III,RON95_III,22.340,22340.0,22.340,22340.0,0,0,đồng/lít,table+text,parsed_ok,
f7f6307c25f1bd85,26/02/2026,dầu điêzen 0.05S,DIESEL,19.279,19279.0,19.279,19279.0,0,0,đồng/lít,table+text,parsed_ok,
f7f6307c25f1bd85,26/02/2026,xăng E5RON92,E5RON92,19.523,19523.0,19.523,19523.0,0,0,đồng/lít,table+text,parsed_ok,
f7f6307c25f1bd85,26/02/2026,dầu madút 180CST 3.5S,MAZUT,15.689,15689.0,15.689,15689.0,0,0,đồng/kg,table+text,parsed_ok,
f7f6307c25f1bd85,26/02/2026,xăng RON95-III,RON95_III,20.151,20151.0,20.151,20151.0,0,0,đồng/lít,table+text,parsed_ok,
bf9489af04f85357,20/02/2026,dầu diezen 0.05S,DIESEL,18.525,18525.0,18.525,18525.0,0,0,đồng/lít,table+text,parsed_ok,
bf9489af04f85357,20/02/2026,xăng E5RON92,E5RON92,18.634,18634.0,18.634,18634.0,0,0,đồng/lít,table+text,parsed_ok,
bf9489af04f85357,20/02/2026,dầu madút 180CST 3.5S,MAZUT,15.862,15862.0,15.862,15862.0,0,0,đồng/kg,table+text,parsed_ok,
bf9489af04f85357,20/02/2026,xăng RON95-III,RON95_III,19.152,19152.0,19.152,19152.0,0,0,đồng/lít,table+text,parsed_ok,
4140a899a2cfcefd,12/02/2026,dầu điêzen 0.0 5S,DIESEL,18.463,18463.0,18.463,18463.0,0,0,đồng/lít,table+text,parsed_ok,
4140a899a2cfcefd,12/02/2026,xăng E5RON92,E5RON92,18.834,18834.0,18.834,18834.0,0,0,đồng/lít,table+text,parsed_ok,
4140a899a2cfcefd,12/02/2026,dầu madút 180CST 3.5S,MAZUT,15.569,15569.0,15.569,15569.0,0,0,đồng/kg,table+text,parsed_ok,
4140a899a2cfcefd,12/02/2026,xăng RON95-III,RON95_III,19.298,19298.0,19.298,19298.0,0,0,đồng/lít,table+text,parsed_ok,
6809720dbebd9a21,05/02/2026,dầu diezen 0.05S,DIESEL,18.453,18453.0,18.453,18453.0,0,0,đồng/lít,table+text,parsed_ok,
6809720dbebd9a21,05/02/2026,xăng E5RON92,E5RON92,18.439,18439.0,18.439,18439.0,0,0,đồng/lít,table+text,parsed_ok,
6809720dbebd9a21,05/02/2026,dầu madút 180CST 3.5S,MAZUT,15.150,15150.0,15.150,15150.0,0,0,đồng/kg,table+text,parsed_ok,
6809720dbebd9a21,05/02/2026,xăng RON95-III,RON95_III,18.880,18880.0,18.880,18880.0,0,0,đồng/lít,table+text,parsed_ok,
48cea29f6701993d,29/01/2026,dầu điêzen 0.05S,DIESEL,18.173,18173.0,18.173,18173.0,0,0,đồng/lít,table+text,parsed_ok,
48cea29f6701993d,29/01/2026,xăng E5RON92,E5RON92,18.339,18339.0,18.339,18339.0,0,0,đồng/lít,table+text,parsed_ok,
48cea29f6701993d,29/01/2026,dầu madút 180CST 3.5S,MAZUT,14.633,14633.0,14.633,14633.0,0,0,đồng/kg,table+text,parsed_ok,
48cea29f6701993d,29/01/2026,xăng RON95-III,RON95_III,18.845,18845.0,18.845,18845.0,0,0,đồng/lít,table+text,parsed_ok,
a874d5794c21461f,22/01/2026,dầu điêzen 0.05S,DIESEL,17.700,17700.0,17.700,17700.0,0,0,đồng/lít,table+text,parsed_ok,
a874d5794c21461f,22/01/2026,xăng E5RON92,E5RON92,18.283,18283.0,18.283,18283.0,0,0,đồng/lít,table+text,parsed_ok,
a874d5794c21461f,22/01/2026,dầu madút 180CST 3.5S,MAZUT,13.872,13872.0,13.872,13872.0,0,0,đồng/kg,table+text,parsed_ok,
a874d5794c21461f,22/01/2026,xăng RON95-III,RON95_III,18.631,18631.0,18.631,18631.0,0,0,đồng/lít,table+text,parsed_ok,
7ceb92855164dccc,08/01/2026,dầu điêzen 0.05S,DIESEL,17.061,17061.0,17.061,17061.0,0,0,đồng/lít,table+text,parsed_ok,
7ceb92855164dccc,08/01/2026,xăng E5RON92,E5RON92,18.233,18233.0,18.233,18233.0,0,0,đồng/lít,table+text,parsed_ok,
7ceb92855164dccc,08/01/2026,dầu madút 180CST 3.5S,MAZUT,13.403,13403.0,13.403,13403.0,0,0,đồng/kg,table+text,parsed_ok,
7ceb92855164dccc,08/01/2026,xăng RON95-III,RON95_III,18.560,18560.0,18.560,18560.0,0,0,đồng/lít,table+text,parsed_ok,
84b6eb81c9fa9228,31/12/2025,dầu điêzen 0.05S,DIESEL,17.255,17255.0,17.255,17255.0,0,,đồng/lít,table+text,parsed_partial,bog_spending_raw
84b6eb81c9fa9228,31/12/2025,xăng E5RON92,E5RON92,18.438,18438.0,18.438,18438.0,0,0,đồng/lít,table+text,parsed_ok,
84b6eb81c9fa9228,31/12/2025,dầu madút 180CST 3.5S,MAZUT,13.345,13345.0,13.345,13345.0,0,0,đồng/kg,table+text,parsed_ok,
84b6eb81c9fa9228,31/12/2025,xăng RON95-III,RON95_III,18.917,18917.0,18.917,18917.0,0,0,đồng/lít,table+text,parsed_ok,
cd990b5d4e95df0e,25/12/2025,dầu điêzen 0.05S,DIESEL,17.257,17257.0,17.257,17257.0,0,0,đồng/lít,table+text,parsed_ok,
cd990b5d4e95df0e,25/12/2025,xăng E5RON92,E5RON92,18.716,18716.0,18.716,18716.0,0,0,đồng/lít,table+text,parsed_ok,
cd990b5d4e95df0e,25/12/2025,dầu madút 180CST 3.5S,MAZUT,13.382,13382.0,13.382,13382.0,0,0,đồng/kg,table+text,parsed_ok,
cd990b5d4e95df0e,25/12/2025,xăng RON95-III,RON95_III,19.006,19006.0,,,0,0,"đồng/lít,kg",table,parsed_partial,retail_price_raw
52ca854df47d6ca2,18/12/2025,dầu điêzen 0.05S,DIESEL,17.476,17476.0,17.476,17476.0,0,0,đồng/lít,table+text,parsed_ok,
52ca854df47d6ca2,18/12/2025,xăng E5RON92,E5RON92,19.239,19239.0,19.239,19239.0,0,0,đồng/lít,table+text,parsed_ok,
52ca854df47d6ca2,18/12/2025,dầu madút 180CST 3.5S,MAZUT,13.160,13160.0,13.160,13160.0,0,0,đồng/kg,table+text,parsed_ok,
52ca854df47d6ca2,18/12/2025,xăng RON95-III,RON95_III,19.620,19620.0,19.620,19620.0,0,0,đồng/lít,table+text,parsed_ok,
cf4043b38fa0a377,11/12/2025,dầu điêzen 0.05S,DIESEL,18.154,18154.0,18.154,18154.0,0,0,đồng/lít,table+text,parsed_ok,
cf4043b38fa0a377,11/12/2025,xăng E5RON92,E5RON92,19.615,19615.0,19.615,19615.0,0,0,đồng/lít,table+text,parsed_ok,
cf4043b38fa0a377,11/12/2025,dầu madút 180CST 3.5S,MAZUT,13.393,13393.0,13.393,13393.0,0,0,đồng/kg,table+text,parsed_ok,
cf4043b38fa0a377,11/12/2025,xăng RON95-III,RON95_III,20.082,20082.0,20.082,20082.0,0,0,đồng/lít,table+text,parsed_ok,
4276ec4c940451d6,04/12/2025,dầu điêzen 0.05S,DIESEL,18.380,18380.0,18.380,18380.0,0,0,đồng/lít,table+text,parsed_ok,
4276ec4c940451d6,04/12/2025,xăng E5RON92,E5RON92,19.822,19822.0,19.822,19822.0,0,0,đồng/lít,table+text,parsed_ok,
4276ec4c940451d6,04/12/2025,dầu madút 180CST 3.5S,MAZUT,13.436,13436.0,13.436,13436.0,0,0,đồng/kg,table+text,parsed_ok,
4276ec4c940451d6,04/12/2025,xăng RON95-III,RON95_III,20.460,20460.0,20.460,20460.0,0,0,đồng/lít,table+text,parsed_ok,
ce79c97a8561cafd,27/11/2025,dầu điêzen 0.05S,DIESEL,18.800,18800.0,18.800,18800.0,0,,đồng/lít,table+text,parsed_partial,bog_spending_raw
ce79c97a8561cafd,27/11/2025,xăng E5RON92,E5RON92,19.288,19288.0,19.288,19288.0,0,,đồng/lít,table+text,parsed_partial,bog_spending_raw
ce79c97a8561cafd,27/11/2025,dầu madút 180CST 3.5S,MAZUT,13.488,13488.0,13.488,13488.0,0,,đồng/kg,table+text,parsed_partial,bog_spending_raw
ce79c97a8561cafd,27/11/2025,xăng RON95-III,RON95_III,20.009,20009.0,20.009,20009.0,0,,đồng/lít,table+text,parsed_partial,bog_spending_raw
0ef954a9d915b261,20/11/2025,dầu điêzen 0.05S,DIESEL,19.826,19826.0,19.826,19826.0,0,0,đồng/lít,table+text,parsed_ok,
0ef954a9d915b261,20/11/2025,xăng E5RON92,E5RON92,19.807,19807.0,19.807,19807.0,0,0,đồng/lít,table+text,parsed_ok,
0ef954a9d915b261,20/11/2025,dầu madút 180CST 3.5S,MAZUT,13.739,13739.0,13.739,13739.0,0,0,đồng/kg,table+text,parsed_ok,
0ef954a9d915b261,20/11/2025,xăng RON95-III,RON95_III,20.542,20542.0,20.542,20542.0,0,0,đồng/lít,table+text,parsed_ok,
1e7fd6acc777908a,13/11/2025,dầu điêzen 0.05S,DIESEL,19.864,19864.0,19.864,19864.0,0,0,đồng/lít,table+text,parsed_ok,
1e7fd6acc777908a,13/11/2025,xăng E5RON92,E5RON92,19.844,19844.0,19.844,19844.0,0,0,đồng/lít,table+text,parsed_ok,
1e7fd6acc777908a,13/11/2025,dầu madút 180CST 3.5S,MAZUT,14.074,14074.0,14.074,14074.0,0,0,đồng/kg,table+text,parsed_ok,
1e7fd6acc777908a,13/11/2025,xăng RON95-III,RON95_III,20.576,20576.0,20.576,20576.0,0,0,đồng/lít,table+text,parsed_ok,
6852d53097037f5c,06/11/2025,dầu điêzen 0.05S,DIESEL,19.323,19323.0,19.323,19323.0,0,0,đồng/lít,table+text,parsed_ok,
6852d53097037f5c,06/11/2025,xăng E5RON92,E5RON92,19.682,19682.0,19.682,19682.0,0,0,đồng/lít,table+text,parsed_ok,
6852d53097037f5c,06/11/2025,dầu madút 180CST 3.5S,MAZUT,14.320,14320.0,14.320,14320.0,0,0,đồng/kg,table+text,parsed_ok,
6852d53097037f5c,06/11/2025,xăng RON95-III,RON95_III,20.416,20416.0,20.416,20416.0,0,0,đồng/lít,table+text,parsed_ok,
4e73ea2c475175c5,30/10/2025,dầu điêzen 0.05S,DIESEL,19.203,19203.0,19.203,19203.0,0,0,đồng/lít,table+text,parsed_ok,
4e73ea2c475175c5,30/10/2025,xăng E5RON92,E5RON92,19.760,19760.0,19.760,19760.0,0,0,đồng/lít,table+text,parsed_ok,
4e73ea2c475175c5,30/10/2025,dầu madút 180CST 3.5S,MAZUT,14.639,14639.0,14.639,14639.0,0,0,đồng/kg,table+text,parsed_ok,
4e73ea2c475175c5,30/10/2025,xăng RON95-III,RON95_III,20.488,20488.0,20.488,20488.0,0,0,đồng/lít,table+text,parsed_ok,
224bfe067c3e56e0,16/10/2025,dầu điêzen 0.05S,DIESEL,18.423,18423.0,18.423,18423.0,0,0,đồng/lít,table+text,parsed_ok,
224bfe067c3e56e0,16/10/2025,xăng E5RON92,E5RON92,19.226,19226.0,19.226,19226.0,0,0,đồng/lít,table+text,parsed_ok,
224bfe067c3e56e0,16/10/2025,dầu madút 180CST 3.5S,MAZUT,14.371,14371.0,14.371,14371.0,0,0,đồng/kg,table+text,parsed_ok,
224bfe067c3e56e0,16/10/2025,xăng RON95-III,RON95_III,19.903,19903.0,19.903,19903.0,0,0,đồng/lít,table+text,parsed_ok,
3d3cc7b8749f5d7a,09/10/2025,dầu điêzen 0.05S,DIESEL,18.604,18604.0,18.604,18604.0,0,0,đồng/lít,table+text,parsed_ok,
3d3cc7b8749f5d7a,09/10/2025,xăng E5RON92,E5RON92,19.138,19138.0,19.138,19138.0,0,0,đồng/lít,table+text,parsed_ok,
3d3cc7b8749f5d7a,09/10/2025,dầu madút 180CST 3.5S,MAZUT,14.808,14808.0,14.808,14808.0,0,0,đồng/kg,table+text,parsed_ok,
3d3cc7b8749f5d7a,09/10/2025,xăng RON95-III,RON95_III,19.729,19729.0,19.729,19729.0,0,0,đồng/lít,table+text,parsed_ok,
6d0d915b3c40f1f8,02/10/2025,dầu điêzen 0.05S,DIESEL,19.038,19038.0,19.038,19038.0,0,0,đồng/lít,table+text,parsed_ok,
6d0d915b3c40f1f8,02/10/2025,xăng E5RON92,E5RON92,19.624,19624.0,19.624,19624.0,0,0,đồng/lít,table+text,parsed_ok,
6d0d915b3c40f1f8,02/10/2025,dầu madút 180CST 3.5S,MAZUT,15.370,15370.0,15.370,15370.0,0,0,đồng/kg,table+text,parsed_ok,
6d0d915b3c40f1f8,02/10/2025,xăng RON95-III,RON95_III,20.209,20209.0,20.209,20209.0,0,0,đồng/lít,table+text,parsed_ok,
29581e6f1ebe579f,25/09/2025,dầu điêzen 0.05S,DIESEL,18.658,18658.0,18.658,18658.0,0,0,đồng/lít,table+text,parsed_ok,
29581e6f1ebe579f,25/09/2025,xăng E5RON92,E5RON92,19.618,19618.0,19.618,19618.0,0,0,đồng/lít,table+text,parsed_ok,
29581e6f1ebe579f,25/09/2025,dầu madút 180CST 3.5S,MAZUT,15.209,15209.0,15.209,15209.0,0,0,đồng/kg,table+text,parsed_ok,
29581e6f1ebe579f,25/09/2025,xăng RON95-III,RON95_III,20.165,20165.0,20.165,20165.0,0,0,đồng/lít,table+text,parsed_ok,
890d8b16af9704e1,18/09/2025,dầu điêzen 0.05S,DIESEL,18.705,18705.0,18.705,18705.0,0,0,đồng/lít,table+text,parsed_ok,
890d8b16af9704e1,18/09/2025,xăng E5RON92,E5RON92,19.986,19986.0,19.986,19986.0,0,0,đồng/lít,table+text,parsed_ok,
890d8b16af9704e1,18/09/2025,dầu madút 180CST 3.5S,MAZUT,15.130,15130.0,15.130,15130.0,0,0,đồng/kg,table+text,parsed_ok,
890d8b16af9704e1,18/09/2025,xăng RON95-III,RON95_III,20.608,20608.0,20.608,20608.0,0,0,đồng/lít,table+text,parsed_ok,
5e038ebe3805ab01,11/09/2025,dầu điêzen 0.05S,DIESEL,18.643,18643.0,18.643,18643.0,0,0,đồng/lít,table+text,parsed_ok,
5e038ebe3805ab01,11/09/2025,xăng E5RON92,E5RON92,19.756,19756.0,19.756,19756.0,0,0,đồng/lít,table+text,parsed_ok,
5e038ebe3805ab01,11/09/2025,dầu madút 180CST 3.5S,MAZUT,15.090,15090.0,15.090,15090.0,0,0,đồng/kg,table+text,parsed_ok,
5e038ebe3805ab01,11/09/2025,xăng RON95-III,RON95_III,20.400,20400.0,20.400,20400.0,0,0,đồng/lít,table+text,parsed_ok,
d71ca098e4ef19e1,04/09/2025,dầu điêzen 0.05S,DIESEL,18.473,18473.0,18.473,18473.0,0,0,đồng/lít,table+text,parsed_ok,
d71ca098e4ef19e1,04/09/2025,xăng E5RON92,E5RON92,19.851,19851.0,19.851,19851.0,0,0,đồng/lít,table+text,parsed_ok,
d71ca098e4ef19e1,04/09/2025,dầu madút 180CST 3.5S,MAZUT,15.376,15376.0,15.376,15376.0,0,0,đồng/kg,table+text,parsed_ok,
d71ca098e4ef19e1,04/09/2025,xăng RON95-III,RON95_III,20.439,20439.0,20.439,20439.0,0,0,đồng/lít,table+text,parsed_ok,
60652000ef0073df,28/08/2025,dầu điêzen 0.05S,DIESEL,18.357,18357.0,18.357,18357.0,0,0,đồng/lít,table+text,parsed_ok,
60652000ef0073df,28/08/2025,xăng E5RON92,E5RON92,19.771,19771.0,19.771,19771.0,0,0,đồng/lít,table+text,parsed_ok,
60652000ef0073df,28/08/2025,dầu madút 180CST 3.5S,MAZUT,15.260,15260.0,15.260,15260.0,0,0,đồng/kg,table+text,parsed_ok,
60652000ef0073df,28/08/2025,xăng RON95-III,RON95_III,20.363,20363.0,20.363,20363.0,0,0,đồng/lít,table+text,parsed_ok,
e3098fe9b030e746,21/08/2025,dầu điêzen 0.05S,DIESEL,17.905,17905.0,17.905,17905.0,0,0,đồng/lít,table+text,parsed_ok,
e3098fe9b030e746,21/08/2025,xăng E5RON92,E5RON92,19.464,19464.0,19.464,19464.0,0,0,đồng/lít,table+text,parsed_ok,
e3098fe9b030e746,21/08/2025,dầu madút 180CST 3.5S,MAZUT,15.116,15116.0,15.116,15116.0,0,0,đồng/kg,table+text,parsed_ok,
e3098fe9b030e746,21/08/2025,xăng RON95-III,RON95_III,20.092,20092.0,20.092,20092.0,0,0,đồng/lít,table+text,parsed_ok,
de63768e8edbc9f8,14/08/2025,dầu điêzen 0.05S,DIESEL,18.077,18077.0,18.077,18077.0,0,0,đồng/lít,table+text,parsed_ok,
de63768e8edbc9f8,14/08/2025,xăng E5RON92,E5RON92,19.354,19354.0,19.354,19354.0,0,0,đồng/lít,table+text,parsed_ok,
de63768e8edbc9f8,14/08/2025,dầu madút 180CST 3.5S,MAZUT,15.268,15268.0,15.268,15268.0,0,0,đồng/kg,table+text,parsed_ok,
de63768e8edbc9f8,14/08/2025,xăng RON95-III,RON95_III,19.884,19884.0,19.884,19884.0,0,0,đồng/lít,table+text,parsed_ok,
bb8d0255d7f62a48,07/08/2025,dầu điêzen 0.05S,DIESEL,18.800,18800.0,18.800,18800.0,0,0,đồng/lít,table+text,parsed_ok,
bb8d0255d7f62a48,07/08/2025,xăng E5RON92,E5RON92,19.608,19608.0,19.608,19608.0,0,0,đồng/lít,table+text,parsed_ok,
bb8d0255d7f62a48,07/08/2025,dầu madút 180CST 3.5S,MAZUT,15.647,15647.0,15.647,15647.0,0,0,đồng/kg,table+text,parsed_ok,
bb8d0255d7f62a48,07/08/2025,xăng RON95-III,RON95_III,20.074,20074.0,20.074,20074.0,0,0,đồng/lít,table+text,parsed_ok,
b9f957592c086c67,31/07/2025,dầu điêzen 0.05S,DIESEL,19.068,19068.0,19.068,19068.0,0,0,đồng/lít,table+text,parsed_ok,
b9f957592c086c67,31/07/2025,xăng E5RON92,E5RON92,19.401,19401.0,19.401,19401.0,0,0,đồng/lít,table+text,parsed_ok,
b9f957592c086c67,31/07/2025,dầu madút 180CST 3.5S,MAZUT,15.533,15533.0,15.533,15533.0,0,0,đồng/kg,table+text,parsed_ok,
b9f957592c086c67,31/07/2025,xăng RON95-III,RON95_III,19.840,19840.0,19.840,19840.0,0,0,đồng/lít,table+text,parsed_ok,
04952f180c7b5bda,24/07/2025,dầu điêzen 0.05S,DIESEL,19.129,19129.0,19.129,19129.0,0,0,đồng/lít,table+text,parsed_ok,
04952f180c7b5bda,24/07/2025,xăng E5RON92,E5RON92,19.279,19279.0,19.279,19279.0,0,0,đồng/lít,table+text,parsed_ok,
04952f180c7b5bda,24/07/2025,dầu madút 180CST 3.5S,MAZUT,15.379,15379.0,15.379,15379.0,0,0,đồng/kg,table+text,parsed_ok,
04952f180c7b5bda,24/07/2025,xăng RON95-III,RON95_III,19.709,19709.0,19.709,19709.0,0,0,đồng/lít,table+text,parsed_ok,
8a053775d8966ef2,17/07/2025,dầu điêzen 0.05S,DIESEL,18.799,18799.0,18.799,18799.0,0,0,đồng/lít,table+text,parsed_ok,
8a053775d8966ef2,17/07/2025,xăng E5RON92,E5RON92,19.481,19481.0,19.481,19481.0,0,0,đồng/lít,table+text,parsed_ok,
8a053775d8966ef2,17/07/2025,dầu madút 180CST 3.5S,MAZUT,15.478,15478.0,15.478,15478.0,0,0,đồng/kg,table+text,parsed_ok,
8a053775d8966ef2,17/07/2025,xăng RON95-III,RON95_III,19.925,19925.0,19.925,19925.0,0,0,đồng/lít,table+text,parsed_ok,
a321ba1451d946ec,10/07/2025,dầu điêzen 0.05S,DIESEL,18.837,18837.0,18.837,18837.0,0,0,đồng/lít,table+text,parsed_ok,
a321ba1451d946ec,10/07/2025,xăng E5RON92,E5RON92,19.659,19659.0,19.659,19659.0,0,0,đồng/lít,table+text,parsed_ok,
a321ba1451d946ec,10/07/2025,dầu madút 180CST 3.5S,MAZUT,15.563,15563.0,15.563,15563.0,0,0,đồng/kg,table+text,parsed_ok,
a321ba1451d946ec,10/07/2025,xăng RON95-III,RON95_III,20.090,20090.0,20.090,20090.0,0,0,đồng/lít,table+text,parsed_ok,
5adae1dced8dbd55,03/07/2025,dầu điêzen 0.05S,DIESEL,18.408,18408.0,18.408,18408.0,0,0,đồng/lít,table+text,parsed_ok,
5adae1dced8dbd55,03/07/2025,xăng E5RON92,E5RON92,19.445,19445.0,19.445,19445.0,0,0,đồng/lít,table+text,parsed_ok,
5adae1dced8dbd55,03/07/2025,dầu madút 180CST 3.5S,MAZUT,15.807,15807.0,15.807,15807.0,0,0,đồng/kg,table+text,parsed_ok,
5adae1dced8dbd55,03/07/2025,xăng RON95-III,RON95_III,19.906,19906.0,19.906,19906.0,0,0,đồng/lít,table+text,parsed_ok,
5a5265c83adc2602,26/06/2025,dầu điêzen 0.05S,DIESEL,19.707,19707.0,19.707,19707.0,0,0,đồng/lít,table+text,parsed_ok,
5a5265c83adc2602,26/06/2025,xăng E5RON92,E5RON92,20.911,20911.0,20.911,20911.0,0,0,đồng/lít,table+text,parsed_ok,
5a5265c83adc2602,26/06/2025,dầu madút 180CST 3.5S,MAZUT,17.269,17269.0,17.269,17269.0,0,0,đồng/kg,table+text,parsed_ok,
5a5265c83adc2602,26/06/2025,xăng RON95-III,RON95_III,21.507,21507.0,21.507,21507.0,0,0,đồng/lít,table+text,parsed_ok,
678175aa5523860d,19/06/2025,dầu điêzen 0.05S,DIESEL,19.156,19156.0,19.156,19156.0,0,,đồng/lít,table+text,parsed_partial,bog_spending_raw
678175aa5523860d,19/06/2025,xăng E5RON92,E5RON92,20.631,20631.0,20.631,20631.0,0,,đồng/lít,table+text,parsed_partial,bog_spending_raw
678175aa5523860d,19/06/2025,dầu madút 180CST 3.5S,MAZUT,17.643,17643.0,17.643,17643.0,0,,đồng/kg,table+text,parsed_partial,bog_spending_raw
678175aa5523860d,19/06/2025,xăng RON95-III,RON95_III,21.244,21244.0,21.244,21244.0,0,,đồng/lít,table+text,parsed_partial,bog_spending_raw
2e4508090c994436,12/06/2025,dầu điêzen 0.05S,DIESEL,17.700,17700.0,17.700,17700.0,0,0,đồng/lít,table+text,parsed_ok,
2e4508090c994436,12/06/2025,xăng E5RON92,E5RON92,19.462,19462.0,19.462,19462.0,0,0,đồng/lít,table+text,parsed_ok,
2e4508090c994436,12/06/2025,dầu madút 180CST 3.5S,MAZUT,16.461,16461.0,16.461,16461.0,0,0,đồng/kg,table+text,parsed_ok,
2e4508090c994436,12/06/2025,xăng RON95-III,RON95_III,19.967,19967.0,19.967,19967.0,0,0,đồng/lít,table+text,parsed_ok,
70311e056d5ffa15,05/06/2025,dầu điêzen 0.05S,DIESEL,17.420,17420.0,17.420,17420.0,0,0,đồng/lít,table+text,parsed_ok,
70311e056d5ffa15,05/06/2025,xăng E5RON92,E5RON92,19.263,19263.0,19.263,19263.0,0,0,đồng/lít,table+text,parsed_ok,
70311e056d5ffa15,05/06/2025,dầu madút 180CST 3.5S,MAZUT,16.178,16178.0,16.178,16178.0,0,0,đồng/kg,table+text,parsed_ok,
70311e056d5ffa15,05/06/2025,xăng RON95-III,RON95_III,19.698,19698.0,19.698,19698.0,0,0,đồng/lít,table+text,parsed_ok,
b8c6b7893827fa99,29/05/2025,dầu điêzen 0.05S,DIESEL,17.136,17136.0,17.136,17136.0,0,0,đồng/lít,table+text,parsed_ok,
b8c6b7893827fa99,29/05/2025,xăng E5RON92,E5RON92,19.196,19196.0,19.196,19196.0,0,0,đồng/lít,table+text,parsed_ok,
b8c6b7893827fa99,29/05/2025,dầu madút 180CST 3.5S,MAZUT,16.264,16264.0,16.264,16264.0,0,0,đồng/kg,table+text,parsed_ok,
b8c6b7893827fa99,29/05/2025,xăng RON95-III,RON95_III,19.565,19565.0,19.565,19565.0,0,0,đồng/lít,table+text,parsed_ok,
11ae3aa3d8e13813,22/05/2025,dầu điêzen 0.05S,DIESEL,17.405,17405.0,,,0,0,"đồng/lít,kg",table,parsed_partial,retail_price_raw
11ae3aa3d8e13813,22/05/2025,xăng E5RON92,E5RON92,19.122,19122.0,19.122,19122.0,0,0,đồng/lít,table+text,parsed_ok,
11ae3aa3d8e13813,22/05/2025,dầu madút 180CST 3.5S,MAZUT,16.512,16512.0,16.512,16512.0,0,0,đồng/kg,table+text,parsed_ok,
11ae3aa3d8e13813,22/05/2025,xăng RON95-III,RON95_III,19.532,19532.0,19.532,19532.0,0,0,đồng/lít,table+text,parsed_ok,
df9f7f768eccc0e8,15/05/2025,dầu diezen 0.05S,DIESEL,17.228,17228.0,17.228,17228.0,0,0,đồng/lít,table+text,parsed_ok,
df9f7f768eccc0e8,15/05/2025,xăng E5RON92,E5RON92,19.180,19180.0,19.180,19180.0,0,0,đồng/lít,table+text,parsed_ok,
df9f7f768eccc0e8,15/05/2025,dầu madút 180CST 3.5S,MAZUT,16.160,16160.0,16.160,16160.0,0,0,đồng/kg,table+text,parsed_ok,
df9f7f768eccc0e8,15/05/2025,xăng RON95-III,RON95_III,19.594,19594.0,19.594,19594.0,0,0,đồng/lít,table+text,parsed_ok,
0761832a6f3871c9,08/05/2025,dầu diezen 0.05S,DIESEL,16.809,16809.0,16.809,16809.0,0,,đồng/lít,table+text,parsed_partial,bog_spending_raw
0761832a6f3871c9,08/05/2025,xăng E5RON92,E5RON92,18.777,18777.0,18.777,18777.0,0,,đồng/lít,table+text,parsed_partial,bog_spending_raw
0761832a6f3871c9,08/05/2025,dầu madút 180CST 3.5S,MAZUT,15.533,15533.0,15.533,15533.0,0,,đồng/kg,table+text,parsed_partial,bog_spending_raw
0761832a6f3871c9,08/05/2025,xăng RON95-III,RON95_III,19.179,19179.0,19.179,19179.0,0,,đồng/lít,table+text,parsed_partial,bog_spending_raw
f066ef7a129e75dc,05/05/2025,dầu điêzen 0.05S,DIESEL,17.359,17359.0,17.359,17359.0,0,0,đồng/lít,table+text,parsed_ok,
f066ef7a129e75dc,05/05/2025,xăng E5RON92,E5RON92,19.154,19154.0,19.154,19154.0,0,0,đồng/lít,table+text,parsed_ok,
f066ef7a129e75dc,05/05/2025,dầu madút 180CST 3.5S,MAZUT,16.198,16198.0,16.198,16198.0,0,0,đồng/kg,table+text,parsed_ok,
f066ef7a129e75dc,05/05/2025,xăng RON95-III,RON95_III,19.586,19586.0,19.586,19586.0,0,0,đồng/lít,table+text,parsed_ok,
a08f9af844846763,24/04/2025,dầu điêzen 0.05S,DIESEL,17.524,17524.0,17.524,17524.0,0,0,đồng/lít,table+text,parsed_ok,
a08f9af844846763,24/04/2025,xăng E5RON92,E5RON92,19.238,19238.0,19.238,19238.0,0,0,đồng/lít,table+text,parsed_ok,
a08f9af844846763,24/04/2025,dầu madút 180CST 3.5S,MAZUT,16.524,16524.0,16.524,16524.0,0,0,đồng/kg,table+text,parsed_ok,
a08f9af844846763,24/04/2025,xăng RON95-III,RON95_III,19.638,19638.0,19.638,19638.0,0,0,đồng/lít,table+text,parsed_ok,
8156ff3d02aa4d36,17/04/2025,dầu điêzen 0.05S,DIESEL,17.037,17037.0,17.037,17037.0,0,0,đồng/lít,table+text,parsed_ok,
8156ff3d02aa4d36,17/04/2025,xăng E5RON92,E5RON92,18.498,18498.0,18.498,18498.0,0,0,đồng/lít,table+text,parsed_ok,
8156ff3d02aa4d36,17/04/2025,dầu madút 180CST 3.5S,MAZUT,15.960,15960.0,15.960,15960.0,0,0,đồng/kg,table+text,parsed_ok,
8156ff3d02aa4d36,17/04/2025,xăng RON95-III,RON95_III,18.856,18856.0,18.856,18856.0,0,0,đồng/lít,table+text,parsed_ok,
93c4a91c0e45e9e5,10/04/2025,dầu điêzen 0.05S,DIESEL,17.243,17243.0,17.243,17243.0,0,0,đồng/lít,table+text,parsed_ok,
93c4a91c0e45e9e5,10/04/2025,xăng E5RON92,E5RON92,18.882,18882.0,18.882,18882.0,0,0,đồng/lít,table+text,parsed_ok,
93c4a91c0e45e9e5,10/04/2025,dầu madút 180CST 3.5S,MAZUT,15.902,15902.0,15.902,15902.0,0,0,đồng/kg,table+text,parsed_ok,
93c4a91c0e45e9e5,10/04/2025,xăng RON95-III,RON95_III,19.207,19207.0,19.207,19207.0,0,0,đồng/lít,table+text,parsed_ok,
a69c1d3cf11a89b5,27/03/2025,dầu điêzen 0.05S,DIESEL,18.217,18217.0,18.217,18217.0,0,0,đồng/lít,table+text,parsed_ok,
a69c1d3cf11a89b5,27/03/2025,xăng E5RON92,E5RON92,20.032,20032.0,20.032,20032.0,0,0,đồng/lít,table+text,parsed_ok,
a69c1d3cf11a89b5,27/03/2025,dầu madút 180CST 3.5S,MAZUT,16.902,16902.0,16.902,16902.0,0,0,đồng/kg,table+text,parsed_ok,
a69c1d3cf11a89b5,27/03/2025,xăng RON95-III,RON95_III,20.424,20424.0,20.424,20424.0,0,0,đồng/lít,table+text,parsed_ok,
90ae92eed8a97b76,20/03/2025,dầu điêzen 0 05S,DIESEL,17.893,17893.0,17.893,17893.0,0,0,đồng/lít,table+text,parsed_ok,
90ae92eed8a97b76,20/03/2025,xăng E5RON92,E5RON92,19.695,19695.0,19.695,19695.0,0,0,đồng/lít,table+text,parsed_ok,
90ae92eed8a97b76,20/03/2025,dầu madút 180CST 3.5S,MAZUT,16.955,16955.0,16.955,16955.0,0,0,đồng/kg,table+text,parsed_ok,
90ae92eed8a97b76,20/03/2025,xăng RON95-III,RON95_III,20.087,20087.0,20.087,20087.0,0,0,đồng/lít,table+text,parsed_ok,
eb31d26847c93fa4,13/03/2025,dầu điêzen 0.05S,DIESEL,17.898,17898.0,17.898,17898.0,0,0,đồng/lít,table+text,parsed_ok,
eb31d26847c93fa4,13/03/2025,xăng E5RON92,E5RON92,19.281,19281.0,19.281,19281.0,0,0,đồng/lít,table+text,parsed_ok,
eb31d26847c93fa4,13/03/2025,dầu madút 180CST 3.5S,MAZUT,16.995,16995.0,16.995,16995.0,0,0,đồng/kg,table+text,parsed_ok,
eb31d26847c93fa4,13/03/2025,xăng RON95-III,RON95_III,19.649,19649.0,19.649,19649.0,0,0,đồng/lít,table+text,parsed_ok,
71e3d0f6592fbb77,06/03/2025,dầu điêzen 0.05S,DIESEL,18.333,18333.0,18.333,18333.0,0,0,đồng/lít,table+text,parsed_ok,
71e3d0f6592fbb77,06/03/2025,xăng E5RON92,E5RON92,19.961,19961.0,19.961,19961.0,0,0,đồng/lít,table+text,parsed_ok,
71e3d0f6592fbb77,06/03/2025,dầu madút 180CST 3.5S,MAZUT,17.150,17150.0,17.150,17150.0,0,0,đồng/kg,table+text,parsed_ok,
71e3d0f6592fbb77,06/03/2025,xăng RON95-III,RON95_III,20.402,20402.0,20.402,20402.0,0,0,đồng/lít,table+text,parsed_ok,
fa1eb7d694a84828,27/02/2025,dầu điêzen 0.05S,DIESEL,18.957,18957.0,18.957,18957.0,0,0,đồng/lít,table+text,parsed_ok,
fa1eb7d694a84828,27/02/2025,xăng E5RON92,E5RON92,20.658,20658.0,20.658,20658.0,0,0,đồng/lít,table+text,parsed_ok,
fa1eb7d694a84828,27/02/2025,dầu madút 180CST 3.5S,MAZUT,17.615,17615.0,17.615,17615.0,0,0,đồng/kg,table+text,parsed_ok,
fa1eb7d694a84828,27/02/2025,xăng RON95-III,RON95_III,21.112,21112.0,21.112,21112.0,0,0,đồng/lít,table+text,parsed_ok,
a7b7db6999ddbac1,20/02/2025,dầu điêzen 0.05S,DIESEL,19.063,19063.0,19.063,19063.0,0,0,đồng/lít,table+text,parsed_ok,
a7b7db6999ddbac1,20/02/2025,xăng E5RON92,E5RON92,20.855,20855.0,20.855,20855.0,0,0,đồng/lít,table+text,parsed_ok,
a7b7db6999ddbac1,20/02/2025,dầu madút 180CST 3.5S,MAZUT,17.596,17596.0,17.596,17596.0,0,0,đồng/kg,table+text,parsed_ok,
a7b7db6999ddbac1,20/02/2025,xăng RON95-III,RON95_III,21.331,21331.0,21.331,21331.0,0,0,đồng/lít,table+text,parsed_ok,
36402681df05eb59,13/02/2025,dầu diezen 0.05S,DIESEL,19.073,19073.0,19.073,19073.0,0,0,đồng/lít,table+text,parsed_ok,
36402681df05eb59,13/02/2025,xăng E5RON92,E5RON92,20.598,20598.0,20.598,20598.0,0,0,đồng/lít,table+text,parsed_ok,
36402681df05eb59,13/02/2025,dầu madút 180CST 3.5S,MAZUT,17.779,17779.0,17.779,17779.0,0,0,đồng/kg,table+text,parsed_ok,
36402681df05eb59,13/02/2025,xăng RON95-III,RON95_III,21.074,21074.0,21.074,21074.0,0,0,đồng/lít,table+text,parsed_ok,
cde62b286d7ce87e,06/02/2025,dầu điêzen 0.05S,DIESEL,19.054,19054.0,19.054,19054.0,0,0,đồng/lít,table+text,parsed_ok,
cde62b286d7ce87e,06/02/2025,xăng E5RON92,E5RON92,20.442,20442.0,20.442,20442.0,0,0,đồng/lít,table+text,parsed_ok,
cde62b286d7ce87e,06/02/2025,dầu madút 180CST 3.5S,MAZUT,17.354,17354.0,17.354,17354.0,0,0,đồng/kg,table+text,parsed_ok,
cde62b286d7ce87e,06/02/2025,xăng RON95-III,RON95_III,20.928,20928.0,20.928,20928.0,0,0,đồng/lít,table+text,parsed_ok,
42773ce2c7acca4f,01/02/2025,dầu diezen 0.05S,DIESEL,19.246,19246.0,19.246,19246.0,0,0,đồng/lít,table+text,parsed_ok,
42773ce2c7acca4f,01/02/2025,xăng E5RON92,E5RON92,20.391,20391.0,20.391,20391.0,0,0,đồng/lít,table+text,parsed_ok,
42773ce2c7acca4f,01/02/2025,dầu madút 180CST 3.5S,MAZUT,17.502,17502.0,17.502,17502.0,0,0,đồng/kg,table+text,parsed_ok,
42773ce2c7acca4f,01/02/2025,xăng RON95-III,RON95_III,21.002,21002.0,21.002,21002.0,0,0,đồng/lít,table+text,parsed_ok,
2d366215e386724a,23/01/2025,dầu diezen 0.05S,DIESEL,20.194,20194.0,20.194,20194.0,0,0,đồng/lít,table+text,parsed_ok,
2d366215e386724a,23/01/2025,xăng E5RON92,E5RON92,20.592,20592.0,20.592,20592.0,0,0,đồng/lít,table+text,parsed_ok,
2d366215e386724a,23/01/2025,dầu madút 180CST 3.5S,MAZUT,17.752,17752.0,17.752,17752.0,0,0,đồng/kg,table+text,parsed_ok,
2d366215e386724a,23/01/2025,xăng RON95-III,RON95_III,21.142,21142.0,21.142,21142.0,0,0,đồng/lít,table+text,parsed_ok,
cb6106ec65b0f039,16/01/2025,dầu điêzen 0.05S,DIESEL,19.782,19782.0,19.782,19782.0,0,0,đồng/lít,table+text,parsed_ok,
cb6106ec65b0f039,16/01/2025,xăng E5RON92,E5RON92,20.750,20750.0,20.750,20750.0,0,0,đồng/lít,table+text,parsed_ok,
cb6106ec65b0f039,16/01/2025,dầu madút 180CST 3.5S,MAZUT,17.181,17181.0,17.181,17181.0,0,0,đồng/kg,table+text,parsed_ok,
cb6106ec65b0f039,16/01/2025,xăng RON95-III,RON95_III,21.220,21220.0,21.220,21220.0,0,0,đồng/lít,table+text,parsed_ok,
60dbc03761dfa22f,26/12/2024,dầu điêzen 0.05S,DIESEL,18.630,18630.0,18.630,18630.0,0,0,đồng/lít,table+text,parsed_ok,
60dbc03761dfa22f,26/12/2024,xăng E5RON92,E5RON92,19.817,19817.0,19.817,19817.0,0,0,đồng/lít,table+text,parsed_ok,
60dbc03761dfa22f,26/12/2024,dầu madút 180CST 3.5S,MAZUT,15.970,15970.0,15.970,15970.0,0,0,đồng/kg,table+text,parsed_ok,
60dbc03761dfa22f,26/12/2024,xăng RON95-III,RON95_III,20.547,20547.0,20.547,20547.0,0,0,đồng/lít,table+text,parsed_ok,
55200b1cf534bc1c,19/12/2024,dầu diezen 0.05S,DIESEL,18.733,18733.0,18.733,18733.0,0,0,đồng/lít,table+text,parsed_ok,
55200b1cf534bc1c,19/12/2024,xăng E5RON92,E5RON92,20.244,20244.0,20.244,20244.0,0,0,đồng/lít,table+text,parsed_ok,
55200b1cf534bc1c,19/12/2024,dầu madút 180CST 3.5S,MAZUT,15.903,15903.0,15.903,15903.0,0,0,đồng/kg,table+text,parsed_ok,
55200b1cf534bc1c,19/12/2024,xăng RON95-III,RON95_III,21.004,21004.0,21.004,21004.0,0,0,đồng/lít,table+text,parsed_ok,
e1d4cd5b265ecce4,05/12/2024,dầu điêzen 0.05S,DIESEL,18.382,18382.0,18.382,18382.0,0,0,đồng/lít,table+text,parsed_ok,
e1d4cd5b265ecce4,05/12/2024,xăng E5RON92,E5RON92,19.864,19864.0,19.864,19864.0,0,0,đồng/lít,table+text,parsed_ok,
e1d4cd5b265ecce4,05/12/2024,dầu madút 180CST 3.5S,MAZUT,16.125,16125.0,16.125,16125.0,0,0,đồng/kg,table+text,parsed_ok,
e1d4cd5b265ecce4,05/12/2024,xăng RON95-III,RON95_III,20.563,20563.0,20.563,20563.0,0,0,đồng/lít,table+text,parsed_ok,
5eef8331bfa2de62,28/11/2024,dầu diezen 0.05S,DIESEL,18.777,18777.0,18.777,18777.0,0,0,đồng/lít,table+text,parsed_ok,
5eef8331bfa2de62,28/11/2024,xăng E5RON92,E5RON92,19.840,19840.0,19.840,19840.0,0,0,đồng/lít,table+text,parsed_ok,
5eef8331bfa2de62,28/11/2024,dầu madút 180CST 3.5S,MAZUT,16.125,16125.0,16.125,16125.0,0,0,đồng/kg,table+text,parsed_ok,
5eef8331bfa2de62,28/11/2024,xăng RON95-III,RON95_III,20.857,20857.0,20.857,20857.0,0,0,đồng/lít,table+text,parsed_ok,
2f790c55b31bad00,21/11/2024,dầu diezen 0.05S,DIESEL,18.509,18509.0,18.509,18509.0,0,0,đồng/lít,table+text,parsed_ok,
2f790c55b31bad00,21/11/2024,xăng E5RON92,E5RON92,19.343,19343.0,19.343,19343.0,0,0,đồng/lít,table+text,parsed_ok,
2f790c55b31bad00,21/11/2024,dầu madút 180CST 3.5S,MAZUT,16.014,16014.0,16.014,16014.0,0,0,đồng/kg,table+text,parsed_ok,
2f790c55b31bad00,21/11/2024,xăng RON95-III,RON95_III,20.528,20528.0,20.528,20528.0,0,0,đồng/lít,table+text,parsed_ok,
4a6e7231324c9b50,14/11/2024,dầu diezen 0.05S,DIESEL,18.573,18573.0,18.573,18573.0,0,0,đồng/lít,table+text,parsed_ok,
4a6e7231324c9b50,14/11/2024,xăng E5RON92,E5RON92,19.452,19452.0,19.452,19452.0,0,0,đồng/lít,table+text,parsed_ok,
4a6e7231324c9b50,14/11/2024,dầu madút 180CST 3.5S,MAZUT,16.009,16009.0,16.009,16009.0,0,0,đồng/kg,table+text,parsed_ok,
4a6e7231324c9b50,14/11/2024,xăng RON95-III,RON95_III,20.607,20607.0,20.607,20607.0,0,0,đồng/lít,table+text,parsed_ok,
81ea7e10e17bf4ea,07/11/2024,dầu điêzen 0.05S,DIESEL,18.917,18917.0,18.917,18917.0,0,0,đồng/lít,table+text,parsed_ok,
81ea7e10e17bf4ea,07/11/2024,xăng E5RON92,E5RON92,19.744,19744.0,19.744,19744.0,0,0,đồng/lít,table+text,parsed_ok,
81ea7e10e17bf4ea,07/11/2024,dầu madút 180CST 3.5S,MAZUT,16.394,16394.0,16.394,16394.0,0,0,đồng/kg,table+text,parsed_ok,
81ea7e10e17bf4ea,07/11/2024,xăng RON95-III,RON95_III,20.854,20854.0,20.854,20854.0,0,0,đồng/lít,table+text,parsed_ok,
67424b4bd17e4957,31/10/2024,dầu điêzen 0.05S,DIESEL,18.148,18148.0,18.148,18148.0,0,0,đồng/lít,table+text,parsed_ok,
67424b4bd17e4957,31/10/2024,xăng E5RON92,E5RON92,19.408,19408.0,19.408,19408.0,0,0,đồng/lít,table+text,parsed_ok,
67424b4bd17e4957,31/10/2024,dầu madút 180CST 3.5S,MAZUT,16.461,16461.0,16.461,16461.0,0,0,đồng/kg,table+text,parsed_ok,
67424b4bd17e4957,31/10/2024,xăng RON95-III,RON95_III,20.503,20503.0,20.503,20503.0,0,0,đồng/lít,table+text,parsed_ok,
8e8a2ffeca0c5f07,24/10/2024,dầu điêzen 0.05S,DIESEL,18.057,18057.0,18.057,18057.0,0,0,đồng/lít,table+text,parsed_ok,
8e8a2ffeca0c5f07,24/10/2024,xăng E5RON92,E5RON92,19.692,19692.0,19.692,19692.0,0,0,đồng/lít,table+text,parsed_ok,
8e8a2ffeca0c5f07,24/10/2024,dầu madút 180CST 3.5S,MAZUT,16.229,16229.0,16.229,16229.0,0,0,đồng/kg,table+text,parsed_ok,
8e8a2ffeca0c5f07,24/10/2024,xăng RON95-III,RON95_III,20.894,20894.0,20.894,20894.0,0,0,đồng/lít,table+text,parsed_ok,
271060ee867d8926,17/10/2024,dầu điêzen 0.05S,DIESEL,18.321,18321.0,18.321,18321.0,0,0,đồng/lít,table+text,parsed_ok,
271060ee867d8926,17/10/2024,xăng E5RON92,E5RON92,19.730,19730.0,19.730,19730.0,0,0,đồng/lít,table+text,parsed_ok,
271060ee867d8926,17/10/2024,dầu madút 180CST 3.5S,MAZUT,16.090,16090.0,16.090,16090.0,0,0,đồng/kg,table+text,parsed_ok,
271060ee867d8926,17/10/2024,xăng RON95-III,RON95_III,20.962,20962.0,20.962,20962.0,0,0,đồng/lít,table+text,parsed_ok,
9faf39ef788ff56d,10/10/2024,dầu điêzen 0.05S,DIESEL,18.500,18500.0,18.500,18500.0,0,0,đồng/lít,table+text,parsed_ok,
9faf39ef788ff56d,10/10/2024,xăng E5RON92,E5RON92,19.846,19846.0,19.846,19846.0,0,0,đồng/lít,table+text,parsed_ok,
9faf39ef788ff56d,10/10/2024,dầu madút 180CST 3.5S,MAZUT,15.911,15911.0,15.911,15911.0,0,0,đồng/kg,table+text,parsed_ok,
9faf39ef788ff56d,10/10/2024,xăng RON95-III,RON95_III,21.061,21061.0,21.061,21061.0,0,0,đồng/lít,table+text,parsed_ok,
141e9343abe20eb9,03/10/2024,dầu điêzen 0.05S,DIESEL,17.401,17401.0,17.401,17401.0,0,0,đồng/lít,table+text,parsed_ok,
141e9343abe20eb9,03/10/2024,xăng E5RON92,E5RON92,18.850,18850.0,18.850,18850.0,0,0,đồng/lít,table+text,parsed_ok,
141e9343abe20eb9,03/10/2024,dầu madút 180CST 3.5S,MAZUT,15.003,15003.0,15.003,15003.0,0,0,đồng/kg,table+text,parsed_ok,
141e9343abe20eb9,03/10/2024,xăng RON95-III,RON95_III,19.803,19803.0,19.803,19803.0,0,0,đồng/lít,table+text,parsed_ok,
a949aafc486ea103,26/09/2024,dầu diêzen 0.05S,DIESEL,17.506,17506.0,17.506,17506.0,0,0,đồng/lít,table+text,parsed_ok,
a949aafc486ea103,26/09/2024,xăng E5RON92,E5RON92,19.620,19620.0,19.620,19620.0,0,0,đồng/lít,table+text,parsed_ok,
a949aafc486ea103,26/09/2024,dầu madút 180CST 3.5S,MAZUT,15.357,15357.0,15.357,15357.0,0,0,đồng/kg,table+text,parsed_ok,
a949aafc486ea103,26/09/2024,xăng RON95-III,RON95_III,20.518,20518.0,20.518,20518.0,0,0,đồng/lít,table+text,parsed_ok,
7d3ebb22e94f1f40,19/09/2024,dầu điêzen 0.05S,DIESEL,17.043,17043.0,17.043,17043.0,0,0,đồng/lít,table+text,parsed_ok,
7d3ebb22e94f1f40,19/09/2024,xăng E5RON92,E5RON92,18.941,18941.0,18.941,18941.0,0,0,đồng/lít,table+text,parsed_ok,
7d3ebb22e94f1f40,19/09/2024,dầu madút 180CST 3.5S,MAZUT,14.826,14826.0,14.826,14826.0,0,0,đồng/kg,table+text,parsed_ok,
7d3ebb22e94f1f40,19/09/2024,xăng RON95-III,RON95_III,19.762,19762.0,19.762,19762.0,0,0,đồng/lít,table+text,parsed_ok,
b7d05ef645a67f44,12/09/2024,dầu điêzen 0.05S,DIESEL,17.165,17165.0,17.165,17165.0,0,0,đồng/lít,table+text,parsed_ok,
b7d05ef645a67f44,12/09/2024,xăng E5RON92,E5RON92,18.890,18890.0,18.890,18890.0,0,0,đồng/lít,table+text,parsed_ok,
b7d05ef645a67f44,12/09/2024,dầu madút 180CST 3.5S,MAZUT,14.467,14467.0,14.467,14467.0,0,0,đồng/kg,table+text,parsed_ok,
b7d05ef645a67f44,12/09/2024,xăng RON95-III,RON95_III,19.635,19635.0,19.635,19635.0,0,0,đồng/lít,table+text,parsed_ok,
92226e6a7b03760b,22/08/2024,dầu diêzen 0.05S,DIESEL,18.776,18776.0,18.776,18776.0,0,0,đồng/lít,table+text,parsed_ok,
92226e6a7b03760b,22/08/2024,xăng E5RON92,E5RON92,20.424,20424.0,20.424,20424.0,0,0,đồng/lít,table+text,parsed_ok,
92226e6a7b03760b,22/08/2024,dầu madút 180CST 3.5S,MAZUT,15.756,15756.0,15.756,15756.0,0,0,đồng/kg,table+text,parsed_ok,
92226e6a7b03760b,22/08/2024,xăng RON95-III,RON95_III,21.317,21317.0,21.317,21317.0,0,0,đồng/lít,table+text,parsed_ok,
8daeccf4f36f9455,15/08/2024,dầu điêzen 0.05S,DIESEL,19.230,19230.0,19.230,19230.0,0,0,đồng/lít,table+text,parsed_ok,
8daeccf4f36f9455,15/08/2024,xăng E5RON92,E5RON92,20.882,20882.0,20.882,20882.0,0,0,đồng/lít,table+text,parsed_ok,
8daeccf4f36f9455,15/08/2024,dầu madút 180CST 3.5S,MAZUT,16.245,16245.0,16.245,16245.0,0,0,đồng/kg,table+text,parsed_ok,
8daeccf4f36f9455,15/08/2024,xăng RON95-III,RON95_III,21.852,21852.0,21.852,21852.0,0,0,đồng/lít,table+text,parsed_ok,
b4ee19c7165c12a0,08/08/2024,dầu điêzen 0.05S,DIESEL,19.141,19141.0,19.141,19141.0,0,0,đồng/lít,table+text,parsed_ok,
b4ee19c7165c12a0,08/08/2024,xăng E5RON92,E5RON92,20.715,20715.0,20.715,20715.0,0,0,đồng/lít,table+text,parsed_ok,
b4ee19c7165c12a0,08/08/2024,dầu madút 180CST 3.5S,MAZUT,16.028,16028.0,16.028,16028.0,0,0,đồng/kg,table+text,parsed_ok,
b4ee19c7165c12a0,08/08/2024,xăng RON95-III,RON95_III,21.673,21673.0,21.673,21673.0,0,0,đồng/lít,table+text,parsed_ok,
1cb3b772784ecebf,01/08/2024,dầu điêzen 0.05S,DIESEL,19.878,19878.0,19.878,19878.0,0,0,đồng/lít,table+text,parsed_ok,
1cb3b772784ecebf,01/08/2024,xăng E5RON92,E5RON92,21.616,21616.0,21.616,21616.0,0,0,đồng/lít,table+text,parsed_ok,
1cb3b772784ecebf,01/08/2024,dầu madút 180CST 3.5S,MAZUT,16.886,16886.0,16.886,16886.0,0,0,đồng/kg,table+text,parsed_ok,
1cb3b772784ecebf,01/08/2024,xăng RON95-III,RON95_III,22.603,22603.0,22.603,22603.0,0,0,đồng/lít,table+text,parsed_ok,
79fbdd1395119f99,25/07/2024,dầu điêzen 0.05S,DIESEL,20.194,20194.0,20.194,20194.0,0,0,đồng/lít,table+text,parsed_ok,
79fbdd1395119f99,25/07/2024,xăng E5RON92,E5RON92,21.900,21900.0,21.900,21900.0,0,0,đồng/lít,table+text,parsed_ok,
79fbdd1395119f99,25/07/2024,dầu madút 180CST 3.5S,MAZUT,17.178,17178.0,17.178,17178.0,0,0,đồng/kg,table+text,parsed_ok,
79fbdd1395119f99,25/07/2024,xăng RON95-III,RON95_III,22.884,22884.0,22.884,22884.0,0,0,đồng/lít,table+text,parsed_ok,
d55e0016dee18732,18/07/2024,dầu diêzen 0.05S,DIESEL,20.504,20504.0,20.504,20504.0,0,0,đồng/lít,table+text,parsed_ok,
d55e0016dee18732,18/07/2024,xăng E5RON92,E5RON92,22.174,22174.0,22.174,22174.0,0,0,đồng/lít,table+text,parsed_ok,
d55e0016dee18732,18/07/2024,dầu madút 180CST 3.5S,MAZUT,17.611,17611.0,17.611,17611.0,0,0,đồng/kg,table+text,parsed_ok,
d55e0016dee18732,18/07/2024,xăng RON95-III,RON95_III,23.178,23178.0,23.178,23178.0,0,0,đồng/lít,table+text,parsed_ok,
84d07ef8a882969f,11/07/2024,dầu điêzen 0.05S,DIESEL,20.834,20834.0,20.834,20834.0,0,0,đồng/lít,table+text,parsed_ok,
84d07ef8a882969f,11/07/2024,xăng E5RON92,E5RON92,22.282,22282.0,22.282,22282.0,0,0,đồng/lít,table+text,parsed_ok,
84d07ef8a882969f,11/07/2024,dầu madút 180CST 3.5S,MAZUT,17.784,17784.0,17.784,17784.0,0,0,đồng/kg,table+text,parsed_ok,
84d07ef8a882969f,11/07/2024,xăng RON95-III,RON95_III,23.294,23294.0,23.294,23294.0,0,0,đồng/lít,table+text,parsed_ok,
7959ab958153b98b,04/07/2024,dầu điêzen 0.05S,DIESEL,21.176,21176.0,21.176,21176.0,0,0,đồng/lít,table+text,parsed_ok,
7959ab958153b98b,04/07/2024,xăng E5RON92,E5RON92,22.461,22461.0,22.461,22461.0,0,0,đồng/lít,table+text,parsed_ok,
7959ab958153b98b,04/07/2024,dầu madút 180CST 3.5S,MAZUT,17.534,17534.0,17.534,17534.0,0,0,đồng/kg,table+text,parsed_ok,
7959ab958153b98b,04/07/2024,xăng RON95-III,RON95_III,23.552,23552.0,23.552,23552.0,0,0,đồng/lít,table+text,parsed_ok,
f3815863f9e37aba,27/06/2024,dầu điêzen 0.05S,DIESEL,20.689,20689.0,20.689,20689.0,0,0,đồng/lít,table+text,parsed_ok,
f3815863f9e37aba,27/06/2024,xăng E5RON92,E5RON92,22.014,22014.0,22.014,22014.0,0,0,đồng/lít,table+text,parsed_ok,
f3815863f9e37aba,27/06/2024,dầu madút 180CST 3.5S,MAZUT,17.446,17446.0,17.446,17446.0,0,0,đồng/kg,table+text,parsed_ok,
f3815863f9e37aba,27/06/2024,xăng RON95-III,RON95_III,23.010,23010.0,23.010,23010.0,0,0,đồng/lít,table+text,parsed_ok,
64c3790a34fc2a62,20/06/2024,dầu điêzen 0.05S,DIESEL,20.360,20360.0,20.360,20360.0,0,0,đồng/lít,table+text,parsed_ok,
64c3790a34fc2a62,20/06/2024,xăng E5RON92,E5RON92,21.508,21508.0,21.508,21508.0,0,0,đồng/lít,table+text,parsed_ok,
64c3790a34fc2a62,20/06/2024,dầu madút 180CST 3.5S,MAZUT,17.223,17223.0,17.223,17223.0,0,0,đồng/kg,table+text,parsed_ok,
64c3790a34fc2a62,20/06/2024,xăng RON95-III,RON95_III,22.466,22466.0,22.466,22466.0,0,0,đồng/lít,table+text,parsed_ok,
c1c8c98c8d46237b,13/06/2024,dầu điêzen 0.05S,DIESEL,19.640,19640.0,19.640,19640.0,0,0,đồng/lít,table+text,parsed_ok,
c1c8c98c8d46237b,13/06/2024,xăng E5RON92,E5RON92,21.310,21310.0,21.310,21310.0,0,0,đồng/lít,table+text,parsed_ok,
c1c8c98c8d46237b,13/06/2024,dầu madút 180CST 3.5S,MAZUT,16.889,16889.0,16.889,16889.0,0,0,đồng/kg,table+text,parsed_ok,
c1c8c98c8d46237b,13/06/2024,xăng RON95-III,RON95_III,22.235,22235.0,22.235,22235.0,0,0,đồng/lít,table+text,parsed_ok,
5d23a701a057a309,06/06/2024,dầu điêzen 0.05S,DIESEL,19.422,19422.0,19.422,19422.0,0,0,đồng/lít,table+text,parsed_ok,
5d23a701a057a309,06/06/2024,xăng E5RON92,E5RON92,21.141,21141.0,21.141,21141.0,0,0,đồng/lít,table+text,parsed_ok,
5d23a701a057a309,06/06/2024,dầu madút 180CST 3.5S,MAZUT,17.285,17285.0,17.285,17285.0,0,0,đồng/kg,table+text,parsed_ok,
5d23a701a057a309,06/06/2024,xăng RON95-III,RON95_III,21.977,21977.0,21.977,21977.0,0,0,đồng/lít,table+text,parsed_ok,
49be5b6eff8c914b,30/05/2024,dầu điêzen 0.05S,DIESEL,19.747,19747.0,19.747,19747.0,0,0,đồng/lít,table+text,parsed_ok,
49be5b6eff8c914b,30/05/2024,xăng E5RON92,E5RON92,21.759,21759.0,21.759,21759.0,0,0,đồng/lít,table+text,parsed_ok,
49be5b6eff8c914b,30/05/2024,dầu madút 180CST 3.5S,MAZUT,17.538,17538.0,17.538,17538.0,0,0,đồng/kg,table+text,parsed_ok,
49be5b6eff8c914b,30/05/2024,xăng RON95-III,RON95_III,22.519,22519.0,22.519,22519.0,0,0,đồng/lít,table+text,parsed_ok,
bc836d5191d7ce51,23/05/2024,dầu điêzen 0.05S,DIESEL,19.837,19837.0,19.837,19837.0,0,0,đồng/lít,table+text,parsed_ok,
bc836d5191d7ce51,23/05/2024,xăng E5RON92,E5RON92,22.277,22277.0,22.277,22277.0,0,0,đồng/lít,table+text,parsed_ok,
bc836d5191d7ce51,23/05/2024,dầu madút 180CST 3.5S,MAZUT,17.513,17513.0,17.513,17513.0,0,0,đồng/kg,table+text,parsed_ok,
bc836d5191d7ce51,23/05/2024,xăng RON95-III,RON95_III,23.213,23213.0,23.213,23213.0,0,0,đồng/lít,table+text,parsed_ok,
58ef356368c56074,16/05/2024,dầu điêzen 0.05S,DIESEL,19.873,19873.0,19.873,19873.0,0,0,đồng/lít,table+text,parsed_ok,
58ef356368c56074,16/05/2024,xăng E5RON92,E5RON92,22.115,22115.0,22.115,22115.0,0,0,đồng/lít,table+text,parsed_ok,
58ef356368c56074,16/05/2024,dầu madút 180CST 3.5S,MAZUT,17.418,17418.0,17.418,17418.0,0,0,đồng/kg,table+text,parsed_ok,
58ef356368c56074,16/05/2024,xăng RON95-III,RON95_III,23.135,23135.0,23.135,23135.0,0,0,đồng/lít,table+text,parsed_ok,
a29a516f2e050fb7,09/05/2024,dầu điêzen 0.05S,DIESEL,19.847,19847.0,19.847,19847.0,0,0,đồng/lít,table+text,parsed_ok,
a29a516f2e050fb7,09/05/2024,xăng E5RON92,E5RON92,22.623,22623.0,22.623,22623.0,0,0,đồng/lít,table+text,parsed_ok,
a29a516f2e050fb7,09/05/2024,dầu madút 180CST 3.5S,MAZUT,17.503,17503.0,17.503,17503.0,0,0,đồng/kg,table+text,parsed_ok,
a29a516f2e050fb7,09/05/2024,xăng RON95-III,RON95_III,23.544,23544.0,23.544,23544.0,0,0,đồng/lít,table+text,parsed_ok,
cc3fff00c14c4ea3,02/05/2024,dầu điêzen 0.05S,DIESEL,20.606,20606.0,20.606,20606.0,0,0,đồng/lít,table+text,parsed_ok,
cc3fff00c14c4ea3,02/05/2024,xăng E5RON92,E5RON92,23.911,23911.0,23.911,23911.0,0,0,đồng/lít,table+text,parsed_ok,
cc3fff00c14c4ea3,02/05/2024,dầu madút 180CST 3.5S,MAZUT,17.663,17663.0,17.663,17663.0,0,0,đồng/kg,table+text,parsed_ok,
cc3fff00c14c4ea3,02/05/2024,xăng RON95-III,RON95_III,24.955,24955.0,24.955,24955.0,0,0,đồng/lít,table+text,parsed_ok,
e52bb3fc81b9a626,25/04/2024,dầu điêzen 0.05S,DIESEL,20.716,20716.0,20.716,20716.0,0,0,đồng/lít,table+text,parsed_ok,
e52bb3fc81b9a626,25/04/2024,xăng E5RON92,E5RON92,23.919,23919.0,23.919,23919.0,0,0,đồng/lít,table+text,parsed_ok,
e52bb3fc81b9a626,25/04/2024,dầu madút 180CST 3.5S,MAZUT,17.408,17408.0,17.408,17408.0,0,0,đồng/kg,table+text,parsed_ok,
e52bb3fc81b9a626,25/04/2024,xăng RON95-III,RON95_III,24.915,24915.0,24.915,24915.0,0,0,đồng/lít,table+text,parsed_ok,
dd4881330cce28e3,17/04/2024,dầu điêzen 0.05S,DIESEL,21.446,21446.0,21.446,21446.0,0,0,đồng/lít,table+text,parsed_ok,
dd4881330cce28e3,17/04/2024,xăng E5RON92,E5RON92,24.226,24226.0,24.226,24226.0,0,0,đồng/lít,table+text,parsed_ok,
dd4881330cce28e3,17/04/2024,dầu madút 180CST 3.5S,MAZUT,17.206,17206.0,17.206,17206.0,0,0,đồng/kg,table+text,parsed_ok,
dd4881330cce28e3,17/04/2024,xăng RON95-III,RON95_III,25.237,25237.0,25.237,25237.0,0,0,đồng/lít,table+text,parsed_ok,
2a1501798dd51761,11/04/2024,dầu điêzen 0.05S,DIESEL,21.610,21610.0,21.610,21610.0,0,0,đồng/lít,table+text,parsed_ok,
2a1501798dd51761,11/04/2024,xăng E5RON92,E5RON92,23.848,23848.0,23.848,23848.0,0,0,đồng/lít,table+text,parsed_ok,
2a1501798dd51761,11/04/2024,dầu madút 180CST 3.5S,MAZUT,17.008,17008.0,17.008,17008.0,0,0,đồng/kg,table+text,parsed_ok,
2a1501798dd51761,11/04/2024,xăng RON95-III,RON95_III,24.821,24821.0,24.821,24821.0,không trích lập,như hiện hành,đồng/lít,table+text,parsed_ok,
b24b70c1085fb515,28/03/2024,dầu điêzen 0.05S,DIESEL,20.693,20693.0,20.693,20693.0,0,0,đồng/lít,table+text,parsed_ok,
b24b70c1085fb515,28/03/2024,xăng E5RON92,E5RON92,23.625,23625.0,23.625,23625.0,0,0,đồng/lít,table+text,parsed_ok,
b24b70c1085fb515,28/03/2024,dầu madút 180CST 3.5S,MAZUT,17.145,17145.0,17.145,17145.0,300,0,đồng/kg,table+text,parsed_ok,
b24b70c1085fb515,28/03/2024,xăng RON95-III,RON95_III,24.816,24816.0,24.816,24816.0,0,0,đồng/lít,table+text,parsed_ok,
5246fa97457bcb70,21/03/2024,dầu điêzen 0.05S,DIESEL,21.014,21014.0,21.014,21014.0,0,0,đồng/lít,table+text,parsed_ok,
5246fa97457bcb70,21/03/2024,xăng E5RON92,E5RON92,23.219,23219.0,23.219,23219.0,0,0,đồng/lít,table+text,parsed_ok,
5246fa97457bcb70,21/03/2024,dầu madút 180CST 3.5S,MAZUT,17.099,17099.0,17.099,17099.0,300,0,đồng/kg,table+text,parsed_ok,
5246fa97457bcb70,21/03/2024,xăng RON95-III,RON95_III,24.284,24284.0,24.284,24284.0,0,0,đồng/lít,table+text,parsed_ok,
218325b47d08220a,14/03/2024,dầu điêzen 0.05S,DIESEL,20.549,20549.0,20.549,20549.0,0,0,đồng/lít,table+text,parsed_ok,
218325b47d08220a,14/03/2024,xăng E5RON92,E5RON92,22.490,22490.0,22.490,22490.0,0,0,đồng/lít,table+text,parsed_ok,
218325b47d08220a,14/03/2024,dầu madút 180CST 3.5S,MAZUT,16.432,16432.0,16.432,16432.0,300,0,đồng/kg,table+text,parsed_ok,
218325b47d08220a,14/03/2024,xăng RON95-III,RON95_III,23.543,23543.0,23.543,23543.0,0,0,đồng/lít,table+text,parsed_ok,
511bd198a7514607,07/03/2024,dầu điêzen 0.05S,DIESEL,20.471,20471.0,20.471,20471.0,0,0,đồng/lít,table+text,parsed_ok,
511bd198a7514607,07/03/2024,xăng E5RON92,E5RON92,22.512,22512.0,22.512,22512.0,0,0,đồng/lít,table+text,parsed_ok,
511bd198a7514607,07/03/2024,dầu madút 180CST 3.5S,MAZUT,16.133,16133.0,16.133,16133.0,300,0,đồng/kg,table+text,parsed_ok,
511bd198a7514607,07/03/2024,xăng RON95-III,RON95_III,23.557,23557.0,23.557,23557.0,0,0,đồng/lít,table+text,parsed_ok,
d2bccd5ca4e11d24,29/02/2024,dầu điêzen 0.05S,DIESEL,20.773,20773.0,20.773,20773.0,0,0,đồng/lít,table+text,parsed_ok,
d2bccd5ca4e11d24,29/02/2024,xăng E5RON92,E5RON92,22.752,22752.0,22.752,22752.0,0,0,đồng/lít,table+text,parsed_ok,
d2bccd5ca4e11d24,29/02/2024,dầu madút 180CST 3.5S,MAZUT,15.959,15959.0,15.959,15959.0,300,0,đồng/kg,table+text,parsed_ok,
d2bccd5ca4e11d24,29/02/2024,xăng RON95-III,RON95_III,23.929,23929.0,23.929,23929.0,0,0,đồng/lít,table+text,parsed_ok,
4a63c46cb353090e,22/02/2024,dầu điêzen 0.05S,DIESEL,20.910,20910.0,20.910,20910.0,0,0,đồng/lít,table+text,parsed_ok,
4a63c46cb353090e,22/02/2024,xăng E5RON92,E5RON92,22.475,22475.0,22.475,22475.0,0,0,đồng/lít,table+text,parsed_ok,
4a63c46cb353090e,22/02/2024,dầu madút 180CST 3.5S,MAZUT,15.929,15929.0,15.929,15929.0,300,0,đồng/kg,table+text,parsed_ok,
4a63c46cb353090e,22/02/2024,xăng RON95-III,RON95_III,23.599,23599.0,23.599,23599.0,0,0,đồng/lít,table+text,parsed_ok,
b6a5234b1125cb33,15/02/2024,dầu điêzen 0.05S,DIESEL,21.361,21361.0,21.361,21361.0,0,0,đồng/lít,table+text,parsed_ok,
b6a5234b1125cb33,15/02/2024,xăng E5RON92,E5RON92,22.831,22831.0,22.831,22831.0,0,0,đồng/lít,table+text,parsed_ok,
b6a5234b1125cb33,15/02/2024,dầu madút 180CST 3.5S,MAZUT,15.906,15906.0,15.906,15906.0,300,0,đồng/kg,table+text,parsed_ok,
b6a5234b1125cb33,15/02/2024,xăng RON95-III,RON95_III,23.919,23919.0,23.919,23919.0,0,0,đồng/lít,table+text,parsed_ok,
2196557009c194a0,08/02/2024,dầu điêzen 0.05S,DIESEL,20.707,20707.0,20.707,20707.0,0,0,đồng/lít,table+text,parsed_ok,
2196557009c194a0,08/02/2024,xăng E5RON92,E5RON92,22.120,22120.0,22.120,22120.0,0,0,đồng/lít,table+text,parsed_ok,
2196557009c194a0,08/02/2024,dầu madút 180CST 3.5S,MAZUT,15.598,15598.0,15.598,15598.0,300,0,đồng/kg,table+text,parsed_ok,
2196557009c194a0,08/02/2024,xăng RON95-III,RON95_III,23.262,23262.0,23.262,23262.0,0,0,đồng/lít,table+text,parsed_ok,
30e240e2a457f143,01/02/2024,dầu điêzen 0.05S,DIESEL,20.999,20999.0,20.999,20999.0,0,0,đồng/lít,table+text,parsed_ok,
30e240e2a457f143,01/02/2024,xăng E5RON92,E5RON92,22.913,22913.0,22.913,22913.0,0,0,đồng/lít,table+text,parsed_ok,
30e240e2a457f143,01/02/2024,dầu madút 180CST 3.5S,MAZUT,16.087,16087.0,16.087,16087.0,300,0,đồng/kg,table+text,parsed_ok,
30e240e2a457f143,01/02/2024,xăng RON95-III,RON95_III,24.160,24160.0,24.160,24160.0,0,0,đồng/lít,table+text,parsed_ok,
06bd3142210deae9,25/01/2024,dầu điêzen 0.05S,DIESEL,20.376,20376.0,20.376,20376.0,0,0,đồng/lít,table+text,parsed_ok,
06bd3142210deae9,25/01/2024,xăng E5RON92,E5RON92,22.171,22171.0,22.171,22171.0,,0,đồng/lít,table+text,parsed_partial,bog_contribution_raw
06bd3142210deae9,25/01/2024,dầu madút 180CST 3.5S,MAZUT,15.494,15494.0,15.494,15494.0,300,0,đồng/kg,table+text,parsed_ok,
06bd3142210deae9,25/01/2024,xăng RON95-III,RON95_III,23.407,23407.0,23.407,23407.0,0,0,đồng/lít,table+text,parsed_ok,
f7af1a1867c6a7cd,18/01/2024,dầu điêzen 0.05S,DIESEL,20.194,20194.0,20.194,20194.0,0,0,đồng/lít,table+text,parsed_ok,
f7af1a1867c6a7cd,18/01/2024,xăng E5RON92,E5RON92,21.418,21418.0,21.418,21418.0,0,0,đồng/lít,table+text,parsed_ok,
f7af1a1867c6a7cd,18/01/2024,dầu madút 180CST 3.5S,MAZUT,15.508,15508.0,15.508,15508.0,300,0,đồng/kg,table+text,parsed_ok,
f7af1a1867c6a7cd,18/01/2024,xăng RON95-III,RON95_III,22.482,22482.0,22.482,22482.0,0,0,đồng/lít,table+text,parsed_ok,
399dde7edb5b24cc,11/01/2024,dầu điêzen 0.05S,DIESEL,19.707,19707.0,19.707,19707.0,0,0,đồng/lít,table+text,parsed_ok,
399dde7edb5b24cc,11/01/2024,xăng E5RON92,E5RON92,21.041,21041.0,21.041,21041.0,0,0,đồng/lít,table+text,parsed_ok,
399dde7edb5b24cc,11/01/2024,dầu madút 180CST 3.5S,MAZUT,15.815,15815.0,15.815,15815.0,300,0,đồng/kg,table+text,parsed_ok,
399dde7edb5b24cc,11/01/2024,xăng RON95-III,RON95_III,21.935,21935.0,21.935,21935.0,0,0,đồng/lít,table+text,parsed_ok,
480538d6506f8b0e,04/01/2024,dầu điêzen 0.05S,DIESEL,19.368,19368.0,19.368,19368.0,0,0,đồng/lít,table+text,parsed_ok,
480538d6506f8b0e,04/01/2024,xăng E5RON92,E5RON92,21.006,21006.0,21.006,21006.0,0,0,đồng/lít,table+text,parsed_ok,
480538d6506f8b0e,04/01/2024,dầu madút 180CST 3.5S,MAZUT,15.495,15495.0,15.495,15495.0,300,0,đồng/kg,table+text,parsed_ok,
480538d6506f8b0e,04/01/2024,xăng RON95-III,RON95_III,21.916,21916.0,21.916,21916.0,0,0,đồng/lít,table+text,parsed_ok,
945757bbd05ecc2f,28/12/2023,dầu điêzen 0.05S,DIESEL,19.788,19788.0,19.788,19788.0,0,0,đồng/lít,table+text,parsed_ok,
945757bbd05ecc2f,28/12/2023,xăng E5RON92,E5RON92,21.186,21186.0,21.186,21186.0,0,0,đồng/lít,table+text,parsed_ok,
945757bbd05ecc2f,28/12/2023,dầu madút 180CST 3.5S,MAZUT,15.685,15685.0,15.685,15685.0,300,0,đồng/kg,table+text,parsed_ok,
945757bbd05ecc2f,28/12/2023,xăng RON95-III,RON95_III,22.148,22148.0,22.148,22148.0,0,0,đồng/lít,table+text,parsed_ok,
d1a4c5a312499c97,21/12/2023,dầu điêzen 0.05S,DIESEL,19.524,19524.0,19.524,19524.0,0,0,đồng/lít,table+text,parsed_ok,
d1a4c5a312499c97,21/12/2023,xăng E5RON92,E5RON92,21.199,21199.0,21.199,21199.0,0,0,đồng/lít,table+text,parsed_ok,
d1a4c5a312499c97,21/12/2023,dầu madút 180CST 3.5S,MAZUT,15.265,15265.0,15.265,15265.0,300,0,đồng/kg,table+text,parsed_ok,
d1a4c5a312499c97,21/12/2023,xăng RON95-III,RON95_III,22.145,22145.0,22.145,22145.0,0,0,đồng/lít,table+text,parsed_ok,
246edd7078b758a3,14/12/2023,dầu điêzen 0.05S,DIESEL,19.010,19010.0,19.010,19010.0,0,0,đồng/lít,table+text,parsed_ok,
246edd7078b758a3,14/12/2023,xăng E5RON92,E5RON92,20.512,20512.0,20.512,20512.0,0,0,đồng/lít,table+text,parsed_ok,
246edd7078b758a3,14/12/2023,dầu madút 180CST 3.5S,MAZUT,14.978,14978.0,14.978,14978.0,300,0,đồng/kg,table+text,parsed_ok,
246edd7078b758a3,14/12/2023,xăng RON95-III,RON95_III,21.405,21405.0,21.405,21405.0,0,0,đồng/lít,table+text,parsed_ok,
2b0db8a727377890,07/12/2023,dầu điêzen 0.05S,DIESEL,19.721,19721.0,19.721,19721.0,0,0,đồng/lít,table+text,parsed_ok,
2b0db8a727377890,07/12/2023,xăng E5RON92,E5RON92,21.290,21290.0,21.290,21290.0,0,0,đồng/lít,table+text,parsed_ok,
2b0db8a727377890,07/12/2023,dầu madút 180CST 3.5S,MAZUT,15.527,15527.0,15.527,15527.0,0,0,đồng/kg,table+text,parsed_ok,
2b0db8a727377890,07/12/2023,xăng RON95-III,RON95_III,22.322,22322.0,22.322,22322.0,0,0,đồng/lít,table+text,parsed_ok,
8ee7aaa1a9b516d5,23/11/2023,dầu điêzen 0.05S,DIESEL,20.283,20283.0,20.283,20283.0,0,0,đồng/lít,table+text,parsed_ok,
8ee7aaa1a9b516d5,23/11/2023,xăng E5RON92,E5RON92,21.690,21690.0,21.690,21690.0,0,0,đồng/lít,table+text,parsed_ok,
8ee7aaa1a9b516d5,23/11/2023,dầu madút 180CST 3.5S,MAZUT,15.638,15638.0,15.638,15638.0,0,0,đồng/kg,table+text,parsed_ok,
8ee7aaa1a9b516d5,23/11/2023,xăng RON95-III,RON95_III,23.024,23024.0,23.024,23024.0,0,0,đồng/lít,table+text,parsed_ok,
70f8b30d2d17ee47,13/11/2023,dầu điêzen 0.05S,DIESEL,20.888,20888.0,20.888,20888.0,0,0,đồng/lít,table+text,parsed_ok,
70f8b30d2d17ee47,13/11/2023,xăng E5RON92,E5RON92,22.274,22274.0,22.274,22274.0,0,0,đồng/lít,table+text,parsed_ok,
70f8b30d2d17ee47,13/11/2023,dầu madút 180CST 3.5S,MAZUT,15.623,15623.0,15.623,15623.0,0,0,đồng/kg,table+text,parsed_ok,
70f8b30d2d17ee47,13/11/2023,xăng RON95-III,RON95_III,23.530,23530.0,23.530,23530.0,0,0,đồng/lít,table+text,parsed_ok,
b2185f4d39bb3e80,01/11/2023,dầu điêzen 0.05S,DIESEL,21.940,21940.0,21.940,21940.0,0,0,đồng/lít,table+text,parsed_ok,
b2185f4d39bb3e80,01/11/2023,xăng E5RON92,E5RON92,22.614,22614.0,22.614,22614.0,0,0,đồng/lít,table+text,parsed_ok,
b2185f4d39bb3e80,01/11/2023,dầu madút 180CST 3.5S,MAZUT,16.240,16240.0,16.240,16240.0,0,0,đồng/kg,table+text,parsed_ok,
b2185f4d39bb3e80,01/11/2023,xăng RON95-III,RON95_III,23.929,23929.0,23.929,23929.0,0,0,đồng/lít,table+text,parsed_ok,
43277a15a463ab8b,23/10/2023,dầu điêzen 0.05 S,DIESEL,22.489,22489.0,22.489,22489.0,0,0,đồng/lít,table+text,parsed_ok,
43277a15a463ab8b,23/10/2023,xăng E5RON92,E5RON92,22.365,22365.0,22.365,22365.0,0,0,đồng/lít,table+text,parsed_ok,
43277a15a463ab8b,23/10/2023,dầu madút 180CST 3.5S,MAZUT,16.613,16613.0,16.613,16613.0,0,0,đồng/kg,table+text,parsed_ok,
43277a15a463ab8b,23/10/2023,xăng RON95-III,RON95_III,23.513,23513.0,23.513,23513.0,0,0,đồng/lít,table+text,parsed_ok,
ed822e601211d1a5,11/10/2023,dầu diezen 0.05S,DIESEL,22.410,22410.0,22.410,22410.0,0,0,đồng/lít,table+text,parsed_ok,
ed822e601211d1a5,11/10/2023,xăng E5RON92,E5RON92,21.907,21907.0,21.907,21907.0,0,0,đồng/lít,table+text,parsed_ok,
ed822e601211d1a5,11/10/2023,dầu madút 180CST 3.5S,MAZUT,16.238,16238.0,16.238,16238.0,0,0,đồng/kg,table+text,parsed_ok,
ed822e601211d1a5,11/10/2023,xăng RON95-III,RON95_III,23.044,23044.0,23.044,23044.0,0,0,đồng/lít,table+text,parsed_ok,
8cd59e4a8eb484d6,02/10/2023,dầu điêzen 0.05S,DIESEL,23.879,23879.0,23.594,23594.0,0,285,đồng/lít,table+text,parsed_ok,
8cd59e4a8eb484d6,02/10/2023,xăng E5RON92,E5RON92,23.502,23502.0,23.502,23502.0,0,0,đồng/lít,table+text,parsed_ok,
8cd59e4a8eb484d6,02/10/2023,dầu madút 180CST 3.5S,MAZUT,17.452,17452.0,17.452,17452.0,0,0,đồng/kg,table+text,parsed_ok,
8cd59e4a8eb484d6,02/10/2023,xăng RON95-III,RON95_III,24.842,24842.0,24.842,24842.0,0,0,đồng/lít,table+text,parsed_ok,
142d9dbbc40b7b10,11/09/2023,dầu điêzen 0.05S,DIESEL,23.055,23055.0,23.055,23055.0,0,0,đồng/lít,table+text,parsed_ok,
142d9dbbc40b7b10,11/09/2023,xăng E5RON92,E5RON92,23.493,23493.0,23.471,23471.0,0,22,đồng/lít,table+text,parsed_ok,
142d9dbbc40b7b10,11/09/2023,dầu madút 180CST 3.5S,MAZUT,17.731,17731.0,17.704,17704.0,0,27,đồng/kg,table+text,parsed_ok,
142d9dbbc40b7b10,11/09/2023,xăng RON95-III,RON95_III,24.885,24885.0,24.871,24871.0,0,14,đồng/lít,table+text,parsed_ok,
fda83b07610d6d7a,05/09/2023,dầu điêzen 0.05S,DIESEL,22.645,22645.0,22.645,22645.0,0,0,đồng/lít,table+text,parsed_ok,
fda83b07610d6d7a,05/09/2023,xăng E5RON92,E5RON92,23.471,23471.0,23.471,23471.0,0,0,đồng/lít,table+text,parsed_ok,
fda83b07610d6d7a,05/09/2023,dầu madút 180CST 3.5S,MAZUT,17.704,17704.0,17.704,17704.0,0,0,đồng/kg,table+text,parsed_ok,
fda83b07610d6d7a,05/09/2023,xăng RON95-III,RON95_III,24.871,24871.0,24.871,24871.0,0,0,đồng/lít,table+text,parsed_ok,
a8c0b5fd50c036e2,21/08/2023,dầu diezen 0.05S,DIESEL,22.354,22354.0,22.354,22354.0,0,0,đồng/lít,table+text,parsed_ok,
a8c0b5fd50c036e2,21/08/2023,xăng E5RON92,E5RON92,23.339,23339.0,23.339,23339.0,0,0,đồng/lít,table+text,parsed_ok,
a8c0b5fd50c036e2,21/08/2023,dầu madút 180CST 3.5S,MAZUT,17.981,17981.0,17.981,17981.0,0,0,đồng/kg,table+text,parsed_ok,
a8c0b5fd50c036e2,21/08/2023,xăng RON95-III,RON95_III,24.601,24601.0,24.601,24601.0,0,0,đồng/lít,table+text,parsed_ok,
d8065578e176113a,11/08/2023,dầu điêzen 0.05S,DIESEL,22.425,22425.0,22.425,22425.0,0,0,đồng/lít,table+text,parsed_ok,
d8065578e176113a,11/08/2023,xăng E5RON92,E5RON92,22.822,22822.0,22.822,22822.0,0,0,đồng/lít,table+text,parsed_ok,
d8065578e176113a,11/08/2023,dầu madút 180CST 3.5S,MAZUT,17.818,17818.0,17.668,17668.0,0,150,đồng/kg,table+text,parsed_ok,
d8065578e176113a,11/08/2023,xăng RON95-III,RON95_III,23.993,23993.0,23.993,23993.0,0,0,đồng/lít,table+text,parsed_ok,
7b0afe1983af5eae,01/08/2023,dầu điêzen 0.05S,DIESEL,21.012,21012.0,20.612,20612.0,0,300,đồng/lít,table+text,parsed_ok,
7b0afe1983af5eae,01/08/2023,xăng E5RON92,E5RON92,22.791,22791.0,22.791,22791.0,0,0,đồng/lít,table+text,parsed_ok,
7b0afe1983af5eae,01/08/2023,dầu madút 180CST 3.5S,MAZUT,16.531,16531.0,16.531,16531.0,0,0,đồng/kg,table+text,parsed_ok,
7b0afe1983af5eae,01/08/2023,xăng RON95-III,RON95_III,23.963,23963.0,23.963,23963.0,0,0,đồng/lít,table+text,parsed_ok,
357ddc491db7319f,21/07/2023,dầu điêzen 0.05S,DIESEL,19.500,19500.0,19.500,19500.0,0,0,đồng/lít,table+text,parsed_ok,
357ddc491db7319f,21/07/2023,xăng E5RON92,E5RON92,21.639,21639.0,21.639,21639.0,0,0,đồng/lít,table+text,parsed_ok,
357ddc491db7319f,21/07/2023,dầu madút 180CST 3.5S,MAZUT,15.725,15725.0,15.725,15725.0,0,0,đồng/kg,table+text,parsed_ok,
357ddc491db7319f,21/07/2023,xăng RON95-III,RON95_III,22.792,22792.0,22.792,22792.0,0,0,đồng/lít,table+text,parsed_ok,
1361570c641851c0,11/07/2023,dầu điêzen 0.05S,DIESEL,18.616,18616.0,18.616,18616.0,0,0,đồng/lít,table+text,parsed_ok,
1361570c641851c0,11/07/2023,xăng E5RON92,E5RON92,20.419,20419.0,20.419,20419.0,0,0,đồng/lít,table+text,parsed_ok,
1361570c641851c0,11/07/2023,dầu madút 180CST 3.5S,MAZUT,15.288,15288.0,15.288,15288.0,0,0,đồng/kg,table+text,parsed_ok,
1361570c641851c0,11/07/2023,xăng RON95-III,RON95_III,21.497,21497.0,21.497,21497.0,0,0,đồng/lít,table+text,parsed_ok,
c03572423c97770a,03/07/2023,dầu điêzen 0.05S,DIESEL,18.169,18169.0,18.169,18169.0,0,0,đồng/lít,table+text,parsed_ok,
c03572423c97770a,03/07/2023,xăng E5RON92,E5RON92,20.470,20470.0,20.470,20470.0,0,0,đồng/lít,table+text,parsed_ok,
c03572423c97770a,03/07/2023,dầu madút 180CST 3.5S,MAZUT,14.623,14623.0,14.623,14623.0,0,0,đồng/kg,table+text,parsed_ok,
c03572423c97770a,03/07/2023,xăng RON95-III,RON95_III,21.428,21428.0,21.428,21428.0,0,0,đồng/lít,table+text,parsed_ok,
27771f9191d04f48,21/06/2023,dầu điêzen 0.05S,DIESEL,18.174,18174.0,18.174,18174.0,100,0,đồng/lít,table+text,parsed_ok,
27771f9191d04f48,21/06/2023,xăng E5RON92,E5RON92,20.878,20878.0,20.878,20878.0,191,0,đồng/lít,table+text,parsed_ok,
27771f9191d04f48,21/06/2023,dầu madút 180CST 3.5S,MAZUT,14.587,14587.0,14.587,14587.0,100,0,đồng/kg,table+text,parsed_ok,
27771f9191d04f48,21/06/2023,xăng RON95-III,RON95_III,22.015,22015.0,22.015,22015.0,139,0,đồng/lít,table+text,parsed_ok,
b45983cc9ab1fbde,12/06/2023,dầu điêzen 0.05S,DIESEL,18.028,18028.0,18.028,18028.0,200,0,đồng/lít,table+text,parsed_ok,
b45983cc9ab1fbde,12/06/2023,xăng E5RON92,E5RON92,20.878,20878.0,20.878,20878.0,228,0,đồng/lít,table+text,parsed_ok,
b45983cc9ab1fbde,12/06/2023,dầu madút 180CST 3.5S,MAZUT,14.719,14719.0,14.719,14719.0,200,0,đồng/kg,table+text,parsed_ok,
b45983cc9ab1fbde,12/06/2023,xăng RON95-III,RON95_III,22.015,22015.0,22.015,22015.0,180,0,đồng/lít,table+text,parsed_ok,
f485f0044c0f9507,01/06/2023,dầu điêzen 0.05S,DIESEL,17.943,17943.0,17.943,17943.0,300,0,đồng/lít,table+text,parsed_ok,
f485f0044c0f9507,01/06/2023,xăng E5RON92,E5RON92,20.878,20878.0,20.878,20878.0,300,0,đồng/lít,table+text,parsed_ok,
f485f0044c0f9507,01/06/2023,dầu madút 180CST 3.5S,MAZUT,14.883,14883.0,14.883,14883.0,300,0,đồng/kg,table+text,parsed_ok,
f485f0044c0f9507,01/06/2023,xăng RON95-III,RON95_III,22.015,22015.0,22.015,22015.0,300,0,đồng/lít,table+text,parsed_ok,
c94e335cd2749250,22/05/2023,dầu điêzen 0.05S,DIESEL,17.954,17954.0,17.954,17954.0,300,0,đồng/lít,table+text,parsed_ok,
c94e335cd2749250,22/05/2023,xăng E5RON92,E5RON92,20.488,20488.0,20.488,20488.0,300,0,đồng/lít,table+text,parsed_ok,
c94e335cd2749250,22/05/2023,dầu madút 180CST 3.5S,MAZUT,15.158,15158.0,15.158,15158.0,300,0,đồng/kg,table+text,parsed_ok,
c94e335cd2749250,22/05/2023,xăng RON95-III,RON95_III,21.499,21499.0,21.499,21499.0,300,0,đồng/lít,table+text,parsed_ok,
8661319bed8ee03f,11/05/2023,dầu điêzen 0.05S,DIESEL,17.653,17653.0,17.653,17653.0,300,0,đồng/lít,table+text,parsed_ok,
8661319bed8ee03f,11/05/2023,xăng E5RON92,E5RON92,20.131,20131.0,20.131,20131.0,300,0,đồng/lít,table+text,parsed_ok,
8661319bed8ee03f,11/05/2023,dầu madút 180CST 3.5S,MAZUT,14.862,14862.0,14.862,14862.0,300,0,đồng/kg,table+text,parsed_ok,
8661319bed8ee03f,11/05/2023,xăng RON95-III,RON95_III,21.000,21000.0,21.000,21000.0,300,0,đồng/lít,table+text,parsed_ok,
7544bf287dcba3eb,04/05/2023,dầu điêzen 0.05S,DIESEL,18.254,18254.0,18.254,18254.0,300,0,đồng/lít,table+text,parsed_ok,
7544bf287dcba3eb,04/05/2023,xăng E5RON92,E5RON92,21.437,21437.0,21.437,21437.0,500,0,đồng/lít,table+text,parsed_ok,
7544bf287dcba3eb,04/05/2023,dầu madút 180CST 3.5S,MAZUT,15.509,15509.0,15.509,15509.0,300,0,đồng/kg,table+text,parsed_ok,
7544bf287dcba3eb,04/05/2023,xăng RON95-III,RON95_III,22.320,22320.0,22.320,22320.0,500,0,đồng/lít,table+text,parsed_ok,
a0c8df806dfbead2,21/04/2023,dầu điêzen 0.05S,DIESEL,19.397,19397.0,19.397,19397.0,300,0,đồng/lít,table+text,parsed_ok,
a0c8df806dfbead2,21/04/2023,xăng E5RON92,E5RON92,22.688,22688.0,22.688,22688.0,300,0,đồng/lít,table+text,parsed_ok,
a0c8df806dfbead2,21/04/2023,dầu madút 180CST 3.5S,MAZUT,15.843,15843.0,15.843,15843.0,0,0,đồng/kg,table+text,parsed_ok,
a0c8df806dfbead2,21/04/2023,xăng RON95-III,RON95_III,23.639,23639.0,23.639,23639.0,300,0,đồng/lít,table+text,parsed_ok,
9f73ec62433dbbd1,11/04/2023,dầu điêzen 0.05S,DIESEL,20.149,20149.0,20.149,20149.0,300,0,đồng/lít,table+text,parsed_ok,
9f73ec62433dbbd1,11/04/2023,xăng E5RON92,E5RON92,23.173,23173.0,23.173,23173.0,150,0,đồng/lít,table+text,parsed_ok,
9f73ec62433dbbd1,11/04/2023,dầu madút 180CST 3.5S,MAZUT,15.494,15494.0,15.194,15194.0,0,300,đồng/kg,table+text,parsed_ok,
9f73ec62433dbbd1,11/04/2023,xăng RON95-III,RON95_III,24.245,24245.0,24.245,24245.0,300,0,đồng/lít,table+text,parsed_ok,
be5be5091e9c6938,03/04/2023,dầu điêzen 0.05S,DIESEL,19.430,19430.0,19.430,19430.0,300,0,đồng/lít,table+text,parsed_ok,
be5be5091e9c6938,03/04/2023,xăng E5RON92,E5RON92,22.082,22082.0,22.082,22082.0,300,0,đồng/lít,table+text,parsed_ok,
be5be5091e9c6938,03/04/2023,dầu madút 180CST 3.5S,MAZUT,14.429,14429.0,14.429,14429.0,300,0,đồng/kg,table+text,parsed_ok,
be5be5091e9c6938,03/04/2023,xăng RON95-III,RON95_III,23.125,23125.0,23.125,23125.0,300,0,đồng/lít,table+text,parsed_ok,
49efd5c44d15cf3a,21/03/2023,dầu điêzen 0.05S,DIESEL,19.302,19302.0,19.302,19302.0,300,0,đồng/lít,table+text,parsed_ok,
49efd5c44d15cf3a,21/03/2023,xăng E5RON92,E5RON92,22.022,22022.0,22.022,22022.0,300,0,đồng/lít,table+text,parsed_ok,
49efd5c44d15cf3a,21/03/2023,dầu madút 180CST 3.5S,MAZUT,14.479,14479.0,14.479,14479.0,300,0,đồng/kg,table+text,parsed_ok,
49efd5c44d15cf3a,21/03/2023,xăng RON95-III,RON95_III,23.038,23038.0,23.038,23038.0,300,0,đồng/lít,table+text,parsed_ok,
d6c77bd41b73a3e8,13/03/2023,dầu diezen 0.05S,DIESEL,20.502,20502.0,20.502,20502.0,300,0,đồng/lít,table+text,parsed_ok,
d6c77bd41b73a3e8,13/03/2023,xăng E5RON92,E5RON92,22.806,22806.0,22.806,22806.0,300,0,đồng/lít,table+text,parsed_ok,
d6c77bd41b73a3e8,13/03/2023,dầu madút 180CST 3.5S,MAZUT,15.279,15279.0,15.279,15279.0,0,0,đồng/kg,table+text,parsed_ok,
d6c77bd41b73a3e8,13/03/2023,xăng RON95-III,RON95_III,23.818,23818.0,23.818,23818.0,300,0,đồng/lít,table+text,parsed_ok,
10ad0848e0137c45,01/03/2023,dầu điêzen 0.05S,DIESEL,20.255,20255.0,20.255,20255.0,500,0,đồng/lít,table+text,parsed_ok,
10ad0848e0137c45,01/03/2023,xăng E5RON92,E5RON92,22.421,22421.0,22.421,22421.0,250,0,đồng/lít,table+text,parsed_ok,
10ad0848e0137c45,01/03/2023,dầu madút 180CST 3.5S,MAZUT,14.555,14555.0,14.555,14555.0,0,0,đồng/kg,table+text,parsed_ok,
10ad0848e0137c45,01/03/2023,xăng RON95-III,RON95_III,23.325,23325.0,23.325,23325.0,200,0,đồng/lít,table+text,parsed_ok,
ed0322bf76c0f8c7,21/02/2023,dầu điêzen 0.05S,DIESEL,20.806,20806.0,20.806,20806.0,600,0,đồng/lít,table+text,parsed_ok,
ed0322bf76c0f8c7,21/02/2023,xăng E5RON92,E5RON92,22.542,22542.0,22.542,22542.0,0,0,đồng/lít,table+text,parsed_ok,
ed0322bf76c0f8c7,21/02/2023,dầu madút 180CST 3.5S,MAZUT,14.251,14251.0,14.251,14251.0,0,0,đồng/kg,table+text,parsed_ok,
ed0322bf76c0f8c7,21/02/2023,xăng RON95- III,RON95,23.443,23443.0,,,,,"đồng/lít,kg",table,parsed_partial,retail_price_raw;bog_contribution_raw;bog_spending_raw
ed0322bf76c0f8c7,21/02/2023,xăng RON95-III,RON95_III,,,23.443,23443.0,0,0,đồng/lít,text,parsed_partial,base_price_raw
40765525cb7249f3,13/02/2023,dầu điêzen 0.05S,DIESEL,21.562,21562.0,21.562,21562.0,600,0,đồng/lít,table+text,parsed_ok,
40765525cb7249f3,13/02/2023,xăng E5RON92,E5RON92,22.869,22869.0,22.869,22869.0,0,0,đồng/lít,table+text,parsed_ok,
40765525cb7249f3,13/02/2023,dầu madút 180CST 3.5S,MAZUT,13.636,13636.0,13.636,13636.0,200,0,đồng/kg,table+text,parsed_ok,
40765525cb7249f3,13/02/2023,xăng RON95-III,RON95_III,23.767,23767.0,23.767,23767.0,0,0,đồng/lít,table+text,parsed_ok,
495ad626e2357be6,30/01/2023,dầu điêzen 0.05S,DIESEL,22.524,22524.0,22.524,22524.0,200,0,đồng/lít,table+text,parsed_ok,
495ad626e2357be6,30/01/2023,xăng E5RON92,E5RON92,23.179,23179.0,22.329,22329.0,0,850,đồng/lít,table+text,parsed_ok,
495ad626e2357be6,30/01/2023,dầu madút 180CST 3.5S,MAZUT,13.934,13934.0,13.934,13934.0,200,0,đồng/kg,table+text,parsed_ok,
495ad626e2357be6,30/01/2023,xăng RON95-III,RON95_III,24.097,24097.0,23.147,23147.0,0,950,đồng/lít,table+text,parsed_ok,
8e438261ab8ba721,03/01/2023,dầu điêzen 0.05S,DIESEL,22.151,22151.0,22.151,22151.0,605,0,đồng/lít,table+text,parsed_ok,
8e438261ab8ba721,03/01/2023,xăng E5RON92,E5RON92,21 . 702,21702.0,21.352,21352.0,0,350,đồng/lít,table+text,parsed_ok,
8e438261ab8ba721,03/01/2023,dầu madút 180CST 3.5S,MAZUT,13.840,13840.0,13.740,13740.0,0,100,đồng/kg,table+text,parsed_ok,
8e438261ab8ba721,03/01/2023,xăng RON95- III,RON95,22.554,22554.0,,,,,"đồng/lít,kg",table,parsed_partial,retail_price_raw;bog_contribution_raw;bog_spending_raw
8e438261ab8ba721,03/01/2023,xăng RON95-III,RON95_III,,,22.154,22154.0,0,400,đồng/lít,text,parsed_partial,base_price_raw
c79d7ba7b8ef4266,21/12/2022,dầu điêzen 0.05S,DIESEL,21.601,21601.0,21.601,21601.0,800,0,đồng/lít,table+text,parsed_ok,
c79d7ba7b8ef4266,21/12/2022,xăng E5RON92,E5RON92,19.975,19975.0,19.975,19975.0,300,0,đồng/lít,table+text,parsed_ok,
c79d7ba7b8ef4266,21/12/2022,dầu madút 180CST 3.5S,MAZUT,12.863,12863.0,12.863,12863.0,500,0,đồng/kg,table+text,parsed_ok,
c79d7ba7b8ef4266,21/12/2022,xăng RON95-III,RON95_III,20.707,20707.0,20.707,20707.0,400,0,đồng/lít,table+text,parsed_ok,
ba1999135130c2f7,12/12/2022,dầu điêzen 0.05S,DIESEL,21.670,21670.0,21.670,21670.0,800,0,đồng/lít,table+text,parsed_ok,
ba1999135130c2f7,12/12/2022,xăng E5RON92,E5RON92,20.346,20346.0,20.346,20346.0,300,0,đồng/lít,table+text,parsed_ok,
ba1999135130c2f7,12/12/2022,dầu madút 180CST 3.5S,MAZUT,13.016,13016.0,1 3 .0 16,13016.0,500,0,đồng/kg,table+text,parsed_ok,
ba1999135130c2f7,12/12/2022,xăng RON95-III,RON95_III,21.200,21200.0,21.200,21200.0,400,0,đồng/lít,table+text,parsed_ok,
7b5d1e885986634b,01/12/2022,dầu điêzen 0.05S,DIESEL,23 . 213,23213.0,23.213,23213.0,700,0,đồng/lít,table+text,parsed_ok,
7b5d1e885986634b,01/12/2022,xăng E5RON92,E5RON92,21.679,21679.0,21.679,21679.0,300,0,đồng/lít,table+text,parsed_ok,
7b5d1e885986634b,01/12/2022,dầu madút 180CST 3.5S,MAZUT,13.953,13953.0,13.953,13953.0,500,0,đồng/kg,table+text,parsed_ok,
7b5d1e885986634b,01/12/2022,xăng RON95- III,RON95,22.704,22704.0,22.704,22704.0,400,0,đồng/lít,table+text,parsed_ok,
1c2b8cdeea92e049,21/11/2022,dầu điêzen 0.05S,DIESEL,24.801,24801.0,24.801,24801.0,300,0,đồng/lít,table+text,parsed_ok,
1c2b8cdeea92e049,21/11/2022,xăng E5RON92,E5RON92,22.671,22671.0,22. 6 71,22671.0,250,0,đồng/lít,table+text,parsed_ok,
1c2b8cdeea92e049,21/11/2022,dầu madút 180CST 3.5S,MAZUT,14.785,14785.0,14.785,14785.0,300,0,đồng/kg,table+text,parsed_ok,
1c2b8cdeea92e049,21/11/2022,xăng RON95-III,RON95_III,23.787,23787.0,23.787,23787.0,200,0,đồng/lít,table+text,parsed_ok,
6d08ab2941258dc4,11/11/2022,dầu điêzen 0.05S,DIESEL,24.983,24983.0,24.983,24983.0,0,0,đồng/lít,table+text,parsed_ok,
6d08ab2941258dc4,11/11/2022,xăng E5RON92,E5RON92,22.711,22711.0,22.711,22711.0,200,0,đồng/lít,table+text,parsed_ok,
6d08ab2941258dc4,11/11/2022,dầu madút 180CST 3.5S,MAZUT,14.760,14760.0,14.760,14760.0,300,0,đồng/kg,table+text,parsed_ok,
6d08ab2941258dc4,11/11/2022,xăng RON95-III,RON95_III,23.867,23867.0,23.867,23867.0,200,0,đồng/lít,table+text,parsed_ok,
07ee38d725b8d5b3,01/11/2022,dầu diêzen 0.05S,DIESEL,25.070,25070.0,25.070,25070.0,0,200,đồng/lít,table+text,parsed_ok,
07ee38d725b8d5b3,01/11/2022,xăng E5RON92,E5RON92,21.873,21873.0,2 1 . 873,21873.0,200,0,đồng/lít,table+text,parsed_ok,
07ee38d725b8d5b3,01/11/2022,dầu madút 180CST 3.5S,MAZUT,14.082,14082.0,1 4 .0 82,14082.0,500,0,đồng/kg,table+text,parsed_ok,
07ee38d725b8d5b3,01/11/2022,xăng RON95-III,RON95_III,22.756,22756.0,2 2 . 756,22756.0,300,0,đồng/lít,table+text,parsed_ok,
ab44c7f939abc832,21/10/2022,dầu điêzen 0.05S,DIESEL,24.783,24783.0,"24,783",24783.0,0,0,đồng/lít,table+text,parsed_ok,
ab44c7f939abc832,21/10/2022,xăng E5RON92,E5RON92,,,21.496,21496.0,200,0,đồng/lít,text,parsed_partial,base_price_raw
ab44c7f939abc832,21/10/2022,dầu madút 180CST 3.5S,MAZUT,13.899,13899.0,13 . 899,13899.0,708,0,đồng/kg,table+text,parsed_ok,
ab44c7f939abc832,21/10/2022,xăng R5RON92,RON92,21.4 96,21496.0,,,,,"đồng/lít,kg",table,parsed_partial,retail_price_raw;bog_contribution_raw;bog_spending_raw
ab44c7f939abc832,21/10/2022,xăng RON95-III,RON95_III,22.344,22344.0,22.344,22344.0,400,0,đồng/lít,table+text,parsed_ok,
8de10302b40389f8,11/10/2022,dầu điêzen 0.05S,DIESEL,24.387,24387.0,24.187,24187.0,0,200,đồng/lít,table+text,parsed_ok,
8de10302b40389f8,11/10/2022,xăng E5RON92,E5RON92,21.292,21292.0,2 1 . 292,21292.0,200,0,đồng/lít,table+text,parsed_ok,
8de10302b40389f8,11/10/2022,dầu madút 180CST 3.5S,MAZUT,14.094,14094.0,1 4 .0 94,14094.0,708,0,đồng/kg,table+text,parsed_ok,
8de10302b40389f8,11/10/2022,xăng RON95-III,RON95_III,22.007,22007.0,2 2 . 007,22007.0,400,0,đồng/lít,table+text,parsed_ok,
91e2b6fc28a24cd0,03/10/2022,dầu điêzen 0.05S,DIESEL,22.208,22208.0,2 2 . 208,22208.0,300,0,đồng/lít,table+text,parsed_ok,
91e2b6fc28a24cd0,03/10/2022,xăng E5RON92,E5RON92,20.732,20732.0,2 0 . 732,20732.0,451,0,đồng/lít,table+text,parsed_ok,
91e2b6fc28a24cd0,03/10/2022,dầu madút 180CST 3.5S,MAZUT,14.094,14094.0,1 4 .0 94,14094.0,741,0,đồng/kg,table+text,parsed_ok,
91e2b6fc28a24cd0,03/10/2022,xăng RON95-III,RON95_III,21.443,21443.0,2 1 . 443,21443.0,600,0,đồng/lít,table+text,parsed_ok,
3cc3281e00e1f740,21/09/2022,dầu diezen 0.05S,DIESEL,22.536,22536.0,22.536,22536.0,300,0,đồng/lít,table+text,parsed_ok,
3cc3281e00e1f740,21/09/2022,xăng E5RON92,E5RON92,21.781,21781.0,21.781,21781.0,451,0,đồng/lít,table+text,parsed_ok,
3cc3281e00e1f740,21/09/2022,dầu madút 180CST 3.5S,MAZUT,14.656,14656.0,14.656,14656.0,741,0,đồng/kg,table+text,parsed_ok,
3cc3281e00e1f740,21/09/2022,xăng RON95-III,RON95_III,22.584,22584.0,22.584,22584.0,450,0,đồng/lít,table+text,parsed_ok,
6bd96d345c95198d,12/09/2022,dầu diêzen 0.05S,DIESEL,24.180,24180.0,24.180,24180.0,90,0,đồng/lít,table+text,parsed_ok,
6bd96d345c95198d,12/09/2022,xăng E5RON92,E5RON92,22.231,22231.0,22.231,22231.0,451,0,đồng/lít,table+text,parsed_ok,
6bd96d345c95198d,12/09/2022,dầu madút 180CST 3.5S,MAZUT,15.039,15039.0,15.039,15039.0,741,0,đồng/kg,table+text,parsed_ok,
6bd96d345c95198d,12/09/2022,xăng RON95-III,RON95_III,23.215,23215.0,23.215,23215.0,450,0,đồng/lít,table+text,parsed_ok,
7509c8d23c4692d4,05/09/2022,dầu điêzen 0.05S,DIESEL,25.488,25488.0,25.188,25188.0,0,250,đồng/lít,table+text,parsed_ok,
7509c8d23c4692d4,05/09/2022,xăng E5RON92,E5RON92,23.359,23359.0,23.359,23359.0,451,451,đồng/lít,table+text,parsed_ok,
7509c8d23c4692d4,05/09/2022,dầu madút 180CST 3.5S,MAZUT,16.077,16077.0,16.077,16077.0,641,641,đồng/kg,table+text,parsed_ok,
7509c8d23c4692d4,05/09/2022,xăng RON95- III,RON95,24.230,24230.0,24.230,24230.0,493,493,đồng/lít,table+text,parsed_ok,
309c486d77f4e113,22/08/2022,dầu điêzen 0.05S,DIESEL,23.759,23759.0,23.759,23759.0,250,0,đồng/lít,table+text,parsed_ok,
309c486d77f4e113,22/08/2022,xăng E5RON92,E5RON92,23.725,23725.0,23.725,23725.0,451,0,đồng/lít,table+text,parsed_ok,
309c486d77f4e113,22/08/2022,dầu madút 180CST 3.5S,MAZUT,16.548,16548.0,16 . 548,16548.0,641,0,đồng/kg,table+text,parsed_ok,
309c486d77f4e113,22/08/2022,xăng RON95- III,RON95,24.669,24669.0,,,,,"đồng/lít,kg",table,parsed_partial,retail_price_raw;bog_contribution_raw;bog_spending_raw
309c486d77f4e113,22/08/2022,xăng RON95-III,RON95_III,,,24.669,24669.0,493,0,đồng/lít,text,parsed_partial,base_price_raw
4a4221308ef4c877,11/08/2022,dầu điêzen 0.05S,DIESEL,22.908,22908.0,22.908,22908.0,350,0,đồng/lít,table+text,parsed_ok,
4a4221308ef4c877,11/08/2022,xăng E5RON92,E5RON92,23.725,23725.0,23.725,23725.0,700,0,đồng/lít,table+text,parsed_ok,
4a4221308ef4c877,11/08/2022,dầu madút 180CST 3.5S,MAZUT,16.548,16548.0,16 . 548,16548.0,716,0,đồng/kg,table+text,parsed_ok,
4a4221308ef4c877,11/08/2022,xăng RON95- III,RON95,24.669,24669.0,,,,,"đồng/lít,kg",table,parsed_partial,retail_price_raw;bog_contribution_raw;bog_spending_raw
4a4221308ef4c877,11/08/2022,xăng RON95-III,RON95_III,,,24.669,24669.0,750,0,đồng/lít,text,parsed_partial,base_price_raw
0aadece0dfde5c6c,01/08/2022,dầu điêzen 0.05S,DIESEL,23.908,23908.0,23.908,23908.0,450,0,đồng/lít,table+text,parsed_ok,
0aadece0dfde5c6c,01/08/2022,xăng E5RON92,E5RON92,24.629,24629.0,24.629,24629.0,800,0,đồng/lít,table+text,parsed_ok,
0aadece0dfde5c6c,01/08/2022,dầu madút 180CST 3.5S,MAZUT,16.548,16548.0,16.548,16548.0,787,0,đồng/kg,table+text,parsed_ok,
0aadece0dfde5c6c,01/08/2022,xăng RON95- III,RON95,25.608,25608.0,,,,,"đồng/lít,kg",table,parsed_partial,retail_price_raw;bog_contribution_raw;bog_spending_raw
0aadece0dfde5c6c,01/08/2022,xăng RON95-III,RON95_III,,,25.608,25608.0,850,0,đồng/lít,text,parsed_partial,base_price_raw
55e2726618f71a73,21/07/2022,dầu điêzen 0.05S,DIESEL,24.858,24858.0,24.858,24858.0,550,0,đồng/lít,table+text,parsed_ok,
55e2726618f71a73,21/07/2022,xăng E5RON92,E5RON92,25.073,25073.0,25.073,25073.0,950,0,đồng/lít,table+text,parsed_ok,
55e2726618f71a73,21/07/2022,dầu madút 180CST 3.5S,MAZUT,16.548,16548.0,16.548,16548.0,950,0,đồng/kg,table+text,parsed_ok,
55e2726618f71a73,21/07/2022,xăng RON95- III,RON95,26.070,26070.0,,,,,"đồng/lít,kg",table,parsed_partial,retail_price_raw;bog_contribution_raw;bog_spending_raw
55e2726618f71a73,21/07/2022,xăng RON95-III,RON95_III,,,26.070,26070.0,950,0,đồng/lít,text,parsed_partial,base_price_raw
f58ac09cd7c09323,11/07/2022,dầu điêzen 0.05S,DIESEL,26.593,26593.0,26.593,26593.0,550,0,đồng/lít,table+text,parsed_ok,
f58ac09cd7c09323,11/07/2022,xăng E5RON92,E5RON92,27.788,27788.0,27.788,27788.0,950,0,đồng/lít,table+text,parsed_ok,
f58ac09cd7c09323,11/07/2022,dầu madút 180CST 3.5S,MAZUT,17.712,17712.0,17 . 712,17712.0,950,0,đồng/kg,table+text,parsed_ok,
f58ac09cd7c09323,11/07/2022,xăng RON95- III,RON95,29.675,29675.0,,,,,"đồng/lít,kg",table,parsed_partial,retail_price_raw;bog_contribution_raw;bog_spending_raw
f58ac09cd7c09323,11/07/2022,xăng RON95-III,RON95_III,,,29.675,29675.0,950,0,đồng/lít,text,parsed_partial,base_price_raw
10930402cc504c28,01/07/2022,dầu điêzen 0.05S,DIESEL,29.615,29615.0,29.615,29615.0,0,0,đồng/lít,table+text,parsed_ok,
10930402cc504c28,01/07/2022,xăng E5RON92,E5RON92,30.891,30891.0,3 0 . 891,30891.0,100,0,đồng/lít,table+text,parsed_ok,
10930402cc504c28,01/07/2022,dầu madút 180CST 3.5S,MAZUT,19.722,19722.0,19 . 722,19722.0,8 00,0,đồng/kg,table+text,parsed_ok,
10930402cc504c28,01/07/2022,xăng RON95- III,RON95,32.763,32763.0,,,,,"đồng/lít,kg",table,parsed_partial,retail_price_raw;bog_contribution_raw;bog_spending_raw
10930402cc504c28,01/07/2022,xăng RON95-III,RON95_III,,,3 2 . 763,32763.0,0,0,đồng/lít,text,parsed_partial,base_price_raw
194ebffe91342525,21/06/2022,dầu điêzen 0.05S,DIESEL,30.419,30419.0,30 . 019,30019.0,0,400,đồng/lít,table+text,parsed_ok,
194ebffe91342525,21/06/2022,xăng E5RON92,E5RON92,31.302,31302.0,3 1 . 302,31302.0,0,0,đồng/lít,table+text,parsed_ok,
194ebffe91342525,21/06/2022,dầu madút 180CST 3.5S,MAZUT,20.735,20735.0,20. 735,20735.0,300,0,đồng/kg,table+text,parsed_ok,
194ebffe91342525,21/06/2022,xăng RON95- III,RON95,32.873,32873.0,,,,,"đồng/lít,kg",table,parsed_partial,retail_price_raw;bog_contribution_raw;bog_spending_raw
194ebffe91342525,21/06/2022,xăng RON95-III,RON95_III,,,3 2 . 873,32873.0,0,0,đồng/lít,text,parsed_partial,base_price_raw
ffe7857cdb3d744e,13/06/2022,dầu điêzen 0.05S,DIESEL,29.420,29420.0,29.020,29020.0,0,400,đồng/lít,table+text,parsed_ok,
ffe7857cdb3d744e,13/06/2022,xăng E5RON92,E5RON92,31.217,31217.0,31.117,31117.0,0,100,đồng/lít,table+text,parsed_ok,
ffe7857cdb3d744e,13/06/2022,dầu madút 180CST 3.5S,MAZUT,20.357,20357.0,20.357,20357.0,300,0,đồng/kg,table+text,parsed_ok,
ffe7857cdb3d744e,13/06/2022,xăng RON95- III,RON95,32.575,32575.0,,,,,"đồng/lít,kg",table,parsed_partial,retail_price_raw;bog_contribution_raw;bog_spending_raw
ffe7857cdb3d744e,13/06/2022,xăng RON95-III,RON95_III,,,32.375,32375.0,0,200,đồng/lít,text,parsed_partial,base_price_raw
3169e41d1ed980b2,01/06/2022,dầu điêzen 0.05S,DIESEL,26.394,26394.0,26.394,26394.0,100,0,đồng/lít,table+text,parsed_ok,
3169e41d1ed980b2,01/06/2022,xăng E5RON92,E5RON92,30.335,30335.0,30.235,30235.0,0,100,đồng/lít,table+text,parsed_ok,
3169e41d1ed980b2,01/06/2022,dầu madút 180CST 3.5S,MAZUT,20.901,20901.0,20.901,20901.0,300,0,đồng/kg,table+text,parsed_ok,
3169e41d1ed980b2,01/06/2022,xăng RON95- III,RON95,32.078,32078.0,,,,,"đồng/lít,kg",table,parsed_partial,retail_price_raw;bog_contribution_raw;bog_spending_raw
3169e41d1ed980b2,01/06/2022,xăng RON95-III,RON95_III,,,31.578,31578.0,0,500,đồng/lít,text,parsed_partial,base_price_raw
7dde25b3be4c963d,23/05/2022,dầu điêzen 0.05S,DIESEL,25 . 553,25553.0,25.553,25553.0,300,0,đồng/lít,table+text,parsed_ok,
7dde25b3be4c963d,23/05/2022,xăng E5RON92,E5RON92,29.733,29733.0,29.633,29633.0,0,100,đồng/lít,table+text,parsed_ok,
7dde25b3be4c963d,23/05/2022,dầu madút 180CST 3.5S,MAZUT,20.598,20598.0,20.598,20598.0,400,0,đồng/kg,table+text,parsed_ok,
7dde25b3be4c963d,23/05/2022,xăng RON95 -III,RON95,30.957,30957.0,,,,,"đồng/lít,kg",table,parsed_partial,retail_price_raw;bog_contribution_raw;bog_spending_raw
7dde25b3be4c963d,23/05/2022,xăng RON95-III,RON95_III,,,30.657,30657.0,0,300,đồng/lít,text,parsed_partial,base_price_raw
f5341afafd87415c,11/05/2022,dầu điêzen 0.05S,DIESEL,26.650,26650.0,26.650,26650.0,100,0,đồng/lít,table+text,parsed_ok,
f5341afafd87415c,11/05/2022,xăng E5RON92,E5RON92,28 . 959,28959.0,28.959,28959.0,100,0,đồng/lít,table+text,parsed_ok,
f5341afafd87415c,11/05/2022,dầu madút 180CST 3.5S,MAZUT,21.593,21593.0,21 . 560,21560.0,0,33,đồng/kg,table+text,parsed_ok,
f5341afafd87415c,11/05/2022,xăng RON95- III,RON95,29.988,29988.0,,,,,"đồng/lít,kg",table,parsed_partial,retail_price_raw;bog_contribution_raw;bog_spending_raw
f5341afafd87415c,11/05/2022,xăng RON95-III,RON95_III,,,29.988,29988.0,100,0,đồng/lít,text,parsed_partial,base_price_raw
82c9378e78d2a187,04/05/2022,dầu điêzen 0.05S,DIESEL,25.530,25530.0,25.530,25530.0,100,0,đồng/lít,table+text,parsed_ok,
82c9378e78d2a187,04/05/2022,xăng E5RON92,E5RON92,27.468,27468.0,27.468,27468.0,300,0,đồng/lít,table+text,parsed_ok,
82c9378e78d2a187,04/05/2022,dầu madút 180CST 3.5S,MAZUT,21.560,21560.0,21.560,21560.0,0,0,đồng/kg,table+text,parsed_ok,
82c9378e78d2a187,04/05/2022,xăng RON95- III,RON95,28.434,28434.0,28 . 434,28434.0,400,0,đồng/lít,table+text,parsed_ok,
5220c6dff4aaca33,21/04/2022,dầu điêzen 0.05S,DIESEL,25.359,25359.0,25.359,25359.0,100,0,đồng/lít,table+text,parsed_ok,
5220c6dff4aaca33,21/04/2022,xăng E5RON92,E5RON92,27.134,27134.0,27.134,27134.0,400,0,đồng/lít,table+text,parsed_ok,
5220c6dff4aaca33,21/04/2022,dầu madút 180CST 3.5S,MAZUT,22.050,22050.0,21 . 800,21800.0,0,250,đồng/kg,table+text,parsed_ok,
5220c6dff4aaca33,21/04/2022,xăng RON95- I II,RON95,,,27.992,27992.0,,,đồng/lít,text,parsed_partial,base_price_raw;bog_contribution_raw;bog_spending_raw
5220c6dff4aaca33,21/04/2022,xăng RON95-III,RON95_III,27.992,27992.0,,,500,0,"đồng/lít,kg",table,parsed_partial,retail_price_raw
84317f90fa0b02e2,12/04/2022,dầu điêzen 0.05S,DIESEL,24.380,24380.0,24.380,24380.0,500,0,đồng/lít,table+text,parsed_ok,
84317f90fa0b02e2,12/04/2022,xăng E5RON92,E5RON92,26.471,26471.0,26.471,26471.0,550,0,đồng/lít,table+text,parsed_ok,
84317f90fa0b02e2,12/04/2022,dầu madút 1 8 0CST 3.5S,MAZUT,21.410,21410.0,20.929,20929.0,0,481,đồng/kg,table+text,parsed_ok,
84317f90fa0b02e2,12/04/2022,xăng RON95-111,RON95,27.317,27317.0,,,,,"đồng/lít,kg",table,parsed_partial,retail_price_raw;bog_contribution_raw;bog_spending_raw
84317f90fa0b02e2,12/04/2022,xăng RON95-III,RON95_III,,,27.317,27317.0,650,0,đồng/lít,text,parsed_partial,base_price_raw
2e42fd3b491f83e0,01/04/2022,dầu điêzen 0.05S,DIESEL,25.080,25080.0,25.080,25080.0,100,0,đồng/lít,table+text,parsed_ok,
2e42fd3b491f83e0,01/04/2022,xăng E5RON92,E5RON92,27.309,27309.0,27.309,27309.0,250,0,đồng/lít,table+text,parsed_ok,
2e42fd3b491f83e0,01/04/2022,dầu madút 180CST 3.5S,MAZUT,20.929,20929.0,20.929,20929.0,0,0,đồng/kg,table+text,parsed_ok,
2e42fd3b491f83e0,01/04/2022,xăng RON95-III,RON95_III,28.153,28153.0,28.153,28153.0,200,0,đồng/lít,table+text,parsed_ok,
c69e778b4c04b065,21/03/2022,dầu điêzen 0.05S,DIESEL,23.633,23633.0,23.633,23633.0,400,0,đồng/lít,table+text,parsed_ok,
c69e778b4c04b065,21/03/2022,xăng E5RON92,E5RON92,28.330,28330.0,28.330,28330.0,200,0,đồng/lít,table+text,parsed_ok,
c69e778b4c04b065,21/03/2022,dầu madút 180CST 3.5S,MAZUT,20.423,20423.0,20.423,20423.0,0,0,đồng/kg,table+text,parsed_ok,
c69e778b4c04b065,21/03/2022,xăng RON95-III,RON95_III,29.192,29192.0,29.192,29192.0,50,0,đồng/lít,table+text,parsed_ok,
236e6ac37c0ba8b2,11/03/2022,dầu điêzen 0.05S,DIESEL,26.768,26768.0,25.268,25268.0,0,1500,đồng/lít,table+text,parsed_ok,
236e6ac37c0ba8b2,11/03/2022,xăng E5RON92,E5RON92,29.735,29735.0,28.985,28985.0,0,750,đồng/lít,table+text,parsed_ok,
236e6ac37c0ba8b2,11/03/2022,dầu madút 180CST 3.5S,MAZUT,20.987,20987.0,20.987,20987.0,0,0,đồng/kg,table+text,parsed_ok,
236e6ac37c0ba8b2,11/03/2022,xăng RON95- III,RON95,30.824,30824.0,,,,,"đồng/lít,kg",table,parsed_partial,retail_price_raw;bog_contribution_raw;bog_spending_raw
236e6ac37c0ba8b2,11/03/2022,xăng RON95-III,RON95_III,,,29.824,29824.0,0,1000,đồng/lít,text,parsed_partial,base_price_raw
7c1d00521c3e88b1,01/03/2022,dầu điêzen 0.05S,DIESEL,21.610,21610.0,21.310,21310.0,0,300,đồng/lít,table+text,parsed_ok,
7c1d00521c3e88b1,01/03/2022,xăng E5RON92,E5RON92,26.327,26327.0,26.077,26077.0,0,250,đồng/lít,table+text,parsed_ok,
7c1d00521c3e88b1,01/03/2022,dầu madút 180CST 3.5S,MAZUT,18.468,18468.0,18.468,18468.0,300,0,đồng/kg,table+text,parsed_ok,
7c1d00521c3e88b1,01/03/2022,xăng RON95-III,RON95_III,27.054,27054.0,26.834,26834.0,0,220,đồng/lít,table+text,parsed_ok,
2c07ff6be9ca9534,21/02/2022,dầu diezen 0.05S,DIESEL,21.101,21101.0,"20,801",20801.0,0,300,đồng/lít,table+text,parsed_ok,
2c07ff6be9ca9534,21/02/2022,xăng E5RON92,E5RON92,25.782,25782.0,25.532,25532.0,0,250,đồng/lít,table+text,parsed_ok,
2c07ff6be9ca9534,21/02/2022,dầu madút 180CST 3.5S,MAZUT,17.932,17932.0,17.932,17932.0,300,0,đồng/kg,table+text,parsed_ok,
2c07ff6be9ca9534,21/02/2022,xăng RON95- III,RON95,26.387,26387.0,,,,,"đồng/lít,kg",table,parsed_partial,retail_price_raw;bog_contribution_raw;bog_spending_raw
2c07ff6be9ca9534,21/02/2022,xăng RON95-III,RON95_III,,,26.287,26287.0,0,100,đồng/lít,text,parsed_partial,base_price_raw
e7cdde7fc9b4e0f2,11/02/2022,dầu diezen 0.05S,DIESEL,20.265,20265.0,19.865,19865.0,0,400,đồng/lít,table+text,parsed_ok,
e7cdde7fc9b4e0f2,11/02/2022,xăng E5RON92,E5RON92,24.771,24771.0,24.571,24571.0,0,200,đồng/lít,table+text,parsed_ok,
e7cdde7fc9b4e0f2,11/02/2022,dầu madút 180CST 3.5S,MAZUT,17.659,17659.0,17.659,17659.0,300,0,đồng/kg,table+text,parsed_ok,
e7cdde7fc9b4e0f2,11/02/2022,Xáng RON95-III,RON95_III,25.322,25322.0,25.322,25322.0,50,0,đồng/lít,table+text,parsed_ok,
072465adfb554761,21/01/2022,dầu diezen 0.05S,DIESEL,19.303,19303.0,18.903,18903.0,0,400,đồng/lít,table+text,parsed_ok,
072465adfb554761,21/01/2022,xăng E5RON92,E5RON92,23.795,23795.0,23.595,23595.0,0,200,đồng/lít,table+text,parsed_ok,
072465adfb554761,21/01/2022,dầu madút 180CST 3.5S,MAZUT,16.993,16993.0,16.993,16993.0,300,0,đồng/kg,table+text,parsed_ok,
072465adfb554761,21/01/2022,xăng RON95- III,RON95,24.360,24360.0,,,,,"đồng/lít,kg",table,parsed_partial,retail_price_raw;bog_contribution_raw;bog_spending_raw
072465adfb554761,21/01/2022,xăng RON95-III,RON95_III,,,24.360,24360.0,200,0,đồng/lít,text,parsed_partial,base_price_raw
6cfdc092eeb3dca7,11/01/2022,dầu điêzen 0.05S,DIESEL,18.239,18239.0,18.239,18239.0,100,0,đồng/lít,table+text,parsed_ok,
6cfdc092eeb3dca7,11/01/2022,xăng E5RON92,E5RON92,23.159,23159.0,23.159,23159.0,100,0,đồng/lít,table+text,parsed_ok,
6cfdc092eeb3dca7,11/01/2022,dầu madút 180CST 3.5S,MAZUT,16.362,16362.0,16.362,16362.0,500,0,đồng/kg,table+text,parsed_ok,
6cfdc092eeb3dca7,11/01/2022,xăng RON95-III,RON95_III,23.876,23876.0,23.876,23876.0,450,0,đồng/lít,table+text,parsed_ok,
454489abd5c080db,25/12/2021,dầu điêzen 0.05S,DIESEL,17.579,17579.0,17.579,17579.0,200,0,đồng/lít,table+text,parsed_ok,
454489abd5c080db,25/12/2021,xăng E5RON92,E5RON92,22.550,22550.0,22.550,22550.0,100,0,đồng/lít,table+text,parsed_ok,
454489abd5c080db,25/12/2021,dầu madút 180CST 3.5S,MAZUT,15.745,15745.0,15.745,15745.0,552,0,đồng/kg,table+text,parsed_ok,
454489abd5c080db,25/12/2021,xăng RON95-III,RON95_III,23.295,23295.0,23.295,23295.0,550,0,đồng/lít,table+text,parsed_ok,
72b4b296d7c8b304,10/12/2021,dầu điêzen 0.05S,DIESEL,17.334,17334.0,17.334,17334.0,250,0,đồng/lít,table+text,parsed_ok,
72b4b296d7c8b304,10/12/2021,xăng E5RON92,E5RON92,22.082,22082.0,22.082,22082.0,250,0,đồng/lít,table+text,parsed_ok,
72b4b296d7c8b304,10/12/2021,dầu madút 180CST 3.5S,MAZUT,15.745,15745.0,15.745,15745.0,700,0,đồng/kg,table+text,parsed_ok,
72b4b296d7c8b304,10/12/2021,xăng RON95- III,RON95,,,22.801,22801.0,,,đồng/lít,text,parsed_partial,base_price_raw;bog_contribution_raw;bog_spending_raw
72b4b296d7c8b304,10/12/2021,xăng RON95-III,RON95_III,22.801,22801.0,,,700,0,"đồng/lít,kg",table,parsed_partial,retail_price_raw
3559d236b812dfcd,25/11/2021,dầu điêzen 0.05S,DIESEL,18.382,18382.0,18.382,18382.0,150,0,đồng/lít,table+text,parsed_ok,
3559d236b812dfcd,25/11/2021,xăng E5RON92,E5RON92,23.217,23217.0,22.917,22917.0,0,300,đồng/lít,table+text,parsed_ok,
3559d236b812dfcd,25/11/2021,dầu madút 18 0 CST 3. 5 S,MAZUT,16.477,16477.0,16.477,16477.0,500,0,đồng/kg,table+text,parsed_ok,
3559d236b812dfcd,25/11/2021,xăng RON95-III,RON95_III,23.902,23902.0,23.902,23902.0,300,0,đồng/lít,table+text,parsed_ok,
b41e561195c91720,10/11/2021,dầu diezen 0.05S,DIESEL,18.724,18724.0,18.716,18716.0,0,08,đồng/lít,table+text,parsed_ok,
b41e561195c91720,10/11/2021,xăng E5RON92,E5RON92,24.469,24469.0,23.669,23669.0,0,800,đồng/lít,table+text,parsed_ok,
b41e561195c91720,10/11/2021,dầu madút 180CST 3.5S,MAZUT,16.821,16821.0,16.821,16821.0,500,0,đồng/kg,table+text,parsed_ok,
b41e561195c91720,10/11/2021,xăng RON95-III,RON95_III,25.096,25096.0,24.996,24996.0,0,100,đồng/lít,table+text,parsed_ok,
ea44ca29da438dc5,26/10/2021,dầu điêzen 0.05S,DIESEL,18.866,18866.0,18.716,18716.0,0,150,đồng/lít,table+text,parsed_ok,
ea44ca29da438dc5,26/10/2021,xăng E5RON92,E5RON92,24.210,24210.0,23.110,23110.0,0,1.100,đồng/lít,table+text,parsed_ok,
ea44ca29da438dc5,26/10/2021,dầu madút 180CST 3.5S,MAZUT,17.210,17210.0,17.210,17210.0,100,0,đồng/kg,table+text,parsed_ok,
ea44ca29da438dc5,26/10/2021,xăng RON95-III,RON95_III,24.738,24738.0,24.338,24338.0,0,400,đồng/lít,table+text,parsed_ok,
55827b3e640c7586,11/10/2021,dầu điêzen 0.05S,DIESEL,17.695,17695.0,17.545,17545.0,0,150,đồng/lít,table+text,parsed_ok,
55827b3e640c7586,11/10/2021,xăng E5RON92,E5RON92,22.633,22633.0,21.683,21683.0,0,950,đồng/lít,table+text,parsed_ok,
55827b3e640c7586,11/10/2021,dầu madút 180CST 3.5S,MAZUT,17.097,17097.0,17.097,17097.0,100,0,đồng/kg,table+text,parsed_ok,
55827b3e640c7586,11/10/2021,xăng RON95-III,RON95_III,22.879,22879.0,22.879,22879.0,0,0,đồng/lít,table+text,parsed_ok,
2a7b98f03827a3f9,25/09/2021,dầu điêzen 0.05S,DIESEL,16.586,16586.0,16.586,16586.0,200,0,đồng/lít,table+text,parsed_ok,
2a7b98f03827a3f9,25/09/2021,xăng E5RON92,E5RON92,21.566,21566.0,20.716,20716.0,0,850,đồng/lít,table+text,parsed_ok,
2a7b98f03827a3f9,25/09/2021,dầu madút 180CST 3.5S,MAZUT,16.580,16580.0,16.580,16580.0,100,0,đồng/kg,table+text,parsed_ok,
2a7b98f03827a3f9,25/09/2021,xăng RON95-III,RON95_III,21.945,21945.0,21.945,21945.0,150,0,đồng/lít,table+text,parsed_ok,
25f909e5f880c572,10/09/2021,dầu điêzen 0.05S,DIESEL,16.022,16022.0,16.022,16022.0,200,0,đồng/lít,table+text,parsed_ok,
25f909e5f880c572,10/09/2021,xăng E5RON92,E5RON92,21.043,21043.0,20.143,20143.0,0,900,đồng/lít,table+text,parsed_ok,
25f909e5f880c572,10/09/2021,dầu madút 180CST 3.5S,MAZUT,15.952,15952.0,15.952,15952.0,100,0,đồng/kg,table+text,parsed_ok,
25f909e5f880c572,10/09/2021,xăng RON95-III,RON95_III,21.397,21397.0,21.397,21397.0,150,0,đồng/lít,table+text,parsed_ok,
fbc438476304231f,26/08/2021,dầu điêzen 0.05S,DIESEL,15.667,15667.0,15.667,15667.0,400,0,đồng/lít,table+text,parsed_ok,
fbc438476304231f,26/08/2021,xăng E5RON92,E5RON92,20.841,20841.0,19.891,19891.0,0,950,đồng/lít,table+text,parsed_ok,
fbc438476304231f,26/08/2021,dầu madút 180CST 3.5S,MAZUT,15.055,15055.0,15.055,15055.0,300,0,đồng/kg,table+text,parsed_ok,
fbc438476304231f,26/08/2021,xăng RON95-III,RON95_III,21.131,21131.0,21.131,21131.0,150,0,đồng/lít,table+text,parsed_ok,
ca09ee3139976bf4,11/08/2021,dầu điêzen 0.05S,DIESEL,16.173,16173.0,16.173,16173.0,100,0,đồng/lít,table+text,parsed_ok,
ca09ee3139976bf4,11/08/2021,xăng E5RON92,E5RON92,21.755,21755.0,20.498,20498.0,0,1.257,đồng/lít,table+text,parsed_ok,
ca09ee3139976bf4,11/08/2021,dầu madút 180CST 3.5S,MAZUT,15.405,15405.0,15.405,15405.0,150,0,đồng/kg,table+text,parsed_ok,
ca09ee3139976bf4,11/08/2021,xăng RON95- III,RON95,21.982,21982.0,,,,,"đồng/lít,kg",table,parsed_partial,retail_price_raw;bog_contribution_raw;bog_spending_raw
ca09ee3139976bf4,11/08/2021,xăng RON95-III,RON95_III,,,21.681,21681.0,0,301,đồng/lít,text,parsed_partial,base_price_raw
e2aba3cc77fe2c0b,27/07/2021,dầu điêzen 0.05S,DIESEL,16.375,16375.0,16.375,16375.0,200,0,đồng/lít,table+text,parsed_ok,
e2aba3cc77fe2c0b,27/07/2021,xăng E5RON92,E5RON92,21.748,21748.0,20.498,20498.0,0,1.250,đồng/lít,table+text,parsed_ok,
e2aba3cc77fe2c0b,27/07/2021,dầu madút 180CST 3.5S,MAZUT,15.522,15522.0,15.522,15522.0,300,0,đồng/kg,table+text,parsed_ok,
e2aba3cc77fe2c0b,27/07/2021,xăng RON95-III,RON95_III,21.981,21981.0,21.681,21681.0,0,300,đồng/lít,table+text,parsed_ok,
6bfaa9d6a3da55a6,12/07/2021,dầu điêzen 0.05S,DIESEL,16.537,16537.0,16.537,16537.0,200,0,đồng/lít,table+text,parsed_ok,
6bfaa9d6a3da55a6,12/07/2021,xăng E5RON92,E5RON92,21.910,21910.0,20.610,20610.0,0,1.300,đồng/lít,table+text,parsed_ok,
6bfaa9d6a3da55a6,12/07/2021,dầu madút 180CST 3.5S,MAZUT,15.670,15670.0,15.670,15670.0,300,0,đồng/kg,table+text,parsed_ok,
6bfaa9d6a3da55a6,12/07/2021,xăng RON95- III,RON95,22.133,22133.0,,,,,"đồng/lít,kg",table,parsed_partial,retail_price_raw;bog_contribution_raw;bog_spending_raw
6bfaa9d6a3da55a6,12/07/2021,xăng RON95-III,RON95_III,,,21.783,21783.0,0,350,đồng/lít,text,parsed_partial,base_price_raw
602027f03890d215,26/06/2021,dầu điêzen 0.05S,DIESEL,16.219,16219.0,16.119,16119.0,0,100,đồng/lít,table+text,parsed_ok,
602027f03890d215,26/06/2021,xăng E5RON92,E5RON92,21.260,21260.0,19.760,19760.0,0,1.500,đồng/lít,table+text,parsed_ok,
602027f03890d215,26/06/2021,dầu madút 180CST 3.5S,MAZUT,15.449,15449.0,15.449,15449.0,0,0,đồng/kg,table+text,parsed_ok,
602027f03890d215,26/06/2021,xăng RON95- III,RON95,21.416,21416.0,,,,,"đồng/lít,kg",table,parsed_partial,retail_price_raw;bog_contribution_raw;bog_spending_raw
602027f03890d215,26/06/2021,xăng RON95-III,RON95_III,,,20.916,20916.0,0,500,đồng/lít,text,parsed_partial,base_price_raw
c25ab0c229997983,11/06/2021,dầu điêzen 0.05S,DIESEL,15.748,15748.0,15.448,15448.0,0,300,đồng/lít,table+text,parsed_ok,
c25ab0c229997983,11/06/2021,xăng E5RON92,E5RON92,20.648,20648.0,19.048,19048.0,0,1.600,đồng/lít,table+text,parsed_ok,
c25ab0c229997983,11/06/2021,dầu madút 180CST 3.5S,MAZUT,14.945,14945.0,14.954,14954.0,0,0,đồng/kg,table+text,parsed_ok,
c25ab0c229997983,11/06/2021,xăng RON95-III,RON95_III,20.764,20764.0,20.164,20164.0,0,600,đồng/lít,table+text,parsed_ok,
8339c3bca900ecab,12/05/2021,dầu điêzen 0.05S,DIESEL,15.174,15174.0,14.774,14774.0,0,400,đồng/lít,table+text,parsed_ok,
8339c3bca900ecab,12/05/2021,xăng E5RON92,E5RON92,20.326,20326.0,18.426,18426.0,0,1.900,đồng/lít,table+text,parsed_ok,
8339c3bca900ecab,12/05/2021,dầu madút 180CST 3.5S,MAZUT,14.779,14779.0,14.279,14279.0,0,500,đồng/kg,table+text,parsed_ok,
8339c3bca900ecab,12/05/2021,xăng RON95- III,RON95,20.581,20581.0,,,,,"đồng/lít,kg",table,parsed_partial,retail_price_raw;bog_contribution_raw;bog_spending_raw
8339c3bca900ecab,12/05/2021,xăng RON95-III,RON95_III,,,19.531,19531.0,0,1.050,đồng/lít,text,parsed_partial,base_price_raw
b4f05a5c0d3ec1d3,12/04/2021,dầu điêzen 0.05S,DIESEL,14.391,14391.0,14.141,14141.0,0,250,đồng/lít,table+text,parsed_ok,
b4f05a5c0d3ec1d3,12/04/2021,xăng E5RON92,E5RON92,19.606,19606.0,17.806,17806.0,0,1.800,đồng/lít,table+text,parsed_ok,
b4f05a5c0d3ec1d3,12/04/2021,dầu madút 180CST 3.5S,MAZUT,14.187,14187.0,13.687,13687.0,0,500,đồng/kg,table+text,parsed_ok,
b4f05a5c0d3ec1d3,12/04/2021,xăng RON95-III,RON95_III,19.920,19920.0,18.970,18970.0,0,950,đồng/lít,table+text,parsed_ok,
8f97d11bbb23826a,27/03/2021,dầu điêzen 0.05S,DIESEL,14.743,14743.0,14.243,14243.0,0,500,đồng/lít,table+text,parsed_ok,
8f97d11bbb23826a,27/03/2021,xăng E5RON92,E5RON92,19.751,19751.0,17.851,17851.0,0,1.900,đồng/lít,table+text,parsed_ok,
8f97d11bbb23826a,27/03/2021,dầu madút 180CST 3.5S,MAZUT,14.357,14357.0,13.757,13757.0,0,600,đồng/kg,table+text,parsed_ok,
8f97d11bbb23826a,27/03/2021,xăng RON95-III,RON95_III,20.096,20096.0,19.046,19046.0,0,1.050,đồng/lít,table+text,parsed_ok,
365d82a975376d25,12/03/2021,dầu điêzen 0.05S,DIESEL,15.001,15001.0,14.401,14401.0,0,600,đồng/lít,table+text,parsed_ok,
365d82a975376d25,12/03/2021,xăng E5RON92,E5RON92,19.722,19722.0,17.722,17722.0,0,2.000,đồng/lít,table+text,parsed_ok,
365d82a975376d25,12/03/2021,dầu madút 180CST 3.5S,MAZUT,14.369,14369.0,13.769,13769.0,0,600,đồng/kg,table+text,parsed_ok,
365d82a975376d25,12/03/2021,xăng RON95 -III,RON95,19.981,19981.0,,,,,"đồng/lít,kg",table,parsed_partial,retail_price_raw;bog_contribution_raw;bog_spending_raw
365d82a975376d25,12/03/2021,xăng RON95-III,RON95_III,,,18.881,18881.0,0,1.100,đồng/lít,text,parsed_partial,base_price_raw
35db264c4642bb9e,25/02/2021,dầu điêzen 0.05S,DIESEL,14.693,14693.0,13.843,13843.0,0,850,đồng/lít,table+text,parsed_ok,
35db264c4642bb9e,25/02/2021,xăng E5RON92,E5RON92,19.031,19031.0,17.031,17031.0,0,2.000,đồng/lít,table+text,parsed_ok,
35db264c4642bb9e,25/02/2021,dầu madút 180CST 3.5S,MAZUT,13.927,13927.0,13.127,13127.0,0,800,đồng/kg,table+text,parsed_ok,
35db264c4642bb9e,25/02/2021,xăng RON95- I II,RON95,19.234,19234.0,,,,,"đồng/lít,kg",table,parsed_partial,retail_price_raw;bog_contribution_raw;bog_spending_raw
35db264c4642bb9e,25/02/2021,xăng RON95-III,RON95_III,,,18.084,18084.0,0,1.150,đồng/lít,text,parsed_partial,base_price_raw
29dcb757af4fa90f,10/02/2021,dầu điêzen 0.05S,DIESEL,13.685,13685.0,13.042,13042.0,0,643,đồng/lít,table+text,parsed_ok,
29dcb757af4fa90f,10/02/2021,xăng E5RON92,E5RON92,18.038,18038.0,16.309,16309.0,0,1.729,đồng/lít,table+text,parsed_ok,
29dcb757af4fa90f,10/02/2021,dầu madút 180CST 3.5S,MAZUT,13.225,13225.0,,,0,603,"đồng/lít,kg",table,parsed_partial,retail_price_raw
29dcb757af4fa90f,10/02/2021,xăng RON95-III,RON95_III,18.117,18117.0,17.270,17270.0,0,847,đồng/lít,table+text,parsed_ok,
688f3c7f5e7ef362,26/01/2021,dầu điêzen 0.05S,DIESEL,13.342,13342.0,13.042,13042.0,0,0,đồng/lít,table+text,parsed_ok,
688f3c7f5e7ef362,26/01/2021,xăng E5RON92,E5RON92,17.659,17659.0,16.309,16309.0,0,0,đồng/lít,table+text,parsed_ok,
688f3c7f5e7ef362,26/01/2021,dầu madút 180CST 3.5S,MAZUT,12.872,12872.0,12.622,12622.0,0,0,đồng/kg,table+text,parsed_ok,
688f3c7f5e7ef362,26/01/2021,xăng RON95- III,RON95,17.670,17670.0,17.270,17270.0,0,100,đồng/lít,table+text,parsed_ok,
c83af9a9e8d6368e,11/01/2021,dầu điêzen 0.05S,DIESEL,12.847,12847.0,12.647,12647.0,0,200,đồng/lít,table+text,parsed_ok,
c83af9a9e8d6368e,11/01/2021,xăng E5RON92,E5RON92,17.048,17048.0,15.948,15948.0,0,1.100,đồng/lít,table+text,parsed_ok,
c83af9a9e8d6368e,11/01/2021,dầu madút 180CST 3.5S,MAZUT,12.453,12453.0,12.272,12272.0,0,181,đồng/kg,table+text,parsed_ok,
c83af9a9e8d6368e,11/01/2021,xăng RON95- III,RON95,17.130,17130.0,,,,,"đồng/lít,kg",table,parsed_partial,retail_price_raw;bog_contribution_raw;bog_spending_raw
c83af9a9e8d6368e,11/01/2021,xăng RON95-III,RON95_III,,,16.930,16930.0,100,200,đồng/lít,text,parsed_partial,base_price_raw
b57be55ed50a7b2c,26/12/2020,dầu điêzen 0.05S,DIESEL,12.676,12676.0,12.376,12376.0,0,300,đồng/lít,table+text,parsed_ok,
b57be55ed50a7b2c,26/12/2020,xăng E5RON92,E5RON92,16.718,16718.0,15.518,15518.0,0,1.200,đồng/lít,table+text,parsed_ok,
b57be55ed50a7b2c,26/12/2020,dầu madút 180CST 3.5S,MAZUT,12.472,12472.0,12.272,12272.0,0,200,đồng/kg,table+text,parsed_ok,
b57be55ed50a7b2c,26/12/2020,xăng RON95-III,RON95_III,16.829,16829.0,16.479,16479.0,100,350,đồng/lít,table+text,parsed_ok,
6aee6bec61580895,26/09/2020,dầu điêzen 0.05S,DIESEL,11.128,11128.0,11.128,11128.0,400,,đồng/lít,table+text,parsed_partial,bog_spending_raw
6aee6bec61580895,26/09/2020,xăng E5RON92,E5RON92,15.315,15315.0,14.215,14215.0,0,1.100,đồng/lít,table+text,parsed_ok,
6aee6bec61580895,26/09/2020,dầu madút 180CST 3.5S,MAZUT,10.926,10926.0,10.826,10826.0,0,100,đồng/kg,table+text,parsed_ok,
6aee6bec61580895,26/09/2020,xăng RON95-III,RON95_III,15.508,15508.0,14.984,14984.0,100,524,đồng/lít,table+text,parsed_ok,
1c865e2d217bd1b6,12/08/2020,dầu diezen 0.05S,DIESEL,12.201,12201.0,12.201,12201.0,500,,đồng/lít,table+text,parsed_partial,bog_spending_raw
1c865e2d217bd1b6,12/08/2020,xăng E5RON92,E5RON92,15.341,15341.0,14.409,14409.0,100,932,đồng/lít,table+text,parsed_ok,
1c865e2d217bd1b6,12/08/2020,dầu madút 180CST 3.5S,MAZUT,11.483,11483.0,11.183,11183.0,300,300,đồng/kg,table+text,parsed_ok,
1c865e2d217bd1b6,12/08/2020,xăng RON95- III,RON95,15.401,15401.0,,,,,"đồng/lít,kg",table,parsed_partial,retail_price_raw;bog_contribution_raw;bog_spending_raw
1c865e2d217bd1b6,12/08/2020,xăng RON95-III,RON95_III,,,14.922,14922.0,200,479,đồng/lít,text,parsed_partial,base_price_raw
e18cdc1abe7b60dc,28/07/2020,dầu điezen 0.05S,DIESEL,12.397,12397.0,12.397,12397.0,500,0,đồng/lít,table+text,parsed_ok,
e18cdc1abe7b60dc,28/07/2020,xăng E5RON92,E5RON92,15.309,15309.0,14.409,14409.0,100,900,đồng/lít,table+text,parsed_ok,
e18cdc1abe7b60dc,28/07/2020,dầu madút 180CST 3.5S,MAZUT,11.283,11283.0,11.183,11183.0,300,100,đồng/kg,table+text,parsed_ok,
e18cdc1abe7b60dc,28/07/2020,xăng RON95-III,RON95_III,15.452,15452.0,14.973,14973.0,200,479,đồng/lít,table+text,parsed_ok,
24ce5fea41900cbf,13/07/2020,dầu điêzen 0.05S,DIESEL,12.281,12281.0,12.114,12114.0,500,167,đồng/lít,table+text,parsed_ok,
24ce5fea41900cbf,13/07/2020,xăng E5RON92,E5RON92,15.219,15219.0,14.258,14258.0,100,961,đồng/lít,table+text,parsed_ok,
24ce5fea41900cbf,13/07/2020,dầu madút 180CST 3.5S,MAZUT,11.157,11157.0,10.903,10903.0,300,254,đồng/kg,table+text,parsed_ok,
24ce5fea41900cbf,13/07/2020,xăng RON95-III,RON95_III,15.499,15499.0,14.973,14973.0,200,526,đồng/lít,table+text,parsed_ok,
9d4951184c929caf,27/06/2020,dầu điêzen 0.05S,DIESEL,12.114,12114.0,12.114,12114.0,600,,đồng/lít,table+text,parsed_partial,bog_spending_raw
9d4951184c929caf,27/06/2020,xăng E5RON92,E5RON92,15.158,15158.0,14.258,14258.0,50,900,đồng/lít,table+text,parsed_ok,
9d4951184c929caf,27/06/2020,dầu madút 180CST 3.5S,MAZUT,10.903,10903.0,10.903,10903.0,300,0,đồng/kg,table+text,parsed_ok,
9d4951184c929caf,27/06/2020,xăng RON95- III,RON95,15.523,15523.0,14.973,14973.0,200,550,đồng/lít,table+text,parsed_ok,
4f8755ac70d1cc16,12/06/2020,dầu điêzen 0.05S,DIESEL,11.515,11515.0,11.515,11515.0,800,,đồng/lít,table+text,parsed_partial,bog_spending_raw
4f8755ac70d1cc16,12/06/2020,xăng E5RON92,E5RON92,14.190,14190.0,13.390,13390.0,100,800,đồng/lít,table+text,parsed_ok,
4f8755ac70d1cc16,12/06/2020,dầu madút 1 8 0CST 3.5S,MAZUT,10.522,10522.0,10.322,10322.0,100,200,đồng/kg,table+text,parsed_ok,
4f8755ac70d1cc16,12/06/2020,xăng RON95-III,RON95_III,14.580,14580.0,14.080,14080.0,200,500,đồng/lít,table+text,parsed_ok,
b4beea8a5a7fb153,28/05/2020,dầu điêzen 0.05S,DIESEL,10.749,10749.0,10.749,10749.0,1.100,,đồng/lít,table+text,parsed_partial,bog_spending_raw
b4beea8a5a7fb153,28/05/2020,xăng E5RON92,E5RON92,13.002,13002.0,12.402,12402.0,100,600,đồng/lít,table+text,parsed_ok,
b4beea8a5a7fb153,28/05/2020,dầu madút 180CST 3.5S,MAZUT,9.492,9492.0,9.492,9492.0,200,,đồng/kg,table+text,parsed_partial,bog_spending_raw
b4beea8a5a7fb153,28/05/2020,xăng RON95- III,RON95,13.525,13525.0,,,,,"đồng/lít,kg",table,parsed_partial,retail_price_raw;bog_contribution_raw;bog_spending_raw
b4beea8a5a7fb153,28/05/2020,xăng RON95-III,RON95_III,,,13.125,13125.0,400,400,đồng/lít,text,parsed_partial,base_price_raw
c61d5c8c24339ad2,13/05/2020,dầu điêzen 0.05S,DIESEL,9.857,9857.0,9.857,9857.0,1.400,không chi sử dụng,đồng/lít,table+text,parsed_ok,
c61d5c8c24339ad2,13/05/2020,xăng E5RON92,E5RON92,11.520,11520.0,11.520,11520.0,100,không chi sử dụng,đồng/lít,table+text,parsed_ok,
c61d5c8c24339ad2,13/05/2020,dầu madút 180CST 3.5S,MAZUT,8.545,8545.0,8.545,8545.0,500,không chi sử dụng,đồng/kg,table+text,parsed_ok,
c61d5c8c24339ad2,13/05/2020,xăng RON95-III,RON95_III,12.235,12235.0,12.235,12235.0,800,không chi sử dụng,đồng/lít,table+text,parsed_ok,
cb16aa11db345903,28/04/2020,dầu điêzen 0.05S,DIESEL,9.941,9941.0,9.941,9941.0,1.600,không chi sử dụng,đồng/lít,table+text,parsed_ok,
cb16aa11db345903,28/04/2020,xăng E5RON92,E5RON92,10.942,10942.0,10.942,10942.0,400,không chi sử dụng,đồng/lít,table+text,parsed_ok,
cb16aa11db345903,28/04/2020,dầu madút 180CST 3.5S,MAZUT,8.670,8670.0,8.670,8670.0,500,không chi sử dụng,đồng/kg,table+text,parsed_ok,
cb16aa11db345903,28/04/2020,xăng RON95- III,RON95,11.631,11631.0,,,,không chi sử dụng,"đồng/lít,kg",table,parsed_partial,retail_price_raw;bog_contribution_raw
cb16aa11db345903,28/04/2020,xăng RON95-III,RON95_III,,,11.631,11631.0,1.400,không chi sử dụng,đồng/lít,text,parsed_partial,base_price_raw
f173edbf2138e07d,13/04/2020,dầu điêzen 0.05S,DIESEL,10.823,10823.0,10.823,10823.0,1 .400,,đồng/lít,table+text,parsed_partial,bog_spending_raw
f173edbf2138e07d,13/04/2020,xăng E5RON92,E5RON92,11 . 343,11343.0,11.343,11343.0,400,,đồng/lít,table+text,parsed_partial,bog_spending_raw
f173edbf2138e07d,13/04/2020,dầu madút 180CST 3.5S,MAZUT,9.327,9327.0,9 . 327,9327.0,200,,đồng/kg,table+text,parsed_partial,bog_spending_raw
f173edbf2138e07d,13/04/2020,xăng RON95-III,RON95_III,11.939,11939.0,11.939,11939.0,1.400,,đồng/lít,table+text,parsed_partial,bog_spending_raw
829fa806e93dbd70,15/03/2020,dầu điêzen 0.05S,DIESEL,13.035,13035.0,13.035,13035.0,800,không chi sử dụng,đồng/lít,table+text,parsed_ok,
829fa806e93dbd70,15/03/2020,xăng E5RON92,E5RON92,16.056,16056.0,16.056,16056.0,200,không chi sử dụng,đồng/lít,table+text,parsed_ok,
829fa806e93dbd70,15/03/2020,dầu madút 180CST 3.5S,MAZUT,10.501,10501.0,10.501,10501.0,100,không chi sử dụng,đồng/kg,table+text,parsed_ok,
829fa806e93dbd70,15/03/2020,xăng RON95- III,RON95,16.812,16812.0,,,,không chi sử dụng,"đồng/lít,kg",table,parsed_partial,retail_price_raw;bog_contribution_raw
829fa806e93dbd70,15/03/2020,xăng RON95-III,RON95_III,,,16.812,16812.0,800,không chi sử dụng,đồng/lít,text,parsed_partial,base_price_raw
e70f640024cf67ce,29/02/2020,dầu điêzen 0.05S,DIESEL,14.785,14785.0,14.785,14785.0,700,,đồng/lít,table+text,parsed_partial,bog_spending_raw
e70f640024cf67ce,29/02/2020,xăng E5RON92,E5RON92,18.346,18346.0,18.346,18346.0,100,,đồng/lít,table+text,parsed_partial,bog_spending_raw
e70f640024cf67ce,29/02/2020,dầu madút 180CST 3.5S,MAZUT,11.854,11854.0,1 1.754,11754.0,100,100,đồng/kg,table+text,parsed_ok,
e70f640024cf67ce,29/02/2020,xăng RON95- III,RON95,19.127,19127.0,,,,,"đồng/lít,kg",table,parsed_partial,retail_price_raw;bog_contribution_raw;bog_spending_raw
e70f640024cf67ce,29/02/2020,xăng RON95-III,RON95_III,,,19.127,19127.0,500,,đồng/lít,text,parsed_partial,base_price_raw;bog_spending_raw
18870d6525265bcd,14/02/2020,dầu diezen 0.05S,DIESEL,15.175,15175.0,15.175,15175.0,700,không chi sử dụng,đồng/lít,table+text,parsed_ok,
18870d6525265bcd,14/02/2020,xăng E5RON92,E5RON92,18.503,18503.0,18.503,18503.0,100,không chi sử dụng,đồng/lít,table+text,parsed_ok,
18870d6525265bcd,14/02/2020,dầu madút 180CST 3.5S,MAZUT,11.652,11652.0,11.652,11652.0,200,không chi sử dụng,đồng/kg,table+text,parsed_ok,
18870d6525265bcd,14/02/2020,xăng RON95-III,RON95_III,19.380,19380.0,19.380,19380.0,600,không chi sử dụng,đồng/lít,table+text,parsed_ok,
cee021c4579d5e4a,15/01/2020,dầu điêzen 0.05S,DIESEL,16.748,16748.0,,,100,200,"đồng/lít,kg",table,parsed_partial,retail_price_raw
cee021c4579d5e4a,15/01/2020,xăng E5RON92,E5RON92,20.045,20045.0,19.845,19845.0,100,200,đồng/lít,table+text,parsed_ok,
cee021c4579d5e4a,15/01/2020,dầu madút 180CST 3.5S,MAZUT,12.709,12709.0,12.709,12709.0,0,,đồng/kg,table+text,parsed_partial,bog_spending_raw
cee021c4579d5e4a,15/01/2020,xăng RON95 -III,RON95,20.913,20913.0,,,400,,"đồng/lít,kg",table,parsed_partial,retail_price_raw;bog_spending_raw
430f840047d50443,31/12/2019,dầu điêzen 0.05S,DIESEL,16.741,16741.0,16.591,16591.0,100,150,đồng/lít,table+text,parsed_ok,
430f840047d50443,31/12/2019,xăng E5RON92,E5RON92,20.031,20031.0,19.881,19881.0,100,150,đồng/lít,table+text,parsed_ok,
430f840047d50443,31/12/2019,dầu madút 180CST 3.5S,MAZUT,11.920,11920.0,11.920,11920.0,300,,đồng/kg,table+text,parsed_partial,bog_spending_raw
430f840047d50443,31/12/2019,xăng RON95- III,RON95,20.990,20990.0,,,,,"đồng/lít,kg",table,parsed_partial,retail_price_raw;bog_contribution_raw;bog_spending_raw
430f840047d50443,31/12/2019,xăng RON95-III,RON95_III,,,20.990,20990.0,400,,đồng/lít,text,parsed_partial,base_price_raw;bog_spending_raw
876e2e22ae5f248c,16/12/2019,dầu điêzen 0.05S,DIESEL,16.063,16063.0,16.063,16063.0,100,,đồng/lít,table+text,parsed_partial,bog_spending_raw
876e2e22ae5f248c,16/12/2019,xăng E5RON92,E5RON92,19.829,19829.0,19.729,19729.0,100,100,đồng/lít,table+text,parsed_ok,
876e2e22ae5f248c,16/12/2019,dầu madút 180CST 3.5S,MAZUT,11.358,11358.0,11.358,11358.0,800,,đồng/kg,table+text,parsed_partial,bog_spending_raw
876e2e22ae5f248c,16/12/2019,xăng RON95- III,RON95,20.886,20886.0,,,,,"đồng/lít,kg",table,parsed_partial,retail_price_raw;bog_contribution_raw;bog_spending_raw
876e2e22ae5f248c,16/12/2019,xăng RON95-III,RON95_III,,,20.886,20886.0,400,,đồng/lít,text,parsed_partial,base_price_raw;bog_spending_raw
ae971a9d39adbd1f,30/11/2019,dầu điêzen 0.05S,DIESEL,15.988,15988.0,15.988,15988.0,100,,đồng/lít,table+text,parsed_partial,bog_spending_raw
ae971a9d39adbd1f,30/11/2019,xăng E5RON92,E5RON92,20.019,20019.0,19.819,19819.0,100,200,đồng/lít,table+text,parsed_ok,
ae971a9d39adbd1f,30/11/2019,dầu madút 180CST 3.5S,MAZUT,11.188,11188.0,11.188,11188.0,1.050,,đồng/kg,table+text,parsed_partial,bog_spending_raw
ae971a9d39adbd1f,30/11/2019,xăng RON95-III,RON95_III,21.079,21079.0,21.079,21079.0,300,0,đồng/lít,table+text,parsed_ok,
6682f906b4a0dcd5,15/11/2019,dầu điêzen 0.05S,DIESEL,15.963,15963.0,15.963,15963.0,100,,đồng/lít,table+text,parsed_partial,bog_spending_raw
6682f906b4a0dcd5,15/11/2019,xăng E5RON92,E5RON92,19.757,19757.0,19.507,19507.0,100,250,đồng/lít,table+text,parsed_ok,
6682f906b4a0dcd5,15/11/2019,dầu madút 180CST 3.5S,MAZUT,11.942,11942.0,11.942,11942.0,900,,đồng/kg,table+text,parsed_partial,bog_spending_raw
6682f906b4a0dcd5,15/11/2019,xăng RON95-III,RON95_III,21.046,21046.0,20.796,20796.0,300,250,đồng/lít,table+text,parsed_ok,
18fd98acec910b27,31/10/2019,dầu diezen 0.05S,DIESEL,16.057,16057.0,16.057,16057.0,100,không chi sử dụng,đồng/lít,table+text,parsed_ok,
18fd98acec910b27,31/10/2019,xăng E5RON92,E5RON92,19.252,19252.0,19.252,19252.0,100,không chi sử dụng,đồng/lít,table+text,parsed_ok,
18fd98acec910b27,31/10/2019,dầu madút 180CST 3.5S,MAZUT,12.517,12517.0,12.517,12517.0,700,không chi sử dụng,đồng/kg,table+text,parsed_ok,
18fd98acec910b27,31/10/2019,xăng RON95- I II,RON95,20.445,20445.0,,,,không chi sử dụng,"đồng/lít,kg",table,parsed_partial,retail_price_raw;bog_contribution_raw
18fd98acec910b27,31/10/2019,xăng RON95-III,RON95_III,,,20.445,20445.0,300,không chi sử dụng,đồng/lít,text,parsed_partial,base_price_raw
ec9559f4c9dd8148,16/10/2019,dầu điêzen 0.05S,DIESEL,16.223,16223.0,16.223,16223.0,300,,đồng/lít,table+text,parsed_partial,bog_spending_raw
ec9559f4c9dd8148,16/10/2019,xăng E5RON92,E5RON92,19.470,19470.0,19.470,19470.0,100,,đồng/lít,table+text,parsed_partial,bog_spending_raw
ec9559f4c9dd8148,16/10/2019,dầu madút 180CST 3.5S,MAZUT,12.816,12816.0,12.816,12816.0,900,,đồng/kg,table+text,parsed_partial,bog_spending_raw
ec9559f4c9dd8148,16/10/2019,xăng RON95-III,RON95_III,20.995,20995.0,20.795,20795.0,300,200,đồng/lít,table+text,parsed_ok,
7fcff5dcfc597358,16/09/2019,dầu điêzen 0.05S,DIESEL,16.200,16200.0,16.200,16200.0,400,không chi sử dụng,đồng/lít,table+text,parsed_ok,
7fcff5dcfc597358,16/09/2019,xăng E5RON92,E5RON92,19.114,19114.0,19.114,19114.0,100,không chi sử dụng,đồng/lít,table+text,parsed_ok,
7fcff5dcfc597358,16/09/2019,dầu madút 180CST 3.5S,MAZUT,14.090,14090.0,14.090,14090.0,400,không chi sử dụng,đồng/kg,table+text,parsed_ok,
7fcff5dcfc597358,16/09/2019,xăng RON95- III,RON95,20.143,20143.0,20.143,20143.0,400,không chi sử dụng,đồng/lít,table+text,parsed_ok,
73458464de839e57,16/08/2019,dầu điêzen 0.05S,DIESEL,16.504,16504.0,16.504,16504.0,500,không chi sử dụng,đồng/lít,table+text,parsed_ok,
73458464de839e57,16/08/2019,xăng E5RON92,E5RON92,19.358,19358.0,19.358,19358.0,100,không chi sử dụng,đồng/lít,table+text,parsed_ok,
73458464de839e57,16/08/2019,dầu madút 180CST 3.5S,MAZUT,14.072,14072.0,14.072,14072.0,500,không chi sử dụng,đồng/kg,table+text,parsed_ok,
73458464de839e57,16/08/2019,xăng RON95-III,RON95_III,20.405,20405.0,20.405,20405.0,500,không chi sử dụng,đồng/lít,table+text,parsed_ok,
faeed766841e4adc,01/08/2019,dầu điêzen 0.05S,DIESEL,17.023,17023.0,17.023,17023.0,500,,đồng/lít,table+text,parsed_partial,bog_spending_raw
faeed766841e4adc,01/08/2019,xăng E5RON92,E5RON92,19.902,19902.0,19.902,19902.0,100,,đồng/lít,table+text,parsed_partial,bog_spending_raw
faeed766841e4adc,01/08/2019,dầu madút 180CST 3.5S,MAZUT,15.927,15927.0,15.927,15927.0,500,,đồng/kg,table+text,parsed_partial,bog_spending_raw
faeed766841e4adc,01/08/2019,xăng RON95- III,RON95,20.919,20919.0,20.919,20919.0,500,,đồng/lít,table+text,parsed_partial,bog_spending_raw
241f520f9c5417e7,17/07/2019,dầu điêzen 0.05S,DIESEL,16.997,16997.0,16.997,16997.0,500,không chi sử dụng,đồng/lít,table+text,parsed_ok,
241f520f9c5417e7,17/07/2019,xăng E5 RON92,E5RON92,20.279,20279.0,20.279,20279.0,100,không chi sử dụng,đồng/lít,table+text,parsed_ok,
241f520f9c5417e7,17/07/2019,dầu madút 180CST 3.5S,MAZUT,15.980,15980.0,15.980,15980.0,500,không chi sử dụng,đồng/kg,table+text,parsed_ok,
241f520f9c5417e7,17/07/2019,xăng RON95- III,RON95,21.235,21235.0,21.235,21235.0,500,không chi sử dụng,đồng/lít,table+text,parsed_ok,
a2f74c16dad4b8ca,02/07/2019,dầu điêzen 0.05S,DIESEL,16.949,16949.0,16.949,16949.0,700,không chi sử dụng,đồng/lít,table+text,parsed_ok,
a2f74c16dad4b8ca,02/07/2019,xăng E5RON92,E5RON92,19.653,19653.0,19.653,19653.0,200,không chi sử dụng,đồng/lít,table+text,parsed_ok,
a2f74c16dad4b8ca,02/07/2019,dầu madút 180CST 3.5S,MAZUT,15.220,15220.0,15.220,15220.0,700,không chi sử dụng,đồng/kg,table+text,parsed_ok,
a2f74c16dad4b8ca,02/07/2019,xăng RON95- III,RON95,20.517,20517.0,,,,không chi sử dụng,"đồng/lít,kg",table,parsed_partial,retail_price_raw;bog_contribution_raw
a2f74c16dad4b8ca,02/07/2019,xăng RON95-III,RON95_III,,,20.517,20517.0,700,không chi sử dụng,đồng/lít,text,parsed_partial,base_price_raw
efa63f1d509ca02b,17/06/2019,dầu điêzen 0.05S,DIESEL,16.657,16657.0,16.657,16657.0,900,,đồng/lít,table+text,parsed_partial,bog_spending_raw
efa63f1d509ca02b,17/06/2019,xăng E5RON92,E5RON92,19.233,19233.0,19.233,19233.0,300,0,đồng/lít,table+text,parsed_ok,
efa63f1d509ca02b,17/06/2019,dầu madút 180CST 3.5S,MAZUT,15.115,15115.0,15.115,15115.0,900,,đồng/kg,table+text,parsed_partial,bog_spending_raw
efa63f1d509ca02b,17/06/2019,xăng RON95-I I I,RON95,20.134,20134.0,,,,,"đồng/lít,kg",table,parsed_partial,retail_price_raw;bog_contribution_raw;bog_spending_raw
efa63f1d509ca02b,17/06/2019,xăng RON95-III,RON95_III,,,20.134,20134.0,900,,đồng/lít,text,parsed_partial,base_price_raw;bog_spending_raw
6d82313dfa138df8,01/06/2019,dầu điêzen 0.05S,DIESEL,17.394,17394.0,17.394,17394.0,,300,đồng/lít,table+text,parsed_partial,bog_contribution_raw
6d82313dfa138df8,01/06/2019,xăng E5RON92,E5RON92,20.617,20617.0,20.219,20219.0,398,100,đồng/lít,table+text,parsed_ok,
6d82313dfa138df8,01/06/2019,dầu madút 180 CST 3.5S,MAZUT,15.354,15354.0,,,,300,"đồng/lít,kg",table,parsed_partial,retail_price_raw;bog_contribution_raw
6d82313dfa138df8,01/06/2019,xăng RON95-I I I,RON95,,,21.219,21219.0,,,đồng/lít,text,parsed_partial,base_price_raw;bog_contribution_raw;bog_spending_raw
6d82313dfa138df8,01/06/2019,xăng RON95-III,RON95_III,21.219,21219.0,,,,300,"đồng/lít,kg",table,parsed_partial,retail_price_raw;bog_contribution_raw
e9b36e4731fda049,17/05/2019,dầu điêzen 0.05S,DIESEL,17.614,17614.0,17.614,17614.0,giữ nguyên mức trích lập,như hiện hành,đồng/lít,table+text,parsed_ok,
e9b36e4731fda049,17/05/2019,xăng E5RON92,E5RON92,20.945,20945.0,20.488,20488.0,giữ nguyên mức trích lập,457,đồng/lít,table+text,parsed_ok,
e9b36e4731fda049,17/05/2019,dầu madút 180CST 3.5S,MAZUT,15.536,15536.0,15.536,15536.0,giữ nguyên mức trích lập,như hiện hành,đồng/kg,table+text,parsed_ok,
e9b36e4731fda049,17/05/2019,xăng RON95-III,RON95_III,21.599,21599.0,21.599,21599.0,giữ nguyên mức trích lập,như hiện hành,đồng/lít,table+text,parsed_ok,
11604de3a2ad1ce1,02/05/2019,dầu điêzen 0.05S,DIESEL,17.695,17695.0,17.695,17695.0,giữ nguyên mức trích lập,như hiện hành,đồng/lít,table+text,parsed_ok,
11604de3a2ad1ce1,02/05/2019,xăng E5RON92,E5RON92,21.613,21613.0,20.688,20688.0,giữ nguyên mức trích lập,925,đồng/lít,table+text,parsed_ok,
11604de3a2ad1ce1,02/05/2019,dầu madút 180CST 3.5S,MAZUT,16.002,16002.0,16.002,16002.0,giữ nguyên mức trích lập,như hiện hành,đồng/kg,table+text,parsed_ok,
11604de3a2ad1ce1,02/05/2019,xăng RON95- III,RON95,22.474,22474.0,,,giữ nguyên mức trích lập,283,"đồng/lít,kg",table,parsed_partial,retail_price_raw
11604de3a2ad1ce1,02/05/2019,xăng RON95-III,RON95_III,,,22.191,22191.0,giữ nguyên mức trích lập,như hiện hành,đồng/lít,text,parsed_partial,base_price_raw
3325e571e7852ab4,17/04/2019,dầu điêzen 0.05S,DIESEL,17.384,17384.0,17.384,17384.0,giữ nguyên mức trích lập,như hiện hành,đồng/lít,table+text,parsed_ok,
3325e571e7852ab4,17/04/2019,xăng E5RON92,E5RON92,21.159,21159.0,19.703,19703.0,giữ nguyên mức trích lập,1.456,đồng/lít,table+text,parsed_ok,
3325e571e7852ab4,17/04/2019,dầu madút 180CST 3.5S,MAZUT,15.617,15617.0,15.617,15617.0,giữ nguyên mức trích lập,0,đồng/kg,table+text,parsed_ok,
3325e571e7852ab4,17/04/2019,xăng RON95- III,RON95,21.978,21978.0,,,giữ nguyên mức trích lập,743,"đồng/lít,kg",table,parsed_partial,retail_price_raw
3325e571e7852ab4,17/04/2019,xăng RON95-III,RON95_III,,,21.235,21235.0,giữ nguyên mức trích lập,như hiện hành,đồng/lít,text,parsed_partial,base_price_raw
dd7fafda9226ae04,02/03/2019,dầu điêzen 0.05S,DIESEL,17.222,17222.0,15.868,15868.0,giữ nguyên mức trích lập,1.354,đồng/lít,table+text,parsed_ok,
dd7fafda9226ae04,02/03/2019,xăng E5RON92,E5RON92,19.211,19211.0,17.211,17211.0,giữ nguyên mức trích lập,2.000,đồng/lít,table+text,parsed_ok,
dd7fafda9226ae04,02/03/2019,dầu madút 180CST 3.5S,MAZUT,15.483,15483.0,14.083,14083.0,giữ nguyên mức trích lập,1.400,đồng/kg,table+text,parsed_ok,
dd7fafda9226ae04,02/03/2019,xăng RON95-III,RON95_III,19.799,19799.0,18.549,18549.0,giữ nguyên mức trích lập,như hiện hành,đồng/lít,table+text,parsed_ok,
a50595cef638fbee,06/11/2018,dầu điêzen 0.05S,DIESEL,18.544,18544.0,18.544,18544.0,giữ nguyên mức trích lập,như hiện hành,đồng/lít,table+text,parsed_ok,
a50595cef638fbee,06/11/2018,xăng E5 RON92,E5RON92,20.300,20300.0,19.600,19600.0,giữ nguyên mức trích lập,700,đồng/lít,table+text,parsed_ok,
a50595cef638fbee,06/11/2018,dầu madút 180CST 3.5S,MAZUT,15.961,15961.0,15.694,15694.0,giữ nguyên mức trích lập,267,đồng/kg,table+text,parsed_ok,
a50595cef638fbee,06/11/2018,xăng RON95- III,RON95,21.065,21065.0,,,giữ nguyên mức trích lập,như hiện hành,"đồng/lít,kg",table,parsed_partial,retail_price_raw
a50595cef638fbee,06/11/2018,xăng RON95-III,RON95_III,,,21.065,21065.0,giữ nguyên mức trích lập,như hiện hành,đồng/lít,text,parsed_partial,base_price_raw
3c16e424176c8982,22/10/2018,dầu điêzen 0.05S,DIESEL,19.245,19245.0,18.611,18611.0,,634,đồng/lít,table+text,parsed_partial,bog_contribution_raw
3c16e424176c8982,22/10/2018,xăng E5 RON92,E5RON92,21.895,21895.0,20.682,20682.0,0,1.213,đồng/lít,table+text,parsed_ok,
3c16e424176c8982,22/10/2018,dầu madút 180CST 3.5S,MAZUT,16.347,16347.0,15.694,15694.0,300,653,đồng/kg,table+text,parsed_ok,
3c16e424176c8982,22/10/2018,xăng RON95-III,RON95_III,22.803,22803.0,22.203,22203.0,300,600,đồng/lít,table+text,parsed_ok,
dc91d5d9d0f26857,21/09/2018,dầu điêzen 0.05S,DIESEL,18.526,18526.0,18.126,18126.0,giữ nguyên mức trích lập,400,đồng/lít,table+text,parsed_ok,
dc91d5d9d0f26857,21/09/2018,xăng E5 RON92,E5RON92,21.794,21794.0,20.231,20231.0,giữ nguyên mức trích lập,1.563,đồng/lít,table+text,parsed_ok,
dc91d5d9d0f26857,21/09/2018,dầu madút 180CST 3.5S,MAZUT,14.942,14942.0,14.942,14942.0,giữ nguyên mức trích lập,như hiện hành,đồng/kg,table+text,parsed_ok,
dc91d5d9d0f26857,21/09/2018,xăng RON95- III,RON95,22.730,22730.0,,,giữ nguyên mức trích lập,960,"đồng/lít,kg",table,parsed_partial,retail_price_raw
dc91d5d9d0f26857,21/09/2018,xăng RON95-III,RON95_III,,,21.770,21770.0,giữ nguyên mức trích lập,như hiện hành,đồng/lít,text,parsed_partial,base_price_raw
f8b0738a648ab4d7,06/09/2018,dầu điêzen 0.05S,DIESEL,18.469,18469.0,18.069,18069.0,giữ nguyên mức trích lập,400,đồng/lít,table+text,parsed_ok,
f8b0738a648ab4d7,06/09/2018,xăng E5 RON92,E5RON92,21.474,21474.0,19.911,19911.0,giữ nguyên mức trích lập,1.563,đồng/lít,table+text,parsed_ok,
f8b0738a648ab4d7,06/09/2018,dầu madút 180CST 3.5S,MAZUT,14.916,14916.0,14.916,14916.0,giữ nguyên mức trích lập,như hiện hành,đồng/kg,table+text,parsed_ok,
f8b0738a648ab4d7,06/09/2018,xăng RON95-III,RON95_III,22.437,22437.0,21.477,21477.0,giữ nguyên mức trích lập,như hiện hành,đồng/lít,table+text,parsed_ok,
edf2a9015c2c96a8,07/08/2018,dầu điêzen 0.05S,DIESEL,17.538,17538.0,17.538,17538.0,giữ nguyên mức trích lập,như hiện hành,đồng/lít,table+text,parsed_ok,
edf2a9015c2c96a8,07/08/2018,xăng E5 RON92,E5RON92,,,19.611,19611.0,giữ nguyên mức trích lập,1.194,đồng/lít,text,parsed_partial,base_price_raw
edf2a9015c2c96a8,07/08/2018,dầu madút 180CST 3.5S,MAZUT,15.083,15083.0,15.013,15013.0,giữ nguyên mức trích lập,70,đồng/kg,table+text,parsed_ok,
edf2a9015c2c96a8,07/08/2018,xăng E5 RON 92,RON92,20.805,20805.0,,,giữ nguyên mức trích lập,như hiện hành,"đồng/lít,kg",table,parsed_partial,retail_price_raw
edf2a9015c2c96a8,07/08/2018,xăng RON95- I II,RON95,21.731,21731.0,21.177,21177.0,giữ nguyên mức trích lập,554,đồng/lít,table+text,parsed_ok,
a3a874b8151a1a95,23/07/2018,dầu điêzen 0.05S,DIESEL,17.242,17242.0,17.242,17242.0,giữ nguyên mức trích lập,như hiện hành,đồng/lít,table+text,parsed_ok,
a3a874b8151a1a95,23/07/2018,xăng E5 RON92,E5RON92,20.464,20464.0,19.611,19611.0,giữ nguyên mức trích lập,853,đồng/lít,table+text,parsed_ok,
a3a874b8151a1a95,23/07/2018,dầu madút 180CST 3.5S,MAZUT,14.826,14826.0,14.756,14756.0,giữ nguyên mức trích lập,70,đồng/kg,table+text,parsed_ok,
a3a874b8151a1a95,23/07/2018,xăng RON95-III,RON95_III,21.272,21272.0,21.177,21177.0,giữ nguyên mức trích lập,như hiện hành,đồng/lít,table+text,parsed_ok,
d4f6c8d61f4d9488,07/06/2018,dầu điêzen 0.05S,DIESEL,17.850,17850.0,17.694,17694.0,giữ nguyên mức trích lập,156,đồng/lít,table+text,parsed_ok,
d4f6c8d61f4d9488,07/06/2018,xăng E5 RON92,E5RON92,21.210,21210.0,19.940,19940.0,giữ nguyên mức trích lập,1.270,đồng/lít,table+text,parsed_ok,
d4f6c8d61f4d9488,07/06/2018,dầu madút 180CST 3.5S,MAZUT,14.812,14812.0,14.437,14437.0,giữ nguyên mức trích lập,375,đồng/kg,table+text,parsed_ok,
d4f6c8d61f4d9488,07/06/2018,xăng RON95-III,RON95_III,22.209,22209.0,21.511,21511.0,giữ nguyên mức trích lập,như hiện hành,đồng/lít,table+text,parsed_ok,
e58ce2ef9c5d27cb,23/05/2018,dầu điêzen 0.05S,DIESEL,17.994,17994.0,17.694,17694.0,giữ nguyên mức trích lập,300,đồng/lít,table+text,parsed_ok,
e58ce2ef9c5d27cb,23/05/2018,xăng E5 RON92,E5RON92,21.365,21365.0,19.940,19940.0,giữ nguyên mức trích lập,1.425,đồng/lít,table+text,parsed_ok,
e58ce2ef9c5d27cb,23/05/2018,dầu madút 180CST 3.5S,MAZUT,14.637,14637.0,14.437,14437.0,giữ nguyên mức trích lập,200,đồng/kg,table+text,parsed_ok,
e58ce2ef9c5d27cb,23/05/2018,xăng RON95-III,RON95_III,22.342,22342.0,21.511,21511.0,giữ nguyên mức trích lập,như hiện hành,đồng/lít,table+text,parsed_ok,
f817be78e4864682,08/05/2018,dầu điêzen 0.05S,DIESEL,17.307,17307.0,17.107,17107.0,giữ nguyên mức trích lập,200,đồng/lít,table+text,parsed_ok,
f817be78e4864682,08/05/2018,xăng E5 RON92,E5RON92,20.398,20398.0,19.440,19440.0,giữ nguyên mức trích lập,958,đồng/lít,table+text,parsed_ok,
f817be78e4864682,08/05/2018,dầu madút 180CST 3.5S,MAZUT,13.759,13759.0,13.759,13759.0,giữ nguyên mức trích lập,như hiện hành,đồng/kg,table+text,parsed_ok,
f817be78e4864682,08/05/2018,xăng RON95- III,RON95,21.362,21362.0,,,giữ nguyên mức trích lập,451,"đồng/lít,kg",table,parsed_partial,retail_price_raw
f817be78e4864682,08/05/2018,xăng RON95-III,RON95_III,,,20.911,20911.0,giữ nguyên mức trích lập,như hiện hành,đồng/lít,text,parsed_partial,base_price_raw
8241d4ccf57ab80e,23/03/2018,dầu điêzen,DIESEL,15.893,15893.0,,,300,,"đồng/lít,kg",table,parsed_partial,retail_price_raw;bog_spending_raw
8241d4ccf57ab80e,23/03/2018,xăng E5 RON92,E5RON92,19.009,19009.0,,,0,,"đồng/lít,kg",table,parsed_partial,retail_price_raw;bog_spending_raw
8241d4ccf57ab80e,23/03/2018,dầu madút 180CST 3.5S,MAZUT,12.624,12624.0,,,300,,"đồng/lít,kg",table,parsed_partial,retail_price_raw;bog_spending_raw
a09caf85934748c5,08/03/2018,dầu diezen 0.05S,DIESEL,15.808,15808.0,15.716,15716.0,giữ nguyên mức trích lập,92,đồng/lít,table+text,parsed_ok,
a09caf85934748c5,08/03/2018,xăng E5 RON92,E5RON92,19.044,19044.0,18.340,18340.0,giữ nguyên mức trích lập,704,đồng/lít,table+text,parsed_ok,
a09caf85934748c5,08/03/2018,dầu madút 180CST 3.5S,MAZUT,12.580,12580.0,12.528,12528.0,giữ nguyên mức trích lập,52,đồng/kg,table+text,parsed_ok,
8f55b6d9603a7f06,21/02/2018,dầu diezen 0.05S,DIESEL,15.716,15716.0,15.716,15716.0,như hiện hành,0,đồng/lít,table+text,parsed_ok,
8f55b6d9603a7f06,21/02/2018,xăng E5 RON92,E5RON92,18.940,18940.0,18.340,18340.0,như hiện hành,600,đồng/lít,table+text,parsed_ok,
8f55b6d9603a7f06,21/02/2018,dầu madút 180CST 3.5S,MAZUT,12.528,12528.0,12.528,12528.0,như hiện hành,0,đồng/kg,table+text,parsed_ok,
8491d5bcbd9f1fb3,03/02/2018,dầu diezen 0.05S,DIESEL,16.637,16637.0,15.959,15959.0,giữ nguyên mức trích lập,678,đồng/lít,table+text,parsed_ok,
8491d5bcbd9f1fb3,03/02/2018,xăng E5 RON92,E5RON92,19.813,19813.0,18.672,18672.0,giữ nguyên mức trích lập,1.141,đồng/lít,table+text,parsed_ok,
8491d5bcbd9f1fb3,03/02/2018,dầu madút 180CST 3.5S,MAZUT,13.085,13085.0,12.765,12765.0,giữ nguyên mức trích lập,320,đồng/kg,table+text,parsed_ok,
d0fc1fad74c0ec84,19/01/2018,dầu điêzen 0.05S,DIESEL,16.359,16359.0,15.959,15959.0,giữ nguyên mức trích lập,400,đồng/lít,table+text,parsed_ok,
d0fc1fad74c0ec84,19/01/2018,xăng E5 RON92,E5RON92,19.529,19529.0,18.672,18672.0,giữ nguyên mức trích lập,857,đồng/lít,table+text,parsed_ok,
d0fc1fad74c0ec84,19/01/2018,dầu madút 180CST 3.5S,MAZUT,12.915,12915.0,12.765,12765.0,giữ nguyên mức trích lập,150,đồng/kg,table+text,parsed_ok,
39a48dad2dab689d,04/01/2018,dầu điêzen 0.05S,DIESEL,15.929,15929.0,15.529,15529.0,giữ nguyên mức trích lập,400,đồng/lít,table+text,parsed_ok,
39a48dad2dab689d,04/01/2018,xăng E5 RON92,E5RON92,19.100,19100.0,18.243,18243.0,giữ nguyên mức trích lập,857,đồng/lít,table+text,parsed_ok,
39a48dad2dab689d,04/01/2018,dầu madút 180CST 3.5S,MAZUT,12.767,12767.0,12.617,12617.0,giữ nguyên mức trích lập,150,đồng/kg,table+text,parsed_ok,
69d1a04749be4380,20/12/2017,dầu điêzen 0.05S,DIESEL,15.586,15586.0,15.169,15169.0,giữ nguyên mức trích lập,417,đồng/lít,table+text,parsed_ok,
69d1a04749be4380,20/12/2017,dầu madút 180CST 3.5S,MAZUT,12.462,12462.0,12.382,12382.0,giữ nguyên mức trích lập,80,đồng/kg,table+text,parsed_ok,
69d1a04749be4380,20/12/2017,xăng RON 92,RON92,19.103,19103.0,18.580,18580.0,giữ nguyên mức trích lập,như hiện hành,đồng/lít,table+text,parsed_ok,
9fa3709404908860,05/12/2017,dầu điêzen 0.05S,DIESEL,15.557,15557.0,15.169,15169.0,giữ nguyên mức trích lập,388,đồng/lít,table+text,parsed_ok,
9fa3709404908860,05/12/2017,dầu madút 180CST 3.5S,MAZUT,12.621,12621.0,12.382,12382.0,giữ nguyên mức trích lập,239,đồng/kg,table+text,parsed_ok,
9fa3709404908860,05/12/2017,xăng RON 92,RON92,19.165,19165.0,18.580,18580.0,giữ nguyên mức trích lập,như hiện hành,đồng/lít,table+text,parsed_ok,
2b52886eadb9dca5,20/11/2017,dầu điêzen 0.05S,DIESEL,15.319,15319.0,,,,,"đồng/lít,kg",table,parsed_partial,retail_price_raw;bog_contribution_raw;bog_spending_raw
2b52886eadb9dca5,20/11/2017,dầu madút 1 80CST 3.5S,MAZUT,12.732,12732.0,,,,,"đồng/lít,kg",table,parsed_partial,retail_price_raw;bog_contribution_raw;bog_spending_raw
2b52886eadb9dca5,20/11/2017,xăng RON 92,RON92,19.180,19180.0,,,,,"đồng/lít,kg",table,parsed_partial,retail_price_raw;bog_contribution_raw;bog_spending_raw
9cd2e0b9585039d2,04/11/2017,dầu điêzen 0.05S,DIESEL,14.861,14861.0,14.611,14611.0,giữ nguyên mức trích lập,250,đồng/lít,table+text,parsed_ok,
9cd2e0b9585039d2,04/11/2017,dầu madút 180CST 3.5S,MAZUT,12.179,12179.0,11.909,11909.0,giữ nguyên mức trích lập,270,đồng/kg,table+text,parsed_ok,
9cd2e0b9585039d2,04/11/2017,xăng RON 92,RON92,18.446,18446.0,18.146,18146.0,giữ nguyên mức trích lập,như hiện hành,đồng/lít,table+text,parsed_ok,
418464c82c79b946,20/10/2017,dầu diezen 0.05S,DIESEL,14.590,14590.0,14.410,14410.0,giữ nguyên mức trích lập,180,đồng/lít,table+text,parsed_ok,
418464c82c79b946,20/10/2017,dầu madút 180CST 3.5S,MAZUT,11.744,11744.0,11.644,11644.0,giữ nguyên mức trích lập,100,đồng/kg,table+text,parsed_ok,
418464c82c79b946,20/10/2017,xăng RON 92,RON92,18.005,18005.0,17.875,17875.0,giữ nguyên mức trích lập,như hiện hành,đồng/lít,table+text,parsed_ok,
1b7b42dfeb1bf5b2,05/10/2017,dầu điêzen 0.05S,DIESEL,14.768,14768.0,14.588,14588.0,như hiện hành,180,đồng/lít,table+text,parsed_ok,
1b7b42dfeb1bf5b2,05/10/2017,dầu madút 180CST 3.5S,MAZUT,11.848,11848.0,11.748,11748.0,như hiện hành,100,đồng/kg,table+text,parsed_ok,
1b7b42dfeb1bf5b2,05/10/2017,xăng RON 92,RON92,18.129,18129.0,17.999,17999.0,như hiện hành,như hiện hành,đồng/lít,table+text,parsed_ok,
cbd39d9a47faf7e8,20/09/2017,dầu điêzen 0.05S,DIESEL,14.621,14621.0,14.441,14441.0,giữ nguyên mức trích lập,180,đồng/lít,table+text,parsed_ok,
cbd39d9a47faf7e8,20/09/2017,dầu madút 180CST 3.5S,MAZUT,11.636,11636.0,11.536,11536.0,giữ nguyên mức trích lập,100,đồng/kg,table+text,parsed_ok,
cbd39d9a47faf7e8,20/09/2017,xăng RON 92,RON92,18.221,18221.0,18.111,18111.0,giữ nguyên mức trích lập,như hiện hành,đồng/lít,table+text,parsed_ok,
06ef0e45eb8c031e,05/09/2017,dầu điêzen 0.05S,DIESEL,13.950,13950.0,13.950,13950.0,giữ nguyên mức trích lập,0,đồng/lít,table+text,parsed_ok,
06ef0e45eb8c031e,05/09/2017,dầu madút 180CST 3.5S,MAZUT,11.148,11148.0,11.148,11148.0,giữ nguyên mức trích lập,như hiện hành,đồng/kg,table+text,parsed_ok,
06ef0e45eb8c031e,05/09/2017,xăng RON 92,RON92,17.902,17902.0,17.792,17792.0,giữ nguyên mức trích lập,như hiện hành,đồng/lít,table+text,parsed_ok,
13cda7bd83363d57,19/08/2017,dầu điêzen 0.05S,DIESEL,13.822,13822.0,13.795,13795.0,giữ nguyên mức trích lập,27,đồng/lít,table+text,parsed_ok,
13cda7bd83363d57,19/08/2017,dầu madút 180CST 3.5S,MAZUT,11.105,11105.0,11.105,11105.0,giữ nguyên mức trích lập,như hiện hành,đồng/kg,table+text,parsed_ok,
13cda7bd83363d57,19/08/2017,xăng RON 92,RON92,17.596,17596.0,17.486,17486.0,giữ nguyên mức trích lập,như hiện hành,đồng/lít,table+text,parsed_ok,
fc9a8f5275bf873e,04/08/2017,dầu điêzen 0.05S,DIESEL,13.865,13865.0,13.795,13795.0,giữ nguyên mức trích lập,70,đồng/lít,table+text,parsed_ok,
fc9a8f5275bf873e,04/08/2017,dầu madút 180CST 3.5S,MAZUT,11.097,11097.0,11.097,11097.0,giữ nguyên mức trích lập,như hiện hành,đồng/kg,table+text,parsed_ok,
fc9a8f5275bf873e,04/08/2017,xăng RON 92,RON92,17.135,17135.0,17.025,17025.0,giữ nguyên mức trích lập,như hiện hành,đồng/lít,table+text,parsed_ok,
921bf03d65b06677,20/07/2017,dầu điêzen 0.05S,DIESEL,13.329,13329.0,13.329,13329.0,giữ nguyên mức trích lập,như hiện hành,đồng/lít,table+text,parsed_ok,
921bf03d65b06677,20/07/2017,dầu madút 180CST 3.5S,MAZUT,10.833,10833.0,10.833,10833.0,giữ nguyên mức trích lập,như hiện hành,đồng/kg,table+text,parsed_ok,
921bf03d65b06677,20/07/2017,xăng RON 92,RON92,16.426,16426.0,16.426,16426.0,giữ nguyên mức trích lập,như hiện hành,đồng/lít,table+text,parsed_ok,
7e32b00fbdb27950,05/07/2017,dầu điêzen 0.05S,DIESEL,12.957,12957.0,12.957,12957.0,giữ nguyên mức trích lập,như hiện hành,đồng/lít,table+text,parsed_ok,
7e32b00fbdb27950,05/07/2017,dầu madút 180CST 3.5S,MAZUT,10.776,10776.0,10.776,10776.0,giữ nguyên mức trích lập,như hiện hành,đồng/kg,table+text,parsed_ok,
7e32b00fbdb27950,05/07/2017,xăng RON 92,RON92,16.069,16069.0,16.069,16069.0,giữ nguyên mức trích lập,như hiện hành,đồng/lít,table+text,parsed_ok,
ad10f0c3e079515d,20/06/2017,dầu điêzen 0.05S,DIESEL,12.835,12835.0,12.835,12835.0,giữ nguyên mức trích lập,như hiện hành,đồng/lít,table+text,parsed_ok,
ad10f0c3e079515d,20/06/2017,dầu madút 180CST 3.5S,MAZUT,10.666,10666.0,10.666,10666.0,giữ nguyên mức trích lập,như hiện hành,đồng/kg,table+text,parsed_ok,
ad10f0c3e079515d,20/06/2017,xăng RON 92,RON92,1 6. 504,16504.0,16.504,16504.0,giữ nguyên mức trích lập,như hiện hành,đồng/lít,table+text,parsed_ok,
abeb75d673ddddac,20/05/2017,dầu điêzen 0.05S,DIESEL,13.260,13260.0,13.260,13260.0,giữ nguyên mức trích lập,như hiện hành,đồng/lít,table+text,parsed_ok,
abeb75d673ddddac,20/05/2017,dầu madút 180CST 3.5S,MAZUT,10.896,10896.0,10.896,10896.0,giữ nguyên mức trích lập,như hiện hành,đồng/kg,table+text,parsed_ok,
abeb75d673ddddac,20/05/2017,xăng RON 92,RON92,17.063,17063.0,17.063,17063.0,giữ nguyên mức trích lập,như hiện hành,đồng/lít,table+text,parsed_ok,
d62f1a583aa23a5b,05/05/2017,dầu điêzen 0.05S,DIESEL,13 . 603,13603.0,13.603,13603.0,như hiện hành,0,đồng/lít,table+text,parsed_ok,
d62f1a583aa23a5b,05/05/2017,dầu madút 180CST 3.5S,MAZUT,10.902,10902.0,10.902,10902.0,như hiện hành,0,đồng/kg,table+text,parsed_ok,
d62f1a583aa23a5b,05/05/2017,xăng RON 92,RON92,17.274,17274.0,1 7.274,17274.0,như hiện hành,như hiện hành,đồng/lít,table+text,parsed_ok,
5934bf2a1035cdc7,20/04/2017,dầu điêzen 0.05S,DIESEL,14.119,14119.0,13.819,13819.0,giữ nguyên mức trích lập,300,đồng/lít,table+text,parsed_ok,
5934bf2a1035cdc7,20/04/2017,dầu madút 180CST 3.5S,MAZUT,11.270,11270.0,10.966,10966.0,giữ nguyên mức trích lập,304,đồng/kg,table+text,parsed_ok,
5934bf2a1035cdc7,20/04/2017,xăng RON 92,RON92,17.997,17997.0,17.583,17583.0,giữ nguyên mức trích lập,như hiện hành,đồng/lít,table+text,parsed_ok,
f5219a31aa1949c2,05/04/2017,dầu điêzen 0.05S,DIESEL,13.469,13469.0,13.469,13469.0,giữ nguyên mức trích lập,như hiện hành,đồng/lít,table+text,parsed_ok,
f5219a31aa1949c2,05/04/2017,dầu madút 180CST 3.5S,MAZUT,10.616,10616.0,10.616,10616.0,giữ nguyên mức trích lập,như hiện hành,đồng/kg,table+text,parsed_ok,
f5219a31aa1949c2,05/04/2017,xăng RON 92,RON92,17.233,17233.0,1 7.233,17233.0,giữ nguyên mức trích lập,như hiện hành,đồng/lít,table+text,parsed_ok,
4d4e4a8f66f25fce,21/03/2017,dầu điêzen 0.05S,DIESEL,13.838,13838.0,13.838,13838.0,giữ nguyên mức trích lập,như hiện hành,đồng/lít,table+text,parsed_ok,
4d4e4a8f66f25fce,21/03/2017,dầu madút 180CST 3.5S,MAZUT,10.850,10850.0,10.850,10850.0,giữ nguyên mức trích lập,như hiện hành,đồng/kg,table+text,parsed_ok,
4d4e4a8f66f25fce,21/03/2017,xăng RON 92,RON92,17.314,17314.0,17.314,17314.0,giữ nguyên mức trích lập,như hiện hành,đồng/lít,table+text,parsed_ok,
ccb4d4d41d57ecf3,06/03/2017,dầu điêzen 0.05S,DIESEL,14.447,14447.0,14.447,14447.0,giữ nguyên mức trích lập,như hiện hành,đồng/lít,table+text,parsed_ok,
ccb4d4d41d57ecf3,06/03/2017,dầu madút 180CST 3.5S,MAZUT,11.378,11378.0,11.378,11378.0,giữ nguyên mức trích lập,như hiện hành,đồng/kg,table+text,parsed_ok,
ccb4d4d41d57ecf3,06/03/2017,xăng RON 92,RON92,18.022,18022.0,18.022,18022.0,giữ nguyên mức trích lập,như hiện hành,đồng/lít,table+text,parsed_ok,
85349108d29236f7,18/02/2017,dầu điêzen 0.05S,DIESEL,14.305,14305.0,14.305,14305.0,giữ nguyên mức trích lập,300,đồng/lít,table+text,parsed_ok,
85349108d29236f7,18/02/2017,dầu madút 180CST 3.5S,MAZUT,11.323,11323.0,11.323,11323.0,giữ nguyên mức trích lập,300,đồng/kg,table+text,parsed_ok,
85349108d29236f7,18/02/2017,xăng RON 92,RON92,18.398,18398.0,18.098,18098.0,giữ nguyên mức trích lập,300,đồng/lít,table+text,parsed_ok,
4e4b62a32987ec4b,03/02/2017,dầu điêzen 0.05 S,DIESEL,14.022,14022.0,14.022,14022.0,giữ nguyên mức trích lập,như hiện hành,đồng/lít,table+text,parsed_ok,
4e4b62a32987ec4b,03/02/2017,dầu madút 180CST 3.5S,MAZUT,11.206,11206.0,11.206,11206.0,giữ nguyên mức trích lập,như hiện hành,đồng/kg,table+text,parsed_ok,
4e4b62a32987ec4b,03/02/2017,xăng RON 92,RON92,18.163,18163.0,17.594,17594.0,giữ nguyên mức trích lập,như hiện hành,đồng/lít,table+text,parsed_ok,
82e96d5203929456,19/01/2017,dầu điêzen 0.05S,DIESEL,14.047,14047.0,14.047,14047.0,giữ nguyên mức trích lập,0,đồng/lít,table+text,parsed_ok,
82e96d5203929456,19/01/2017,dầu madút 180CST 3.5S,MAZUT,11.623,11623.0,1 1.623,11623.0,giữ nguyên mức trích lập,0,đồng/kg,table+text,parsed_ok,
82e96d5203929456,19/01/2017,xăng RON 92,RON92,18.097,18097.0,17.594,17594.0,giữ nguyên mức trích lập,như hiện hành,đồng/lít,table+text,parsed_ok,
2ac158a8f2190332,04/01/2017,dầu điêzen 0.05S,DIESEL,14.007,14007.0,13.757,13757.0,giữ nguyên mức trích lập,250,đồng/lít,table+text,parsed_ok,
2ac158a8f2190332,04/01/2017,dầu madút 180CST 3.5S,MAZUT,11.627,11627.0,11.127,11127.0,giữ nguyên mức trích lập,500,đồng/kg,table+text,parsed_ok,
2ac158a8f2190332,04/01/2017,xăng RON 92,RON92,18.153,18153.0,17.594,17594.0,giữ nguyên mức trích lập,như hiện hành,đồng/lít,table+text,parsed_ok,
3c95d2596010ad83,20/12/2016,dầu điêzen 0.05S,DIESEL,13.683,13683.0,13. 433,13433.0,giữ nguyên mức trích lập,như hiện hành,đồng/lít,table+text,parsed_ok,
3c95d2596010ad83,20/12/2016,dầu madút 180CST 3.5S,MAZUT,11.184,11184.0,10. 634,10634.0,giữ nguyên mức trích lập,550,đồng/kg,table+text,parsed_ok,
3c95d2596010ad83,20/12/2016,xăng RON 92,RON92,18.194,18194.0,17 . 594,17594.0,giữ nguyên mức trích lập,như hiện hành,đồng/lít,table+text,parsed_ok,
7fe1b50a718d1aec,05/12/2016,dầu điêzen 0.05S,DIESEL,12.922,12922.0,12.672,12672.0,giữ nguyên mức trích lập,250,đồng/lít,table+text,parsed_ok,
7fe1b50a718d1aec,05/12/2016,dầu madút 180CST 3.5S,MAZUT,10.362,10362.0,9.962,9962.0,giữ nguyên mức trích lập,400,đồng/kg,table+text,parsed_ok,
7fe1b50a718d1aec,05/12/2016,xăng RON 92,RON92,17.175,17175.0,16.675,16675.0,giữ nguyên mức trích lập,như hiện hành,đồng/lít,table+text,parsed_ok,
38ab771683aaf50d,19/11/2016,dầu điêzen 0.05 S,DIESEL,12.509,12509.0,,,300,,"đồng/lít,kg",table,parsed_partial,retail_price_raw;bog_spending_raw
38ab771683aaf50d,19/11/2016,dầu madút 180CST 3.5S,MAZUT,9.687,9687.0,,,300,,"đồng/lít,kg",table,parsed_partial,retail_price_raw;bog_spending_raw
38ab771683aaf50d,19/11/2016,xăng RON 92,RON92,16.371,16371.0,,,300,,"đồng/lít,kg",table,parsed_partial,retail_price_raw;bog_spending_raw
5ef734b737dd9f4f,04/11/2016,dầu điêzen 0.05S,DIESEL,13.242,13242.0,13.023,13023.0,giữ nguyên mức trích lập,219,đồng/lít,table+text,parsed_ok,
5ef734b737dd9f4f,04/11/2016,dầu madút 180CST 3.5S,MAZUT,10.060,10060.0,10.060,10060.0,giữ nguyên mức trích lập,như hiện hành,đồng/kg,table+text,parsed_ok,
5ef734b737dd9f4f,04/11/2016,xăng RON 92,RON92,17.492,17492.0,16.892,16892.0,giữ nguyên mức trích lập,như hiện hành,đồng/lít,table+text,parsed_ok,
e383f4ffaf96735f,20/10/2016,dầu điêzen 0.05S,DIESEL,13.323,13323.0,13.023,13023.0,giữ nguyên mức trích lập,300,đồng/lít,table+text,parsed_ok,
e383f4ffaf96735f,20/10/2016,dầu madút 180CST 3.5S,MAZUT,10.065,10065.0,10.065,10065.0,giữ nguyên mức trích lập,như hiện hành,đồng/kg,table+text,parsed_ok,
e383f4ffaf96735f,20/10/2016,xăng RON 92,RON92,17.445,17445.0,16.845,16845.0,giữ nguyên mức trích lập,như hiện hành,đồng/lít,table+text,parsed_ok,
97034205aef0f0c1,05/10/2016,dầu điêzen 0.05S,DIESEL,12.424,12424.0,12.424,12424.0,giữ nguyên mức trích lập,như hiện hành,đồng/lít,table+text,parsed_ok,
97034205aef0f0c1,05/10/2016,dầu madút 180CST 3.5S,MAZUT,9.473,9473.0,9.473,9473.0,giữ nguyên mức trích lập,như hiện hành,đồng/kg,table+text,parsed_ok,
97034205aef0f0c1,05/10/2016,xăng RON 92,RON92,16.704,16704.0,16.404,16404.0,giữ nguyên mức trích lập,như hiện hành,đồng/lít,table+text,parsed_ok,
45309d7cfc9a5004,20/09/2016,dầu điêzen 0.05S,DIESEL,12.255,12255.0,12.255,12255.0,giữ nguyên mức trích lập,như hiện hành,đồng/lít,table+text,parsed_ok,
45309d7cfc9a5004,20/09/2016,dầu madút 180CST 3.5S,MAZUT,9.343,9343.0,9.343,9343.0,giữ nguyên mức trích lập,như hiện hành,đồng/kg,table+text,parsed_ok,
45309d7cfc9a5004,20/09/2016,xăng RON 92,RON92,16.532,16532.0,16.232,16232.0,giữ nguyên mức trích lập,như hiện hành,đồng/lít,table+text,parsed_ok,
04cea6b6d02defc0,05/09/2016,dầu điêzen 0.05S,DIESEL,12.388,12388.0,12.388,12388.0,giữ nguyên mức trích lập,như hiện hành,đồng/lít,table+text,parsed_ok,
04cea6b6d02defc0,05/09/2016,dầu madút 1 80CST 3.5S,MAZUT,9.339,9339.0,9.339,9339.0,giữ nguyên mức trích lập,như hiện hành,đồng/kg,table+text,parsed_ok,
04cea6b6d02defc0,05/09/2016,xăng RON 92,RON92,16.370,16370.0,16.076,16076.0,giữ nguyên mức trích lập,như hiện hành,đồng/lít,table+text,parsed_ok,
6cf73ba1d9166a85,19/08/2016,dầu điêzen 0.05S,DIESEL,"11,914",11914.0,11.914,11914.0,giữ nguyên mức trích lập,như hiện hành,đồng/lít,table+text,parsed_ok,
6cf73ba1d9166a85,19/08/2016,dầu madút 180CST 3.5S,MAZUT,"8,837",8837.0,8.837,8837.0,giữ nguyên mức trích lập,như hiện hành,đồng/kg,table+text,parsed_ok,
6cf73ba1d9166a85,19/08/2016,xăng RON 92,RON92,"15,374",15374.0,15.374,15374.0,giữ nguyên mức trích lập,như hiện hành,đồng/lít,table+text,parsed_ok,
9321eff5f86a1156,04/08/2016,dầu điêzen 0.05S,DIESEL,11.661,11661.0,11.661,11661.0,giữ nguyên mức trích lập,0,đồng/lít,table+text,parsed_ok,
9321eff5f86a1156,04/08/2016,dầu madút 180CST 3.5S,MAZUT,8.623,8623.0,8.623,8623.0,giữ nguyên mức trích lập,0,đồng/kg,table+text,parsed_ok,
9321eff5f86a1156,04/08/2016,xăng RON 92,RON92,14.699,14699.0,14.699,14699.0,giữ nguyên mức trích lập,như hiện hành,đồng/lít,table+text,parsed_ok,
11703c12f7f2fdf2,20/07/2016,dầu điêzen 0.05S,DIESEL,12.349,12349.0,12.298,12298.0,giữ nguyên mức trích lập,51,đồng/lít,table+text,parsed_ok,
11703c12f7f2fdf2,20/07/2016,dầu madút 180CST 3.5S,MAZUT,9.137,9137.0,9.001,9001.0,giữ nguyên mức trích lập,136,đồng/kg,table+text,parsed_ok,
11703c12f7f2fdf2,20/07/2016,xăng RON 92,RON92,15.303,15303.0,15.303,15303.0,giữ nguyên mức trích lập,như hiện hành,đồng/lít,table+text,parsed_ok,
f2842f6b70c01089,05/07/2016,dầu điêzen 0.05S,DIESEL,"12,770",12770.0,12.298,12298.0,giữ nguyên mức trích lập,472,đồng/lít,table+text,parsed_ok,
f2842f6b70c01089,05/07/2016,dầu madút 180CST 3.5S,MAZUT,"9,152",9152.0,9.001,9001.0,giữ nguyên mức trích lập,151,đồng/kg,table+text,parsed_ok,
f2842f6b70c01089,05/07/2016,xăng RON 92,RON92,"16,394",16394.0,15.968,15968.0,giữ nguyên mức trích lập,như hiện hành,đồng/lít,table+text,parsed_ok,
f7f67b120da503b0,20/06/2016,dầu điêzen 0.05S,DIESEL,12.893,12893.0,12.298,12298.0,giữ nguyên mức trích lập,595,đồng/lít,table+text,parsed_ok,
f7f67b120da503b0,20/06/2016,dầu madút 180CST 3.5S,MAZUT,8.892,8892.0,8.741,8741.0,giữ nguyên mức trích lập,151,đồng/kg,table+text,parsed_ok,
f7f67b120da503b0,20/06/2016,xăng RON 92,RON92,16.807,16807.0,16.168,16168.0,giữ nguyên mức trích lập,như hiện hành,đồng/lít,table+text,parsed_ok,
b87aa645d2da7592,04/06/2016,dầu điêzen 0.05S,DIESEL,12.754,12754.0,11.908,11908.0,giữ nguyên mức trích lập,846,đồng/lít,table+text,parsed_ok,
b87aa645d2da7592,04/06/2016,dầu madút 180CST 3.5S,MAZUT,8.714,8714.0,8.391,8391.0,giữ nguyên mức trích lập,323,đồng/kg,table+text,parsed_ok,
b87aa645d2da7592,04/06/2016,xăng RON 92,RON92,17.148,17148.0,16.509,16509.0,giữ nguyên mức trích lập,như hiện hành,đồng/lít,table+text,parsed_ok,
dcedccbb836a181d,20/05/2016,dầu điêzen 0.05S,DIESEL,12.146,12146.0,11.300,11300.0,giữ nguyên mức trích lập,846,đồng/lít,table+text,parsed_ok,
dcedccbb836a181d,20/05/2016,dầu madút 180CST 3.5S,MAZUT,8.473,8473.0,8.150,8150.0,giữ nguyên mức trích lập,323,đồng/kg,table+text,parsed_ok,
dcedccbb836a181d,20/05/2016,xăng RON 92,RON92,16.468,16468.0,15 . 829,15829.0,giữ nguyên mức trích lập,như hiện hành,đồng/lít,table+text,parsed_ok,
92caeff422765db6,05/05/2016,dầu điêzen 0.05S,DIESEL,11.869,11869.0,11.023,11023.0,giữ nguyên mức trích lập,846,đồng/lít,table+text,parsed_ok,
92caeff422765db6,05/05/2016,dầu madút 180CST 3.5S,MAZUT,8.183,8183.0,7.860,7860.0,giữ nguyên mức trích lập,323,đồng/kg,table+text,parsed_ok,
92caeff422765db6,05/05/2016,xăng RON 92,RON92,16.225,16225.0,15.586,15586.0,giữ nguyên mức trích lập,như hiện hành,đồng/lít,table+text,parsed_ok,
c9c43fcbf0b31abd,20/04/2016,dầu điêzen 0.05S,DIESEL,10.933,10933.0,10.373,10373.0,300,300,đồng/lít,table+text,parsed_ok,
c9c43fcbf0b31abd,20/04/2016,dầu madút 180CST 3.5S,MAZUT,7 . 560,7560.0,7.560,7560.0,300,300,đồng/kg,table+text,parsed_ok,
c9c43fcbf0b31abd,20/04/2016,xăng RON 92,RON92,15.579,15579.0,14.940,14940.0,300,300,đồng/lít,table+text,parsed_ok,
eaf10a8893233a5d,05/04/2016,dầu điêzen 0.05S,DIESEL,10.890,10890.0,9.873,9873.0,giữ nguyên mức trích lập,1.017,đồng/lít,table+text,parsed_ok,
eaf10a8893233a5d,05/04/2016,dầu madút 180CST 3.5S,MAZUT,7.496,7496.0,7.225,7225.0,giữ nguyên mức trích lập,271,đồng/kg,table+text,parsed_ok,
eaf10a8893233a5d,05/04/2016,xăng RON 92,RON92,15.740,15740.0,14.940,14940.0,giữ nguyên mức trích lập,như hiện hành,đồng/lít,table+text,parsed_ok,
c33b524e883b30cb,21/03/2016,dầu điêzen 0.05S,DIESEL,10.856,10856.0,9.873,9873.0,giữ nguyên mức trích lập,983,đồng/lít,table+text,parsed_ok,
c33b524e883b30cb,21/03/2016,dầu madút 180CST 3.5S,MAZUT,7.456,7456.0,7.225,7225.0,giữ nguyên mức trích lập,231,đồng/kg,table+text,parsed_ok,
c33b524e883b30cb,21/03/2016,xăng RON 92,RON92,15.469,15469.0,14.422,14422.0,giữ nguyên mức trích lập,như hiện hành,đồng/lít,table+text,parsed_ok,
5044e65200c475e0,04/03/2016,dầu điêzen 0.05S,DIESEL,10.563,10563.0,9.580,9580.0,giữ nguyên mức trích lập,983,đồng/lít,table+text,parsed_ok,
5044e65200c475e0,04/03/2016,dầu madút 180CST 3.5S,MAZUT,7.294,7294.0,7.225,7225.0,giữ nguyên mức trích lập,69,đồng/kg,table+text,parsed_ok,
5044e65200c475e0,04/03/2016,xăng RON 92,RON92,14.122,14122.0,13.752,13752.0,giữ nguyên mức trích lập,như hiện hành,đồng/lít,table+text,parsed_ok,
21c47683914e48ed,18/02/2016,dầu điêzen 0.05S,DIESEL,10.119,10119.0,9.580,9580.0,giữ nguyên mức trích lập,539,đồng/lít,table+text,parsed_ok,
21c47683914e48ed,18/02/2016,dầu madút 180CST 3.5S,MAZUT,7.260,7260.0,7.225,7225.0,giữ nguyên mức trích lập,35,đồng/kg,table+text,parsed_ok,
21c47683914e48ed,18/02/2016,xăng RON 92,RON92,13.752,13752.0,13.752,13752.0,giữ nguyên mức trích lập,như hiện hành,đồng/lít,table+text,parsed_ok,
4c5892781f11fc11,03/02/2016,dầu điêzen 0.05S,DIESEL,9.580,9580.0,9.580,9580.0,giữ nguyên mức trích lập,như hiện hành,đồng/lít,table+text,parsed_ok,
4c5892781f11fc11,03/02/2016,dầu madút 180CST 3.5S,MAZUT,7.225,7225.0,7.225,7225.0,giữ nguyên mức trích lập,như hiện hành,đồng/kg,table+text,parsed_ok,
4c5892781f11fc11,03/02/2016,xăng RON 92,RON92,14.713,14713.0,14.713,14713.0,giữ nguyên mức trích lập,như hiện hành,đồng/lít,table+text,parsed_ok,
7fd1d11450e12050,19/01/2016,dầu điêzen 0.05S,DIESEL,10.207,10207.0,10.207,10207.0,giữ nguyên mức trích lập,như hiện hành,đồng/lít,table+text,parsed_ok,
7fd1d11450e12050,19/01/2016,dầu madút 180CST 3.5S,MAZUT,7.245,7245.0,7.245,7245.0,giữ nguyên mức trích lập,như hiện hành,đồng/kg,table+text,parsed_ok,
7fd1d11450e12050,19/01/2016,xăng RON 92,RON92,15 . 442,15442.0,15.442,15442.0,giữ nguyên mức trích lập,như hiện hành,đồng/lít,table+text,parsed_ok,
8b2ae5609d823b9f,04/01/2016,dầu điêzen 0.05S,DIESEL,11.119,11119.0,1 1 . 119,11119.0,giữ nguyên mức trích lập,như hiện hành,đồng/lít,table+text,parsed_ok,
8b2ae5609d823b9f,04/01/2016,dầu madút 180CST 3.5S,MAZUT,7.546,7546.0,7 . 546,7546.0,giữ nguyên mức trích lập,như hiện hành,đồng/kg,table+text,parsed_ok,
8b2ae5609d823b9f,04/01/2016,xăng RON 92,RON92,16.032,16032.0,16 . 032,16032.0,giữ nguyên mức trích lập,như hiện hành,đồng/lít,table+text,parsed_ok,
a728f566cad561f8,21/04/2026,dầu điêzen 0.05S,DIESEL,27.856,27856.0,27.856,27856.0,600,0,đồng/lít,table+text,parsed_ok,
a728f566cad561f8,21/04/2026,xăng E5RON92,E5RON92,21.934,21934.0,21.934,21934.0,200,0,đồng/lít,table+text,parsed_ok,
a728f566cad561f8,21/04/2026,dầu madút 180CST 3.5S,MAZUT,19.631,19631.0,19.631,19631.0,600,0,đồng/kg,table+text,parsed_ok,
a728f566cad561f8,21/04/2026,xăng RON95-III,RON95_III,23.042,23042.0,23.042,23042.0,,,đồng/lít,table+text,parsed_partial,bog_contribution_raw;bog_spending_raw
f7d47453ff59812c,07/05/2026,dầu điêzen 0.05S,DIESEL,27.494,27494.0,27.494,27494.0,0,0,đồng/lít,table+text,parsed_ok,
f7d47453ff59812c,07/05/2026,xăng E5RON92,E5RON92,23.790,23790.0,23.790,23790.0,0,0,đồng/lít,table+text,parsed_ok,
f7d47453ff59812c,07/05/2026,dầu madút 180CST 3.5S,MAZUT,21.172,21172.0,21.172,21172.0,0,0,đồng/kg,table+text,parsed_ok,
f7d47453ff59812c,07/05/2026,xăng RON95- III,RON95,24.354,24354.0,,,,,"đồng/lít,kg",table,parsed_partial,retail_price_raw;bog_contribution_raw;bog_spending_raw
f7d47453ff59812c,07/05/2026,xăng RON95-III,RON95_III,,,24.354,24354.0,,,đồng/lít,text,parsed_partial,base_price_raw;bog_contribution_raw;bog_spending_raw
a27e26c9600beca2,29/04/2026,dầu điêzen 0.05S,DIESEL,28.172,28172.0,28.172,28172.0,0,0,đồng/lít,table+text,parsed_ok,
a27e26c9600beca2,29/04/2026,xăng E5RON92,E5RON92,22.626,22626.0,22.626,22626.0,0,0,đồng/lít,table+text,parsed_ok,
a27e26c9600beca2,29/04/2026,dầu madút 180CST 3.5S,MAZUT,20.027,20027.0,20.027,20027.0,0,0,đồng/kg,table+text,parsed_ok,
a27e26c9600beca2,29/04/2026,xăng RON95- III,RON95,23.751,23751.0,,,,,"đồng/lít,kg",table,parsed_partial,retail_price_raw;bog_contribution_raw;bog_spending_raw
a27e26c9600beca2,29/04/2026,xăng RON95-III,RON95_III,,,23.751,23751.0,,,đồng/lít,text,parsed_partial,base_price_raw;bog_contribution_raw;bog_spending_raw
1556e726b5779d45,23/04/2026,dầu diezen 0.05S,DIESEL,26.697,26697.0,26.697,26697.0,400,0,đồng/lít,table+text,parsed_ok,
1556e726b5779d45,23/04/2026,xăng E5RON92,E5RON92,21.834,21834.0,21.834,21834.0,0,0,đồng/lít,table+text,parsed_ok,
1556e726b5779d45,23/04/2026,dầu madút 180CST 3.5S,MAZUT,18.811,18811.0,18.811,18811.0,400,0,đồng/kg,table+text,parsed_ok,
1556e726b5779d45,23/04/2026,xăng RON95-III,RON95_III,22.880,22880.0,22.880,22880.0,,,đồng/lít,table+text,parsed_partial,bog_contribution_raw;bog_spending_raw
24a2dd6e39e905f0,03/04/2026,dầu diezen 0.05S,DIESEL,49.788,49788.0,44.788,44788.0,0,5.000,đồng/lít,table+text,parsed_ok,
24a2dd6e39e905f0,03/04/2026,xăng E5RON92,E5RON92,25.428,25428.0,25.428,25428.0,0,0,đồng/lít,table+text,parsed_ok,
24a2dd6e39e905f0,03/04/2026,dầu madút 180CST 3.5S,MAZUT,24.593,24593.0,24.593,24593.0,0,0,đồng/kg,table+text,parsed_ok,
24a2dd6e39e905f0,03/04/2026,xăng RON95-III,RON95_III,26.976,26976.0,26.976,26976.0,,,đồng/lít,table+text,parsed_partial,bog_contribution_raw;bog_spending_raw
ae3a6e24c862e129,02/04/2026,dầu điêzen 0.05S,DIESEL,40.827,40827.0,40.827,40827.0,0,0,đồng/lít,table+text,parsed_ok,
ae3a6e24c862e129,02/04/2026,xăng E5RON92,E5RON92,23.863,23863.0,23.863,23863.0,0,0,đồng/lít,table+text,parsed_ok,
ae3a6e24c862e129,02/04/2026,dầu madút 180CST 3.5S,MAZUT,23.331,23331.0,23.331,23331.0,0,0,đồng/kg,table+text,parsed_ok,
ae3a6e24c862e129,02/04/2026,xăng RON95-III,RON95_III,25.159,25159.0,25.159,25159.0,,,đồng/lít,table+text,parsed_partial,bog_contribution_raw;bog_spending_raw
66b46690b470d557,26/03/2026,dầu điêzen 0.05S,DIESEL,35.440,35440.0,35.440,35440.0,0,0,đồng/lít,table+text,parsed_ok,
66b46690b470d557,26/03/2026,xăng E5RON92,E5RON92,23.326,23326.0,23.326,23326.0,0,0,đồng/lít,table+text,parsed_ok,
66b46690b470d557,26/03/2026,dầu madút 180CST 3.5S,MAZUT,21.748,21748.0,21.748,21748.0,0,0,đồng/kg,table+text,parsed_ok,
66b46690b470d557,26/03/2026,xăng RON95-III,RON95_III,24.332,24332.0,24.332,24332.0,,,đồng/lít,table+text,parsed_partial,bog_contribution_raw;bog_spending_raw
b8a91bcf7a01b397,25/03/2026,dầu điêzen 0.05S,DIESEL,41.899,41899.0,37.899,37899.0,0,4.000,đồng/lít,table+text,parsed_ok,
b8a91bcf7a01b397,25/03/2026,xăng E5RON92,E5RON92,31.075,31075.0,28.075,28075.0,0,3.000,đồng/lít,table+text,parsed_ok,
b8a91bcf7a01b397,25/03/2026,dầu madút 180CST 3.5S,MAZUT,23.245,23245.0,20.245,20245.0,0,3.000,đồng/kg,table+text,parsed_ok,
b8a91bcf7a01b397,25/03/2026,xăng RON95-III,RON95_III,32.957,32957.0,29.957,29957.0,,,đồng/lít,table+text,parsed_partial,bog_contribution_raw;bog_spending_raw
a3822572df67edd0,24/03/2026,dầu điêzen 0.05S,DIESEL,43.666,43666.0,39.666,39666.0,0,4.000,đồng/lít,table+text,parsed_ok,
a3822572df67edd0,24/03/2026,xăng E5RON92,E5RON92,33.114,33114.0,30.114,30114.0,0,3.000,đồng/lít,table+text,parsed_ok,
a3822572df67edd0,24/03/2026,dầu madút 180CST 3.5S,MAZUT,25.609,25609.0,22.609,22609.0,0,3.000,đồng/kg,table+text,parsed_ok,
a3822572df67edd0,24/03/2026,xăng RON95-III,RON95_III,36.840,36840.0,33.840,33840.0,,,đồng/lít,table+text,parsed_partial,bog_contribution_raw;bog_spending_raw
6d2f894342335748,19/03/2026,dầu điêzen 0.05S,DIESEL,37.420,37420.0,33.420,33420.0,0,4.000,đồng/lít,table+text,parsed_ok,
6d2f894342335748,19/03/2026,xăng E5RON92,E5RON92,30.177,30177.0,27.177,27177.0,0,3.000,đồng/lít,table+text,parsed_ok,
6d2f894342335748,19/03/2026,dầu madút 180CST 3.5S,MAZUT,25.189,25189.0,22.189,22189.0,0,3.000,đồng/kg,table+text,parsed_ok,
6d2f894342335748,19/03/2026,xăng RON95-III,RON95_III,33.690,33690.0,30.690,30690.0,,,đồng/lít,table+text,parsed_partial,bog_contribution_raw;bog_spending_raw
e93331735ad1a5a9,12/03/2026,dầu điêzen 0.05S,DIESEL,32 .025,32025.0,27.025,27025.0,0,5.000,đồng/lít,table+text,parsed_ok,
e93331735ad1a5a9,12/03/2026,xăng E5RON92,E5RON92,26.504,26504.0,22.504,22504.0,0,4.000,đồng/lít,table+text,parsed_ok,
e93331735ad1a5a9,12/03/2026,dầu madút 180CST 3.5S,MAZUT,22 .661,22661.0,18.661,18661.0,0,4.000,đồng/kg,table+text,parsed_ok,
e93331735ad1a5a9,12/03/2026,xăng RON95-III,RON95_III,29.575,29575.0,25.575,25575.0,,,đồng/lít,table+text,parsed_partial,bog_contribution_raw;bog_spending_raw
78828583f7ec8c18,11/03/2026,dầu điêzen 0.05S,DIESEL,31.470,31470.0,26.470,26470.0,0,,đồng/lít,table+text,parsed_partial,bog_spending_raw
78828583f7ec8c18,11/03/2026,xăng E5RON92,E5RON92,26.951,26951.0,22.951,22951.0,0,,đồng/lít,table+text,parsed_partial,bog_spending_raw
78828583f7ec8c18,11/03/2026,dầu madút 180CST 3.5S,MAZUT,23.001,23001.0,19.001,19001.0,0,,đồng/kg,table+text,parsed_partial,bog_spending_raw
78828583f7ec8c18,11/03/2026,xăng RON95-III,RON95_III,29.240,29240.0,25.240,25240.0,,,đồng/lít,table+text,parsed_partial,bog_contribution_raw;bog_spending_raw
d177a481ae82f9c8,10/03/2026,dầu điêzen 0.05S,DIESEL,35.717,35717.0,30.717,30717.0,0,5.000,đồng/lít,table+text,parsed_ok,
d177a481ae82f9c8,10/03/2026,xăng E5RON92,E5RON92,30.570,30570.0,26.570,26570.0,0,4.000,đồng/lít,table+text,parsed_ok,
d177a481ae82f9c8,10/03/2026,dầu madút 180CST 3.5S,MAZUT,28.707,28707.0,24.707,24707.0,0,4.000,đồng/kg,table+text,parsed_ok,
d177a481ae82f9c8,10/03/2026,xăng RON95-III,RON95_III,33.120,33120.0,29.120,29120.0,,,đồng/lít,table+text,parsed_partial,bog_contribution_raw;bog_spending_raw
216cbbaf89457bfd,09/01/2025,dầu diezen 0.05S,DIESEL,19.243,19243.0,19.243,19243.0,0,0,đồng/lít,table+text,parsed_ok,
216cbbaf89457bfd,09/01/2025,xăng E5RON92,E5RON92,20.431,20431.0,20.431,20431.0,0,0,đồng/lít,table+text,parsed_ok,
216cbbaf89457bfd,09/01/2025,dầu madút 180CST 3.5S,MAZUT,16.182,16182.0,16.182,16182.0,0,0,đồng/kg,table+text,parsed_ok,
216cbbaf89457bfd,09/01/2025,xăng RON95-III,RON95_III,21.019,21019.0,21.019,21019.0,0,0,đồng/lít,table+text,parsed_ok,
