[2026-04-21 09:41:22] DISCOVERY: start (seed-based mode)
[2026-04-21 09:41:22] DISCOVERY DONE: 2 rows
[2026-04-21 09:41:58] FETCH STATUS: 200 | https://thuvienphapluat.vn/cong-van/Thuong-mai/Cong-van-2642-BCT-TTTN-2026-thong-bao-dieu-hanh-gia-ban-xang-dau-701937.aspx
[2026-04-21 09:41:58] FETCH OK: https://thuvienphapluat.vn/cong-van/Thuong-mai/Cong-van-2642-BCT-TTTN-2026-thong-bao-dieu-hanh-gia-ban-xang-dau-701937.aspx
[2026-04-21 09:42:00] FETCH STATUS: 200 | https://thuvienphapluat.vn/cong-van/Thuong-mai/Cong-van-2428-BCT-TTTN-2026-thong-bao-dieu-hanh-gia-ban-xang-dau-700615.aspx
[2026-04-21 09:42:00] FETCH OK: https://thuvienphapluat.vn/cong-van/Thuong-mai/Cong-van-2428-BCT-TTTN-2026-thong-bao-dieu-hanh-gia-ban-xang-dau-700615.aspx
[2026-04-21 09:42:01] FETCH DONE: fetched=2, invalid=0, failed=0
[2026-04-21 09:42:13] RUN_UPDATE: pipeline started
[2026-04-21 09:42:13] DISCOVERY: start (seed-based mode)
[2026-04-21 09:42:13] DISCOVERY DONE: 2 rows
[2026-04-21 09:42:13] FETCH DONE: fetched=0, invalid=0, failed=0
[2026-04-21 09:42:13] RUN_UPDATE: pipeline finished
[2026-04-21 10:17:06] DISCOVERY: page=1
[2026-04-21 10:17:19] DISCOVERY: found 19 docs
[2026-04-21 10:17:19] DISCOVERY: page=2
[2026-04-21 10:17:29] DISCOVERY: found 20 docs
[2026-04-21 10:17:29] DISCOVERY: page=3
[2026-04-21 10:17:37] DISCOVERY: found 20 docs
[2026-04-21 10:17:37] DISCOVERY: page=4
[2026-04-21 10:17:46] DISCOVERY: found 19 docs
[2026-04-21 10:17:46] DISCOVERY: page=5
[2026-04-21 10:17:59] DISCOVERY: found 20 docs
[2026-04-21 10:17:59] DISCOVERY: page=6
[2026-04-21 10:18:09] DISCOVERY: found 19 docs
[2026-04-21 10:18:09] DISCOVERY: page=7
[2026-04-21 10:18:18] DISCOVERY: found 19 docs
[2026-04-21 10:18:18] DISCOVERY: page=8
[2026-04-21 10:18:27] DISCOVERY: found 15 docs
[2026-04-21 10:18:27] DISCOVERY: page=9
[2026-04-21 10:18:37] DISCOVERY: found 11 docs
[2026-04-21 10:18:37] DISCOVERY: page=10
[2026-04-21 10:18:48] DISCOVERY: found 14 docs
[2026-04-21 10:18:48] DISCOVERY: page=11
[2026-04-21 10:18:57] DISCOVERY: found 17 docs
[2026-04-21 10:18:57] DISCOVERY: page=12
[2026-04-21 10:19:08] DISCOVERY: found 13 docs
[2026-04-21 10:19:08] DISCOVERY: page=13
[2026-04-21 10:19:17] DISCOVERY: found 15 docs
[2026-04-21 10:19:17] DISCOVERY: page=14
[2026-04-21 10:19:26] DISCOVERY: found 10 docs
[2026-04-21 10:19:26] DISCOVERY: page=15
[2026-04-21 10:19:36] DISCOVERY: found 14 docs
[2026-04-21 10:19:36] DISCOVERY: page=16
[2026-04-21 10:19:46] DISCOVERY: found 13 docs
[2026-04-21 10:19:46] DISCOVERY: page=17
[2026-04-21 10:19:55] DISCOVERY: found 13 docs
[2026-04-21 10:19:55] DISCOVERY: page=18
[2026-04-21 10:20:05] DISCOVERY: found 16 docs
[2026-04-21 10:20:05] DISCOVERY: page=19
[2026-04-21 10:20:15] DISCOVERY: found 12 docs
[2026-04-21 10:20:15] DISCOVERY: page=20
[2026-04-21 10:20:24] DISCOVERY: found 0 docs
[2026-04-21 10:20:24] DISCOVERY DONE: total=299 docs
[2026-04-21 10:22:21] FETCH STATUS: 200 | https://thuvienphapluat.vn/cong-van/Thuong-mai/Cong-van-2642-BCT-TTTN-2026-thong-bao-dieu-hanh-gia-ban-xang-dau-701937.aspx
[2026-04-21 10:22:21] FETCH OK: https://thuvienphapluat.vn/cong-van/Thuong-mai/Cong-van-2642-BCT-TTTN-2026-thong-bao-dieu-hanh-gia-ban-xang-dau-701937.aspx
[2026-04-21 10:22:22] FETCH STATUS: 200 | https://thuvienphapluat.vn/cong-van/Thuong-mai/Cong-van-2455-BCT-TTTN-2026-thong-bao-dieu-hanh-gia-ban-xang-dau-700786.aspx
[2026-04-21 10:22:22] FETCH OK: https://thuvienphapluat.vn/cong-van/Thuong-mai/Cong-van-2455-BCT-TTTN-2026-thong-bao-dieu-hanh-gia-ban-xang-dau-700786.aspx
[2026-04-21 10:22:23] FETCH STATUS: 200 | https://thuvienphapluat.vn/cong-van/Thuong-mai/Cong-van-2428-BCT-TTTN-2026-thong-bao-dieu-hanh-gia-ban-xang-dau-700615.aspx
[2026-04-21 10:22:23] FETCH OK: https://thuvienphapluat.vn/cong-van/Thuong-mai/Cong-van-2428-BCT-TTTN-2026-thong-bao-dieu-hanh-gia-ban-xang-dau-700615.aspx
[2026-04-21 10:22:24] FETCH STATUS: 200 | https://thuvienphapluat.vn/cong-van/Thuong-mai/Cong-van-1440-BCT-TTTN-2026-dieu-hanh-kinh-doanh-xang-dau-696732.aspx
[2026-04-21 10:22:24] FETCH OK: https://thuvienphapluat.vn/cong-van/Thuong-mai/Cong-van-1440-BCT-TTTN-2026-dieu-hanh-kinh-doanh-xang-dau-696732.aspx
[2026-04-21 10:22:26] FETCH STATUS: 200 | https://thuvienphapluat.vn/cong-van/Thuong-mai/Cong-van-1358-BCT-TTTN-2026-dieu-hanh-kinh-doanh-xang-dau-696497.aspx
[2026-04-21 10:22:26] FETCH OK: https://thuvienphapluat.vn/cong-van/Thuong-mai/Cong-van-1358-BCT-TTTN-2026-dieu-hanh-kinh-doanh-xang-dau-696497.aspx
[2026-04-21 10:22:27] FETCH STATUS: 200 | https://thuvienphapluat.vn/cong-van/Thuong-mai/Cong-van-1162-BCT-TTTN-2026-dieu-hanh-kinh-doanh-xang-dau-695697.aspx
[2026-04-21 10:22:27] FETCH OK: https://thuvienphapluat.vn/cong-van/Thuong-mai/Cong-van-1162-BCT-TTTN-2026-dieu-hanh-kinh-doanh-xang-dau-695697.aspx
[2026-04-21 10:22:28] FETCH STATUS: 200 | https://thuvienphapluat.vn/cong-van/Thuong-mai/Cong-van-1091-BCT-TTTN-2026-dieu-hanh-kinh-doanh-xang-dau-695095.aspx
[2026-04-21 10:22:28] FETCH OK: https://thuvienphapluat.vn/cong-van/Thuong-mai/Cong-van-1091-BCT-TTTN-2026-dieu-hanh-kinh-doanh-xang-dau-695095.aspx
[2026-04-21 10:22:30] FETCH STATUS: 200 | https://thuvienphapluat.vn/cong-van/Thuong-mai/Cong-van-971-BCT-TTTN-2026-dieu-hanh-kinh-doanh-xang-dau-694811.aspx
[2026-04-21 10:22:30] FETCH OK: https://thuvienphapluat.vn/cong-van/Thuong-mai/Cong-van-971-BCT-TTTN-2026-dieu-hanh-kinh-doanh-xang-dau-694811.aspx
[2026-04-21 10:22:31] FETCH STATUS: 200 | https://thuvienphapluat.vn/cong-van/Thuong-mai/Cong-van-797-BCT-TTTN-2026-dieu-hanh-kinh-doanh-xang-dau-693927.aspx
[2026-04-21 10:22:31] FETCH OK: https://thuvienphapluat.vn/cong-van/Thuong-mai/Cong-van-797-BCT-TTTN-2026-dieu-hanh-kinh-doanh-xang-dau-693927.aspx
[2026-04-21 10:22:33] FETCH STATUS: 200 | https://thuvienphapluat.vn/cong-van/Thuong-mai/Cong-van-619-BCT-TTTN-2026-dieu-hanh-kinh-doanh-xang-dau-692813.aspx
[2026-04-21 10:22:33] FETCH OK: https://thuvienphapluat.vn/cong-van/Thuong-mai/Cong-van-619-BCT-TTTN-2026-dieu-hanh-kinh-doanh-xang-dau-692813.aspx
[2026-04-21 10:22:34] FETCH STATUS: 200 | https://thuvienphapluat.vn/cong-van/Thuong-mai/Cong-van-464-BCT-TTTN-2026-kinh-doanh-xang-dau-690741.aspx
[2026-04-21 10:22:34] FETCH OK: https://thuvienphapluat.vn/cong-van/Thuong-mai/Cong-van-464-BCT-TTTN-2026-kinh-doanh-xang-dau-690741.aspx
[2026-04-21 10:22:36] FETCH STATUS: 200 | https://thuvienphapluat.vn/cong-van/Thuong-mai/Cong-van-83-BCT-TTTN-2026-kinh-doanh-xang-dau-688549.aspx
[2026-04-21 10:22:36] FETCH OK: https://thuvienphapluat.vn/cong-van/Thuong-mai/Cong-van-83-BCT-TTTN-2026-kinh-doanh-xang-dau-688549.aspx
[2026-04-21 10:22:37] FETCH STATUS: 200 | https://thuvienphapluat.vn/cong-van/Thuong-mai/Cong-van-10376-BCT-TTTN-2025-dieu-hanh-kinh-doanh-xang-dau-687404.aspx
[2026-04-21 10:22:37] FETCH OK: https://thuvienphapluat.vn/cong-van/Thuong-mai/Cong-van-10376-BCT-TTTN-2025-dieu-hanh-kinh-doanh-xang-dau-687404.aspx
[2026-04-21 10:22:39] FETCH STATUS: 200 | https://thuvienphapluat.vn/cong-van/Thuong-mai/Cong-van-10210-BCT-TTTN-2025-dieu-hanh-kinh-doanh-xang-dau-686382.aspx
[2026-04-21 10:22:39] FETCH OK: https://thuvienphapluat.vn/cong-van/Thuong-mai/Cong-van-10210-BCT-TTTN-2025-dieu-hanh-kinh-doanh-xang-dau-686382.aspx
[2026-04-21 10:22:40] FETCH STATUS: 200 | https://thuvienphapluat.vn/cong-van/Thuong-mai/Cong-van-9988-BCT-TTTN-2025-dieu-hanh-kinh-doanh-xang-dau-685060.aspx
[2026-04-21 10:22:40] FETCH OK: https://thuvienphapluat.vn/cong-van/Thuong-mai/Cong-van-9988-BCT-TTTN-2025-dieu-hanh-kinh-doanh-xang-dau-685060.aspx
[2026-04-21 10:22:42] FETCH STATUS: 200 | https://thuvienphapluat.vn/cong-van/Thuong-mai/Cong-van-9817-BCT-TTTN-2025-dieu-hanh-kinh-doanh-xang-dau-684156.aspx
[2026-04-21 10:22:42] FETCH OK: https://thuvienphapluat.vn/cong-van/Thuong-mai/Cong-van-9817-BCT-TTTN-2025-dieu-hanh-kinh-doanh-xang-dau-684156.aspx
[2026-04-21 10:22:43] FETCH STATUS: 200 | https://thuvienphapluat.vn/cong-van/Thuong-mai/Cong-van-9634-BCT-TTTN-2025-dieu-hanh-kinh-doanh-xang-dau-682926.aspx
[2026-04-21 10:22:43] FETCH OK: https://thuvienphapluat.vn/cong-van/Thuong-mai/Cong-van-9634-BCT-TTTN-2025-dieu-hanh-kinh-doanh-xang-dau-682926.aspx
[2026-04-21 10:22:44] FETCH STATUS: 200 | https://thuvienphapluat.vn/cong-van/Thuong-mai/Cong-van-9398-BCT-TTTN-2025-dieu-hanh-kinh-doanh-xang-dau-682957.aspx
[2026-04-21 10:22:44] FETCH OK: https://thuvienphapluat.vn/cong-van/Thuong-mai/Cong-van-9398-BCT-TTTN-2025-dieu-hanh-kinh-doanh-xang-dau-682957.aspx
[2026-04-21 10:22:45] FETCH STATUS: 200 | https://thuvienphapluat.vn/cong-van/Thuong-mai/Cong-van-9162-BCT-TTTN-2025-dieu-hanh-kinh-doanh-xang-dau-681580.aspx
[2026-04-21 10:22:45] FETCH OK: https://thuvienphapluat.vn/cong-van/Thuong-mai/Cong-van-9162-BCT-TTTN-2025-dieu-hanh-kinh-doanh-xang-dau-681580.aspx
[2026-04-21 10:22:47] FETCH STATUS: 200 | https://thuvienphapluat.vn/cong-van/Thuong-mai/Cong-van-8955-BCT-TTTN-2025-kinh-doanh-xang-dau-680559.aspx
[2026-04-21 10:22:47] FETCH OK: https://thuvienphapluat.vn/cong-van/Thuong-mai/Cong-van-8955-BCT-TTTN-2025-kinh-doanh-xang-dau-680559.aspx
[2026-04-21 10:22:48] FETCH STATUS: 200 | https://thuvienphapluat.vn/cong-van/Tai-nguyen-Moi-truong/Cong-van-8728-BCT-TTTN-2025-dieu-hanh-kinh-doanh-xang-dau-679859.aspx
[2026-04-21 10:22:48] FETCH OK: https://thuvienphapluat.vn/cong-van/Tai-nguyen-Moi-truong/Cong-van-8728-BCT-TTTN-2025-dieu-hanh-kinh-doanh-xang-dau-679859.aspx
[2026-04-21 10:22:49] FETCH STATUS: 200 | https://thuvienphapluat.vn/cong-van/Tai-nguyen-Moi-truong/Cong-van-8493-BCT-TTTN-2025-dieu-hanh-kinh-doanh-xang-dau-679166.aspx
[2026-04-21 10:22:49] FETCH OK: https://thuvienphapluat.vn/cong-van/Tai-nguyen-Moi-truong/Cong-van-8493-BCT-TTTN-2025-dieu-hanh-kinh-doanh-xang-dau-679166.aspx
[2026-04-21 10:22:50] FETCH STATUS: 200 | https://thuvienphapluat.vn/cong-van/Tai-nguyen-Moi-truong/Cong-van-8033-BCT-TTTN-2025-dieu-hanh-kinh-doanh-xang-dau-677182.aspx
[2026-04-21 10:22:50] FETCH OK: https://thuvienphapluat.vn/cong-van/Tai-nguyen-Moi-truong/Cong-van-8033-BCT-TTTN-2025-dieu-hanh-kinh-doanh-xang-dau-677182.aspx
[2026-04-21 10:22:52] FETCH STATUS: 200 | https://thuvienphapluat.vn/cong-van/Thuong-mai/Cong-van-7823-BCT-TTTN-2025-kinh-doanh-xang-dau-676161.aspx
[2026-04-21 10:22:52] FETCH OK: https://thuvienphapluat.vn/cong-van/Thuong-mai/Cong-van-7823-BCT-TTTN-2025-kinh-doanh-xang-dau-676161.aspx
[2026-04-21 10:22:53] FETCH STATUS: 200 | https://thuvienphapluat.vn/cong-van/Thuong-mai/Cong-van-7538-BCT-TTTN-2025-kinh-doanh-xang-dau-675247.aspx
[2026-04-21 10:22:53] FETCH OK: https://thuvienphapluat.vn/cong-van/Thuong-mai/Cong-van-7538-BCT-TTTN-2025-kinh-doanh-xang-dau-675247.aspx
[2026-04-21 10:22:54] FETCH STATUS: 200 | https://thuvienphapluat.vn/cong-van/Thuong-mai/Cong-van-7336-BCT-TTTN-2025-dieu-hanh-kinh-doanh-xang-dau-674140.aspx
[2026-04-21 10:22:54] FETCH OK: https://thuvienphapluat.vn/cong-van/Thuong-mai/Cong-van-7336-BCT-TTTN-2025-dieu-hanh-kinh-doanh-xang-dau-674140.aspx
[2026-04-21 10:22:56] FETCH STATUS: 200 | https://thuvienphapluat.vn/cong-van/Thuong-mai/Cong-van-7068-BCT-TTTN-2025-dieu-hanh-kinh-doanh-xang-dau-673172.aspx
[2026-04-21 10:22:56] FETCH OK: https://thuvienphapluat.vn/cong-van/Thuong-mai/Cong-van-7068-BCT-TTTN-2025-dieu-hanh-kinh-doanh-xang-dau-673172.aspx
[2026-04-21 10:22:57] FETCH STATUS: 200 | https://thuvienphapluat.vn/cong-van/Thuong-mai/Cong-van-6869-BCT-TTTN-2025-dieu-hanh-kinh-doanh-xang-dau-672365.aspx
[2026-04-21 10:22:57] FETCH OK: https://thuvienphapluat.vn/cong-van/Thuong-mai/Cong-van-6869-BCT-TTTN-2025-dieu-hanh-kinh-doanh-xang-dau-672365.aspx
[2026-04-21 10:22:59] FETCH STATUS: 200 | https://thuvienphapluat.vn/cong-van/Tai-nguyen-Moi-truong/Cong-van-6652-BCT-TTTN-2025-dieu-hanh-kinh-doanh-xang-dau-671492.aspx
[2026-04-21 10:22:59] FETCH OK: https://thuvienphapluat.vn/cong-van/Tai-nguyen-Moi-truong/Cong-van-6652-BCT-TTTN-2025-dieu-hanh-kinh-doanh-xang-dau-671492.aspx
[2026-04-21 10:23:00] FETCH STATUS: 200 | https://thuvienphapluat.vn/cong-van/Thuong-mai/Cong-van-6495-BCT-TTTN-2025-dieu-hanh-kinh-doanh-xang-dau-670907.aspx
[2026-04-21 10:23:00] FETCH OK: https://thuvienphapluat.vn/cong-van/Thuong-mai/Cong-van-6495-BCT-TTTN-2025-dieu-hanh-kinh-doanh-xang-dau-670907.aspx
[2026-04-21 10:23:01] FETCH STATUS: 403 | https://thuvienphapluat.vn/cong-van/Tai-nguyen-Moi-truong/Cong-van-6269-BCT-TTTN-2025-dieu-hanh-kinh-doanh-xang-dau-670097.aspx
[2026-04-21 10:23:02] FETCH STATUS: 200 | https://thuvienphapluat.vn/cong-van/Thuong-mai/Cong-van-6042-BCT-TTTN-2025-dieu-hanh-kinh-doanh-xang-dau-669217.aspx
[2026-04-21 10:23:02] FETCH OK: https://thuvienphapluat.vn/cong-van/Thuong-mai/Cong-van-6042-BCT-TTTN-2025-dieu-hanh-kinh-doanh-xang-dau-669217.aspx
[2026-04-21 10:23:04] FETCH STATUS: 200 | https://thuvienphapluat.vn/cong-van/Thuong-mai/Cong-van-5891-BCT-TTTN-2025-dieu-hanh-kinh-doanh-xang-dau-668376.aspx
[2026-04-21 10:23:04] FETCH OK: https://thuvienphapluat.vn/cong-van/Thuong-mai/Cong-van-5891-BCT-TTTN-2025-dieu-hanh-kinh-doanh-xang-dau-668376.aspx
[2026-04-21 10:23:06] FETCH STATUS: 200 | https://thuvienphapluat.vn/cong-van/Thuong-mai/Cong-van-5664-BCT-TTTN-2025-dieu-hanh-kinh-doanh-xang-dau-667381.aspx
[2026-04-21 10:23:06] FETCH OK: https://thuvienphapluat.vn/cong-van/Thuong-mai/Cong-van-5664-BCT-TTTN-2025-dieu-hanh-kinh-doanh-xang-dau-667381.aspx
[2026-04-21 10:23:07] FETCH STATUS: 200 | https://thuvienphapluat.vn/cong-van/Thuong-mai/Cong-van-5515-BCT-TTTN-2025-dieu-hanh-kinh-doanh-xang-dau-666441.aspx
[2026-04-21 10:23:07] FETCH OK: https://thuvienphapluat.vn/cong-van/Thuong-mai/Cong-van-5515-BCT-TTTN-2025-dieu-hanh-kinh-doanh-xang-dau-666441.aspx
[2026-04-21 10:23:09] FETCH STATUS: 200 | https://thuvienphapluat.vn/cong-van/Thuong-mai/Cong-van-5285-BCT-TTTN-2025-dieu-hanh-kinh-doanh-xang-dau-665388.aspx
[2026-04-21 10:23:09] FETCH OK: https://thuvienphapluat.vn/cong-van/Thuong-mai/Cong-van-5285-BCT-TTTN-2025-dieu-hanh-kinh-doanh-xang-dau-665388.aspx
[2026-04-21 10:23:10] FETCH STATUS: 200 | https://thuvienphapluat.vn/cong-van/Thuong-mai/Cong-van-5121-BCT-TTTN-2025-dieu-hanh-kinh-doanh-xang-dau-664471.aspx
[2026-04-21 10:23:10] FETCH OK: https://thuvienphapluat.vn/cong-van/Thuong-mai/Cong-van-5121-BCT-TTTN-2025-dieu-hanh-kinh-doanh-xang-dau-664471.aspx
[2026-04-21 10:23:12] FETCH STATUS: 200 | https://thuvienphapluat.vn/cong-van/Thuong-mai/Cong-van-4904-BCT-TTTN-2025-dieu-hanh-kinh-doanh-xang-dau-663531.aspx
[2026-04-21 10:23:12] FETCH OK: https://thuvienphapluat.vn/cong-van/Thuong-mai/Cong-van-4904-BCT-TTTN-2025-dieu-hanh-kinh-doanh-xang-dau-663531.aspx
[2026-04-21 10:23:13] FETCH STATUS: 200 | https://thuvienphapluat.vn/cong-van/Thuong-mai/Cong-van-4684-BCT-TTTN-2025-dieu-hanh-kinh-doanh-xang-dau-662580.aspx
[2026-04-21 10:23:13] FETCH OK: https://thuvienphapluat.vn/cong-van/Thuong-mai/Cong-van-4684-BCT-TTTN-2025-dieu-hanh-kinh-doanh-xang-dau-662580.aspx
[2026-04-21 10:23:14] FETCH STATUS: 200 | https://thuvienphapluat.vn/cong-van/Thuong-mai/Cong-van-4443-BCT-TTTN-2025-dieu-hanh-kinh-doanh-xang-dau-661558.aspx
[2026-04-21 10:23:14] FETCH OK: https://thuvienphapluat.vn/cong-van/Thuong-mai/Cong-van-4443-BCT-TTTN-2025-dieu-hanh-kinh-doanh-xang-dau-661558.aspx
[2026-04-21 10:23:16] FETCH STATUS: 200 | https://thuvienphapluat.vn/cong-van/Thuong-mai/Cong-van-4217-BCT-TTTN-2025-dieu-hanh-kinh-doanh-xang-dau-660593.aspx
[2026-04-21 10:23:16] FETCH OK: https://thuvienphapluat.vn/cong-van/Thuong-mai/Cong-van-4217-BCT-TTTN-2025-dieu-hanh-kinh-doanh-xang-dau-660593.aspx
[2026-04-21 10:23:17] FETCH STATUS: 200 | https://thuvienphapluat.vn/cong-van/Tai-nguyen-Moi-truong/Cong-van-4069-BCT-TTTN-2025-dieu-hanh-kinh-doanh-xang-dau-659769.aspx
[2026-04-21 10:23:17] FETCH OK: https://thuvienphapluat.vn/cong-van/Tai-nguyen-Moi-truong/Cong-van-4069-BCT-TTTN-2025-dieu-hanh-kinh-doanh-xang-dau-659769.aspx
[2026-04-21 10:23:18] FETCH STATUS: 200 | https://thuvienphapluat.vn/cong-van/Thuong-mai/Cong-van-3838-BCT-TTTN-2025-dieu-hanh-kinh-doanh-xang-dau-658787.aspx
[2026-04-21 10:23:18] FETCH OK: https://thuvienphapluat.vn/cong-van/Thuong-mai/Cong-van-3838-BCT-TTTN-2025-dieu-hanh-kinh-doanh-xang-dau-658787.aspx
[2026-04-21 10:23:20] FETCH STATUS: 200 | https://thuvienphapluat.vn/cong-van/Thuong-mai/Cong-van-3669-BCT-TTTN-2025-dieu-hanh-kinh-doanh-xang-dau-657838.aspx
[2026-04-21 10:23:20] FETCH OK: https://thuvienphapluat.vn/cong-van/Thuong-mai/Cong-van-3669-BCT-TTTN-2025-dieu-hanh-kinh-doanh-xang-dau-657838.aspx
[2026-04-21 10:23:22] FETCH STATUS: 200 | https://thuvienphapluat.vn/cong-van/Thuong-mai/Cong-van-3462-BCT-TTTN-2025-dieu-hanh-kinh-doanh-xang-dau-656806.aspx
[2026-04-21 10:23:22] FETCH OK: https://thuvienphapluat.vn/cong-van/Thuong-mai/Cong-van-3462-BCT-TTTN-2025-dieu-hanh-kinh-doanh-xang-dau-656806.aspx
[2026-04-21 10:23:23] FETCH STATUS: 200 | https://thuvienphapluat.vn/cong-van/Thuong-mai/Cong-van-3266-BCT-TTTN-2025-dieu-hanh-kinh-doanh-xang-dau-655900.aspx
[2026-04-21 10:23:23] FETCH OK: https://thuvienphapluat.vn/cong-van/Thuong-mai/Cong-van-3266-BCT-TTTN-2025-dieu-hanh-kinh-doanh-xang-dau-655900.aspx
[2026-04-21 10:23:25] FETCH STATUS: 200 | https://thuvienphapluat.vn/cong-van/Thuong-mai/Cong-van-3159-BCT-TTTN-2025-dieu-hanh-kinh-doanh-xang-dau-655304.aspx
[2026-04-21 10:23:25] FETCH OK: https://thuvienphapluat.vn/cong-van/Thuong-mai/Cong-van-3159-BCT-TTTN-2025-dieu-hanh-kinh-doanh-xang-dau-655304.aspx
[2026-04-21 10:23:27] FETCH STATUS: 200 | https://thuvienphapluat.vn/cong-van/Thuong-mai/Cong-van-2954-BCT-TTTN-2025-dieu-hanh-kinh-doanh-xang-dau-654108.aspx
[2026-04-21 10:23:27] FETCH OK: https://thuvienphapluat.vn/cong-van/Thuong-mai/Cong-van-2954-BCT-TTTN-2025-dieu-hanh-kinh-doanh-xang-dau-654108.aspx
[2026-04-21 10:23:28] FETCH STATUS: 200 | https://thuvienphapluat.vn/cong-van/Thuong-mai/Cong-van-2707-BCT-TTTN-2025-dieu-hanh-kinh-doanh-xang-dau-652158.aspx
[2026-04-21 10:23:28] FETCH OK: https://thuvienphapluat.vn/cong-van/Thuong-mai/Cong-van-2707-BCT-TTTN-2025-dieu-hanh-kinh-doanh-xang-dau-652158.aspx
[2026-04-21 10:23:30] FETCH STATUS: 200 | https://thuvienphapluat.vn/cong-van/Tai-nguyen-Moi-truong/Cong-van-2507-BCT-TTTN-2025-dieu-hanh-kinh-doanh-xang-dau-651065.aspx
[2026-04-21 10:23:30] FETCH OK: https://thuvienphapluat.vn/cong-van/Tai-nguyen-Moi-truong/Cong-van-2507-BCT-TTTN-2025-dieu-hanh-kinh-doanh-xang-dau-651065.aspx
[2026-04-21 10:23:32] FETCH STATUS: 200 | https://thuvienphapluat.vn/cong-van/Tai-nguyen-Moi-truong/Cong-van-2144-BCT-TTTN-2025-dieu-hanh-kinh-doanh-xang-dau-649396.aspx
[2026-04-21 10:23:32] FETCH OK: https://thuvienphapluat.vn/cong-van/Tai-nguyen-Moi-truong/Cong-van-2144-BCT-TTTN-2025-dieu-hanh-kinh-doanh-xang-dau-649396.aspx
[2026-04-21 10:23:33] FETCH STATUS: 200 | https://thuvienphapluat.vn/cong-van/Thuong-mai/Cong-van-1905-BCT-TTTN-2025-dieu-hanh-kinh-doanh-xang-dau-648421.aspx
[2026-04-21 10:23:33] FETCH OK: https://thuvienphapluat.vn/cong-van/Thuong-mai/Cong-van-1905-BCT-TTTN-2025-dieu-hanh-kinh-doanh-xang-dau-648421.aspx
[2026-04-21 10:23:34] FETCH STATUS: 200 | https://thuvienphapluat.vn/cong-van/Thuong-mai/Cong-van-1791-BCT-TTTN-2025-dieu-hanh-kinh-doanh-xang-dau-647009.aspx
[2026-04-21 10:23:35] FETCH OK: https://thuvienphapluat.vn/cong-van/Thuong-mai/Cong-van-1791-BCT-TTTN-2025-dieu-hanh-kinh-doanh-xang-dau-647009.aspx
[2026-04-21 10:23:36] FETCH STATUS: 200 | https://thuvienphapluat.vn/cong-van/Tai-nguyen-Moi-truong/Cong-van-1671-BCT-TTTN-2025-dieu-hanh-kinh-doanh-xang-dau-646103.aspx
[2026-04-21 10:23:36] FETCH OK: https://thuvienphapluat.vn/cong-van/Tai-nguyen-Moi-truong/Cong-van-1671-BCT-TTTN-2025-dieu-hanh-kinh-doanh-xang-dau-646103.aspx
[2026-04-21 10:23:37] FETCH STATUS: 200 | https://thuvienphapluat.vn/cong-van/Tai-nguyen-Moi-truong/Cong-van-1423-BCT-TTTN-2025-dieu-hanh-kinh-doanh-xang-dau-645041.aspx
[2026-04-21 10:23:37] FETCH OK: https://thuvienphapluat.vn/cong-van/Tai-nguyen-Moi-truong/Cong-van-1423-BCT-TTTN-2025-dieu-hanh-kinh-doanh-xang-dau-645041.aspx
[2026-04-21 10:23:38] FETCH STATUS: 200 | https://thuvienphapluat.vn/cong-van/Thuong-mai/Cong-van-1243-BCT-TTTN-2025-dieu-hanh-kinh-doanh-xang-dau-643806.aspx
[2026-04-21 10:23:39] FETCH OK: https://thuvienphapluat.vn/cong-van/Thuong-mai/Cong-van-1243-BCT-TTTN-2025-dieu-hanh-kinh-doanh-xang-dau-643806.aspx
[2026-04-21 10:23:40] FETCH STATUS: 200 | https://thuvienphapluat.vn/cong-van/Thuong-mai/Cong-van-1020-BCT-TTTN-2025-dieu-hanh-kinh-doanh-xang-dau-643141.aspx
[2026-04-21 10:23:40] FETCH OK: https://thuvienphapluat.vn/cong-van/Thuong-mai/Cong-van-1020-BCT-TTTN-2025-dieu-hanh-kinh-doanh-xang-dau-643141.aspx
[2026-04-21 10:23:41] FETCH STATUS: 200 | https://thuvienphapluat.vn/cong-van/Thuong-mai/Cong-van-837-BCT-TTTN-2025-dieu-hanh-kinh-doanh-xang-dau-641987.aspx
[2026-04-21 10:23:41] FETCH OK: https://thuvienphapluat.vn/cong-van/Thuong-mai/Cong-van-837-BCT-TTTN-2025-dieu-hanh-kinh-doanh-xang-dau-641987.aspx
[2026-04-21 10:23:42] FETCH STATUS: 200 | https://thuvienphapluat.vn/cong-van/Thuong-mai/Cong-van-727-BCT-TTTN-2025-dieu-hanh-kinh-doanh-xang-dau-641787.aspx
[2026-04-21 10:23:42] FETCH OK: https://thuvienphapluat.vn/cong-van/Thuong-mai/Cong-van-727-BCT-TTTN-2025-dieu-hanh-kinh-doanh-xang-dau-641787.aspx
[2026-04-21 10:23:44] FETCH STATUS: 200 | https://thuvienphapluat.vn/cong-van/Thuong-mai/Cong-van-610-BCT-TTTN-2025-dieu-hanh-kinh-doanh-xang-dau-641484.aspx
[2026-04-21 10:23:44] FETCH OK: https://thuvienphapluat.vn/cong-van/Thuong-mai/Cong-van-610-BCT-TTTN-2025-dieu-hanh-kinh-doanh-xang-dau-641484.aspx
[2026-04-21 10:23:46] FETCH STATUS: 200 | https://thuvienphapluat.vn/cong-van/Thuong-mai/Cong-van-437-BCT-TTTN-2025-kinh-doanh-xang-dau-640105.aspx
[2026-04-21 10:23:46] FETCH OK: https://thuvienphapluat.vn/cong-van/Thuong-mai/Cong-van-437-BCT-TTTN-2025-kinh-doanh-xang-dau-640105.aspx
[2026-04-21 10:23:47] FETCH STATUS: 200 | https://thuvienphapluat.vn/cong-van/Thuong-mai/Cong-van-10607-BCT-TTTN-2024-dieu-hanh-kinh-doanh-xang-dau-637427.aspx
[2026-04-21 10:23:47] FETCH OK: https://thuvienphapluat.vn/cong-van/Thuong-mai/Cong-van-10607-BCT-TTTN-2024-dieu-hanh-kinh-doanh-xang-dau-637427.aspx
[2026-04-21 10:23:48] FETCH STATUS: 403 | https://thuvienphapluat.vn/cong-van/Tai-nguyen-Moi-truong/Cong-van-10388-BCT-TTTN-2024-dieu-hanh-kinh-doanh-xang-dau-636267.aspx
[2026-04-21 10:23:49] FETCH STATUS: 200 | https://thuvienphapluat.vn/cong-van/Thuong-mai/Cong-van-9885-BCT-TTTN-2024-dieu-hanh-kinh-doanh-xang-dau-634268.aspx
[2026-04-21 10:23:49] FETCH OK: https://thuvienphapluat.vn/cong-van/Thuong-mai/Cong-van-9885-BCT-TTTN-2024-dieu-hanh-kinh-doanh-xang-dau-634268.aspx
[2026-04-21 10:23:51] FETCH STATUS: 200 | https://thuvienphapluat.vn/cong-van/Thuong-mai/Cong-van-9690-BCT-TTTN-2024-dieu-hanh-kinh-doanh-xang-dau-633319.aspx
[2026-04-21 10:23:51] FETCH OK: https://thuvienphapluat.vn/cong-van/Thuong-mai/Cong-van-9690-BCT-TTTN-2024-dieu-hanh-kinh-doanh-xang-dau-633319.aspx
[2026-04-21 10:23:52] FETCH STATUS: 200 | https://thuvienphapluat.vn/cong-van/Thuong-mai/Cong-van-9460-BCT-TTTN-2024-dieu-hanh-kinh-doanh-xang-dau-632383.aspx
[2026-04-21 10:23:52] FETCH OK: https://thuvienphapluat.vn/cong-van/Thuong-mai/Cong-van-9460-BCT-TTTN-2024-dieu-hanh-kinh-doanh-xang-dau-632383.aspx
[2026-04-21 10:23:53] FETCH STATUS: 200 | https://thuvienphapluat.vn/cong-van/Thuong-mai/Cong-van-9214-BCT-TTTN-2024-dieu-hanh-kinh-doanh-xang-dau-631509.aspx
[2026-04-21 10:23:53] FETCH OK: https://thuvienphapluat.vn/cong-van/Thuong-mai/Cong-van-9214-BCT-TTTN-2024-dieu-hanh-kinh-doanh-xang-dau-631509.aspx
[2026-04-21 10:23:55] FETCH STATUS: 200 | https://thuvienphapluat.vn/cong-van/Thuong-mai/Cong-van-8984-BCT-TTTN-2024-dieu-hanh-kinh-doanh-xang-dau-630660.aspx
[2026-04-21 10:23:55] FETCH OK: https://thuvienphapluat.vn/cong-van/Thuong-mai/Cong-van-8984-BCT-TTTN-2024-dieu-hanh-kinh-doanh-xang-dau-630660.aspx
[2026-04-21 10:23:56] FETCH STATUS: 200 | https://thuvienphapluat.vn/cong-van/Thuong-mai/Cong-van-8729-BCT-TTTN-2024-dieu-hanh-kinh-doanh-xang-dau-629569.aspx
[2026-04-21 10:23:56] FETCH OK: https://thuvienphapluat.vn/cong-van/Thuong-mai/Cong-van-8729-BCT-TTTN-2024-dieu-hanh-kinh-doanh-xang-dau-629569.aspx
[2026-04-21 10:23:58] FETCH STATUS: 200 | https://thuvienphapluat.vn/cong-van/Thuong-mai/Cong-van-8505-BCT-TTTN-2024-dieu-hanh-kinh-doanh-xang-dau-628829.aspx
[2026-04-21 10:23:58] FETCH OK: https://thuvienphapluat.vn/cong-van/Thuong-mai/Cong-van-8505-BCT-TTTN-2024-dieu-hanh-kinh-doanh-xang-dau-628829.aspx
[2026-04-21 10:23:59] FETCH STATUS: 200 | https://thuvienphapluat.vn/cong-van/Thuong-mai/Cong-van-8296-BCT-TTTN-2024-dieu-hanh-kinh-doanh-xang-dau-627935.aspx
[2026-04-21 10:23:59] FETCH OK: https://thuvienphapluat.vn/cong-van/Thuong-mai/Cong-van-8296-BCT-TTTN-2024-dieu-hanh-kinh-doanh-xang-dau-627935.aspx
[2026-04-21 10:24:01] FETCH STATUS: 200 | https://thuvienphapluat.vn/cong-van/Thuong-mai/Cong-van-8066-BCT-TTTN-2024-dieu-hanh-kinh-doanh-xang-dau-627047.aspx
[2026-04-21 10:24:01] FETCH OK: https://thuvienphapluat.vn/cong-van/Thuong-mai/Cong-van-8066-BCT-TTTN-2024-dieu-hanh-kinh-doanh-xang-dau-627047.aspx
[2026-04-21 10:24:02] FETCH STATUS: 200 | https://thuvienphapluat.vn/cong-van/Thuong-mai/Cong-van-7771-BCT-TTTN-2024-dieu-hanh-kinh-doanh-xang-dau-626349.aspx
[2026-04-21 10:24:02] FETCH OK: https://thuvienphapluat.vn/cong-van/Thuong-mai/Cong-van-7771-BCT-TTTN-2024-dieu-hanh-kinh-doanh-xang-dau-626349.aspx
[2026-04-21 10:24:03] FETCH STATUS: 200 | https://thuvienphapluat.vn/cong-van/Thuong-mai/Cong-van-7558-BCT-TTTN-2024-dieu-hanh-kinh-doanh-xang-dau-625661.aspx
[2026-04-21 10:24:03] FETCH OK: https://thuvienphapluat.vn/cong-van/Thuong-mai/Cong-van-7558-BCT-TTTN-2024-dieu-hanh-kinh-doanh-xang-dau-625661.aspx
[2026-04-21 10:24:05] FETCH STATUS: 200 | https://thuvienphapluat.vn/cong-van/Thuong-mai/Cong-van-7281-BCT-TTTN-2024-dieu-hanh-kinh-doanh-xang-dau-624979.aspx
[2026-04-21 10:24:05] FETCH OK: https://thuvienphapluat.vn/cong-van/Thuong-mai/Cong-van-7281-BCT-TTTN-2024-dieu-hanh-kinh-doanh-xang-dau-624979.aspx
[2026-04-21 10:24:07] FETCH STATUS: 200 | https://thuvienphapluat.vn/cong-van/Thuong-mai/Cong-van-6996-BCT-TTTN-2024-dieu-hanh-kinh-doanh-xang-dau-624096.aspx
[2026-04-21 10:24:07] FETCH OK: https://thuvienphapluat.vn/cong-van/Thuong-mai/Cong-van-6996-BCT-TTTN-2024-dieu-hanh-kinh-doanh-xang-dau-624096.aspx
[2026-04-21 10:24:08] FETCH STATUS: 200 | https://thuvienphapluat.vn/cong-van/Thuong-mai/Cong-van-6323-BCT-TTTN-2024-dieu-hanh-kinh-doanh-xang-dau-622040.aspx
[2026-04-21 10:24:08] FETCH OK: https://thuvienphapluat.vn/cong-van/Thuong-mai/Cong-van-6323-BCT-TTTN-2024-dieu-hanh-kinh-doanh-xang-dau-622040.aspx
[2026-04-21 10:24:10] FETCH STATUS: 200 | https://thuvienphapluat.vn/cong-van/Thuong-mai/Cong-van-6040-BCT-TTTN-2024-dieu-hanh-kinh-doanh-xang-dau-621211.aspx
[2026-04-21 10:24:10] FETCH OK: https://thuvienphapluat.vn/cong-van/Thuong-mai/Cong-van-6040-BCT-TTTN-2024-dieu-hanh-kinh-doanh-xang-dau-621211.aspx
[2026-04-21 10:24:12] FETCH STATUS: 200 | https://thuvienphapluat.vn/cong-van/Thuong-mai/Cong-van-5843-BCT-TTTN-2024-dieu-hanh-kinh-doanh-xang-dau-620409.aspx
[2026-04-21 10:24:12] FETCH OK: https://thuvienphapluat.vn/cong-van/Thuong-mai/Cong-van-5843-BCT-TTTN-2024-dieu-hanh-kinh-doanh-xang-dau-620409.aspx
[2026-04-21 10:24:13] FETCH STATUS: 200 | https://thuvienphapluat.vn/cong-van/Thuong-mai/Cong-van-5599-BCT-TTTN-2024-dieu-hanh-kinh-doanh-xang-dau-620406.aspx
[2026-04-21 10:24:13] FETCH OK: https://thuvienphapluat.vn/cong-van/Thuong-mai/Cong-van-5599-BCT-TTTN-2024-dieu-hanh-kinh-doanh-xang-dau-620406.aspx
[2026-04-21 10:24:16] FETCH STATUS: 200 | https://thuvienphapluat.vn/cong-van/Thuong-mai/Cong-van-5345-BCT-TTTN-2024-dieu-hanh-kinh-doanh-xang-dau-618605.aspx
[2026-04-21 10:24:16] FETCH OK: https://thuvienphapluat.vn/cong-van/Thuong-mai/Cong-van-5345-BCT-TTTN-2024-dieu-hanh-kinh-doanh-xang-dau-618605.aspx
[2026-04-21 10:24:18] FETCH STATUS: 200 | https://thuvienphapluat.vn/cong-van/Thuong-mai/Cong-van-5129-BCT-TTTN-2024-quy-dinh-dieu-hanh-kinh-doanh-xang-dau-617656.aspx
[2026-04-21 10:24:18] FETCH OK: https://thuvienphapluat.vn/cong-van/Thuong-mai/Cong-van-5129-BCT-TTTN-2024-quy-dinh-dieu-hanh-kinh-doanh-xang-dau-617656.aspx
[2026-04-21 10:24:19] FETCH STATUS: 200 | https://thuvienphapluat.vn/cong-van/Thuong-mai/Cong-van-4896-BCT-TTTN-2024-dieu-hanh-kinh-doanh-xang-dau-616779.aspx
[2026-04-21 10:24:19] FETCH OK: https://thuvienphapluat.vn/cong-van/Thuong-mai/Cong-van-4896-BCT-TTTN-2024-dieu-hanh-kinh-doanh-xang-dau-616779.aspx
[2026-04-21 10:24:21] FETCH STATUS: 200 | https://thuvienphapluat.vn/cong-van/Thuong-mai/Cong-van-4662-BCT-TTTN-2024-quy-dinh-dieu-hanh-kinh-doanh-xang-dau-615930.aspx
[2026-04-21 10:24:21] FETCH OK: https://thuvienphapluat.vn/cong-van/Thuong-mai/Cong-van-4662-BCT-TTTN-2024-quy-dinh-dieu-hanh-kinh-doanh-xang-dau-615930.aspx
[2026-04-21 10:24:22] FETCH STATUS: 200 | https://thuvienphapluat.vn/cong-van/Thuong-mai/Cong-van-4477-BCT-TTTN-2024-dieu-hanh-kinh-doanh-xang-dau-615080.aspx
[2026-04-21 10:24:22] FETCH OK: https://thuvienphapluat.vn/cong-van/Thuong-mai/Cong-van-4477-BCT-TTTN-2024-dieu-hanh-kinh-doanh-xang-dau-615080.aspx
[2026-04-21 10:24:24] FETCH STATUS: 200 | https://thuvienphapluat.vn/cong-van/Thuong-mai/Cong-van-4280-BCT-TTTN-2024-quy-dinh-dieu-hanh-kinh-doanh-xang-dau-614903.aspx
[2026-04-21 10:24:24] FETCH OK: https://thuvienphapluat.vn/cong-van/Thuong-mai/Cong-van-4280-BCT-TTTN-2024-quy-dinh-dieu-hanh-kinh-doanh-xang-dau-614903.aspx
[2026-04-21 10:24:25] FETCH STATUS: 200 | https://thuvienphapluat.vn/cong-van/Thuong-mai/Cong-van-4065-BCT-TTTN-2024-dieu-hanh-kinh-doanh-xang-dau-613437.aspx
[2026-04-21 10:24:25] FETCH OK: https://thuvienphapluat.vn/cong-van/Thuong-mai/Cong-van-4065-BCT-TTTN-2024-dieu-hanh-kinh-doanh-xang-dau-613437.aspx
[2026-04-21 10:24:27] FETCH STATUS: 200 | https://thuvienphapluat.vn/cong-van/Thuong-mai/Cong-van-3845-BCT-TTTN-2024-quy-dinh-dieu-hanh-kinh-doanh-xang-dau-612766.aspx
[2026-04-21 10:24:27] FETCH OK: https://thuvienphapluat.vn/cong-van/Thuong-mai/Cong-van-3845-BCT-TTTN-2024-quy-dinh-dieu-hanh-kinh-doanh-xang-dau-612766.aspx
[2026-04-21 10:24:29] FETCH STATUS: 200 | https://thuvienphapluat.vn/cong-van/Thuong-mai/Cong-van-3640-BCT-TTTN-2024-quy-dinh-dieu-hanh-kinh-doanh-xang-dau-611610.aspx
[2026-04-21 10:24:29] FETCH OK: https://thuvienphapluat.vn/cong-van/Thuong-mai/Cong-van-3640-BCT-TTTN-2024-quy-dinh-dieu-hanh-kinh-doanh-xang-dau-611610.aspx
[2026-04-21 10:24:30] FETCH STATUS: 200 | https://thuvienphapluat.vn/cong-van/Thuong-mai/Cong-van-3469-BCT-TTTN-2024-dieu-hanh-kinh-doanh-xang-dau-610886.aspx
[2026-04-21 10:24:30] FETCH OK: https://thuvienphapluat.vn/cong-van/Thuong-mai/Cong-van-3469-BCT-TTTN-2024-dieu-hanh-kinh-doanh-xang-dau-610886.aspx
[2026-04-21 10:24:32] FETCH STATUS: 200 | https://thuvienphapluat.vn/cong-van/Thuong-mai/Cong-van-3250-BCT-TTTN-2024-dieu-hanh-kinh-doanh-xang-dau-610045.aspx
[2026-04-21 10:24:32] FETCH OK: https://thuvienphapluat.vn/cong-van/Thuong-mai/Cong-van-3250-BCT-TTTN-2024-dieu-hanh-kinh-doanh-xang-dau-610045.aspx
[2026-04-21 10:24:33] FETCH STATUS: 200 | https://thuvienphapluat.vn/cong-van/Thuong-mai/Cong-van-3084-BCT-TTTN-2024-dieu-hanh-kinh-doanh-xang-dau-609155.aspx
[2026-04-21 10:24:33] FETCH OK: https://thuvienphapluat.vn/cong-van/Thuong-mai/Cong-van-3084-BCT-TTTN-2024-dieu-hanh-kinh-doanh-xang-dau-609155.aspx
[2026-04-21 10:24:35] FETCH STATUS: 200 | https://thuvienphapluat.vn/cong-van/Thuong-mai/Cong-van-2846-BCT-TTTN-2024-dieu-hanh-kinh-doanh-xang-dau-608386.aspx
[2026-04-21 10:24:35] FETCH OK: https://thuvienphapluat.vn/cong-van/Thuong-mai/Cong-van-2846-BCT-TTTN-2024-dieu-hanh-kinh-doanh-xang-dau-608386.aspx
[2026-04-21 10:24:36] FETCH STATUS: 200 | https://thuvienphapluat.vn/cong-van/Thuong-mai/Cong-van-2749-BCT-TTTN-2024-dieu-hanh-kinh-doanh-xang-dau-607881.aspx
[2026-04-21 10:24:36] FETCH OK: https://thuvienphapluat.vn/cong-van/Thuong-mai/Cong-van-2749-BCT-TTTN-2024-dieu-hanh-kinh-doanh-xang-dau-607881.aspx
[2026-04-21 10:24:38] FETCH STATUS: 200 | https://thuvienphapluat.vn/cong-van/Thuong-mai/Cong-van-2557-BCT-TTTN-2024-dieu-hanh-kinh-doanh-xang-dau-607880.aspx
[2026-04-21 10:24:38] FETCH OK: https://thuvienphapluat.vn/cong-van/Thuong-mai/Cong-van-2557-BCT-TTTN-2024-dieu-hanh-kinh-doanh-xang-dau-607880.aspx
[2026-04-21 10:24:39] FETCH STATUS: 200 | https://thuvienphapluat.vn/cong-van/Thuong-mai/Cong-van-2384-BCT-TTTN-2024-dieu-hanh-kinh-doanh-xang-dau-607538.aspx
[2026-04-21 10:24:39] FETCH OK: https://thuvienphapluat.vn/cong-van/Thuong-mai/Cong-van-2384-BCT-TTTN-2024-dieu-hanh-kinh-doanh-xang-dau-607538.aspx
[2026-04-21 10:24:40] FETCH STATUS: 200 | https://thuvienphapluat.vn/cong-van/Thuong-mai/Cong-van-1987-BCT-TTTN-2024-dieu-hanh-kinh-doanh-xang-dau-604211.aspx
[2026-04-21 10:24:40] FETCH OK: https://thuvienphapluat.vn/cong-van/Thuong-mai/Cong-van-1987-BCT-TTTN-2024-dieu-hanh-kinh-doanh-xang-dau-604211.aspx
[2026-04-21 10:24:42] FETCH STATUS: 200 | https://thuvienphapluat.vn/cong-van/Thuong-mai/Cong-van-1785-BCT-TTTN-2024-dieu-hanh-kinh-doanh-xang-dau-603041.aspx
[2026-04-21 10:24:42] FETCH OK: https://thuvienphapluat.vn/cong-van/Thuong-mai/Cong-van-1785-BCT-TTTN-2024-dieu-hanh-kinh-doanh-xang-dau-603041.aspx
[2026-04-21 10:24:44] FETCH STATUS: 200 | https://thuvienphapluat.vn/cong-van/Thuong-mai/Cong-van-1613-BCT-TTTN-2024-dieu-hanh-kinh-doanh-xang-dau-603040.aspx
[2026-04-21 10:24:44] FETCH OK: https://thuvienphapluat.vn/cong-van/Thuong-mai/Cong-van-1613-BCT-TTTN-2024-dieu-hanh-kinh-doanh-xang-dau-603040.aspx
[2026-04-21 10:24:45] FETCH STATUS: 200 | https://thuvienphapluat.vn/cong-van/Thuong-mai/Cong-van-1460-BCT-TTTN-2024-dieu-hanh-kinh-doanh-xang-dau-601336.aspx
[2026-04-21 10:24:45] FETCH OK: https://thuvienphapluat.vn/cong-van/Thuong-mai/Cong-van-1460-BCT-TTTN-2024-dieu-hanh-kinh-doanh-xang-dau-601336.aspx
[2026-04-21 10:24:47] FETCH STATUS: 200 | https://thuvienphapluat.vn/cong-van/Thuong-mai/Cong-van-1258-BCT-TTTN-2024-dieu-hanh-kinh-doanh-xang-dau-600274.aspx
[2026-04-21 10:24:47] FETCH OK: https://thuvienphapluat.vn/cong-van/Thuong-mai/Cong-van-1258-BCT-TTTN-2024-dieu-hanh-kinh-doanh-xang-dau-600274.aspx
[2026-04-21 10:24:48] FETCH STATUS: 403 | https://thuvienphapluat.vn/cong-van/Thuong-mai/Cong-van-1081-BCT-TTTN-2024-dieu-hanh-kinh-doanh-xang-dau-599429.aspx
[2026-04-21 10:24:49] FETCH STATUS: 403 | https://thuvienphapluat.vn/cong-van/Thuong-mai/Cong-van-940-BCT-TTTN-2024-dieu-hanh-kinh-doanh-xang-dau-598991.aspx
[2026-04-21 10:24:50] FETCH STATUS: 200 | https://thuvienphapluat.vn/cong-van/Thuong-mai/Cong-van-932-BCT-TTTN-2024-dieu-hanh-kinh-doanh-xang-dau-598625.aspx
[2026-04-21 10:24:50] FETCH OK: https://thuvienphapluat.vn/cong-van/Thuong-mai/Cong-van-932-BCT-TTTN-2024-dieu-hanh-kinh-doanh-xang-dau-598625.aspx
[2026-04-21 10:24:51] FETCH STATUS: 200 | https://thuvienphapluat.vn/cong-van/Thuong-mai/Cong-van-734-BCT-TTTN-2024-dieu-hanh-kinh-doanh-xang-dau-598990.aspx
[2026-04-21 10:24:51] FETCH OK: https://thuvienphapluat.vn/cong-van/Thuong-mai/Cong-van-734-BCT-TTTN-2024-dieu-hanh-kinh-doanh-xang-dau-598990.aspx
[2026-04-21 10:24:53] FETCH STATUS: 200 | https://thuvienphapluat.vn/cong-van/Thuong-mai/Cong-van-580-BCT-TTTN-2024-dieu-hanh-kinh-doanh-xang-dau-596842.aspx
[2026-04-21 10:24:53] FETCH OK: https://thuvienphapluat.vn/cong-van/Thuong-mai/Cong-van-580-BCT-TTTN-2024-dieu-hanh-kinh-doanh-xang-dau-596842.aspx
[2026-04-21 10:24:54] FETCH STATUS: 200 | https://thuvienphapluat.vn/cong-van/Thuong-mai/Cong-van-399-BCT-TTTN-2024-dieu-hanh-kinh-doanh-xang-dau-596841.aspx
[2026-04-21 10:24:54] FETCH OK: https://thuvienphapluat.vn/cong-van/Thuong-mai/Cong-van-399-BCT-TTTN-2024-dieu-hanh-kinh-doanh-xang-dau-596841.aspx
[2026-04-21 10:24:55] FETCH STATUS: 200 | https://thuvienphapluat.vn/cong-van/Thuong-mai/Cong-van-242-BCT-TTTN-2024-dieu-hanh-kinh-doanh-xang-dau-594919.aspx
[2026-04-21 10:24:55] FETCH OK: https://thuvienphapluat.vn/cong-van/Thuong-mai/Cong-van-242-BCT-TTTN-2024-dieu-hanh-kinh-doanh-xang-dau-594919.aspx
[2026-04-21 10:24:57] FETCH STATUS: 200 | https://thuvienphapluat.vn/cong-van/Thuong-mai/Cong-van-43-BCT-TTTN-2024-dieu-hanh-kinh-doanh-xang-dau-594917.aspx
[2026-04-21 10:24:57] FETCH OK: https://thuvienphapluat.vn/cong-van/Thuong-mai/Cong-van-43-BCT-TTTN-2024-dieu-hanh-kinh-doanh-xang-dau-594917.aspx
[2026-04-21 10:24:58] FETCH STATUS: 200 | https://thuvienphapluat.vn/cong-van/Thuong-mai/Cong-van-9275-BCT-TTTN-2023-dieu-hanh-kinh-doanh-xang-dau-592984.aspx
[2026-04-21 10:24:58] FETCH OK: https://thuvienphapluat.vn/cong-van/Thuong-mai/Cong-van-9275-BCT-TTTN-2023-dieu-hanh-kinh-doanh-xang-dau-592984.aspx
[2026-04-21 10:25:00] FETCH STATUS: 200 | https://thuvienphapluat.vn/cong-van/Thuong-mai/Cong-van-9088-BCT-TTTN-2023-dieu-hanh-kinh-doanh-xang-dau-591859.aspx
[2026-04-21 10:25:00] FETCH OK: https://thuvienphapluat.vn/cong-van/Thuong-mai/Cong-van-9088-BCT-TTTN-2023-dieu-hanh-kinh-doanh-xang-dau-591859.aspx
[2026-04-21 10:25:02] FETCH STATUS: 200 | https://thuvienphapluat.vn/cong-van/Thuong-mai/Cong-van-8909-BCT-TTTN-2023-dieu-hanh-kinh-doanh-xang-dau-590773.aspx
[2026-04-21 10:25:02] FETCH OK: https://thuvienphapluat.vn/cong-van/Thuong-mai/Cong-van-8909-BCT-TTTN-2023-dieu-hanh-kinh-doanh-xang-dau-590773.aspx
[2026-04-21 10:25:04] FETCH STATUS: 200 | https://thuvienphapluat.vn/cong-van/Thuong-mai/Cong-van-8746-BCT-TTTN-2023-dieu-hanh-kinh-doanh-xang-dau-589726.aspx
[2026-04-21 10:25:04] FETCH OK: https://thuvienphapluat.vn/cong-van/Thuong-mai/Cong-van-8746-BCT-TTTN-2023-dieu-hanh-kinh-doanh-xang-dau-589726.aspx
[2026-04-21 10:25:06] FETCH STATUS: 200 | https://thuvienphapluat.vn/cong-van/Thuong-mai/Cong-van-8292-BCT-TTTN-2023-dieu-hanh-kinh-doanh-xang-dau-587724.aspx
[2026-04-21 10:25:06] FETCH OK: https://thuvienphapluat.vn/cong-van/Thuong-mai/Cong-van-8292-BCT-TTTN-2023-dieu-hanh-kinh-doanh-xang-dau-587724.aspx
[2026-04-21 10:25:07] FETCH STATUS: 200 | https://thuvienphapluat.vn/cong-van/Thuong-mai/Cong-van-8035-BCT-TTTN-2023-dieu-hanh-kinh-doanh-xang-dau-586264.aspx
[2026-04-21 10:25:07] FETCH OK: https://thuvienphapluat.vn/cong-van/Thuong-mai/Cong-van-8035-BCT-TTTN-2023-dieu-hanh-kinh-doanh-xang-dau-586264.aspx
[2026-04-21 10:25:09] FETCH STATUS: 200 | https://thuvienphapluat.vn/cong-van/Thuong-mai/Cong-van-7660-BCT-TTTN-2023-dieu-hanh-kinh-doanh-xang-dau-584704.aspx
[2026-04-21 10:25:09] FETCH OK: https://thuvienphapluat.vn/cong-van/Thuong-mai/Cong-van-7660-BCT-TTTN-2023-dieu-hanh-kinh-doanh-xang-dau-584704.aspx
[2026-04-21 10:25:11] FETCH STATUS: 200 | https://thuvienphapluat.vn/cong-van/Thuong-mai/Cong-van-7378-BCT-TTTN-2023-dieu-hanh-kinh-doanh-xang-dau-583310.aspx
[2026-04-21 10:25:11] FETCH OK: https://thuvienphapluat.vn/cong-van/Thuong-mai/Cong-van-7378-BCT-TTTN-2023-dieu-hanh-kinh-doanh-xang-dau-583310.aspx
[2026-04-21 10:25:13] FETCH STATUS: 200 | https://thuvienphapluat.vn/cong-van/Thuong-mai/Cong-van-7075-BCT-TTTN-2023-dieu-hanh-kinh-doanh-xang-dau-581994.aspx
[2026-04-21 10:25:13] FETCH OK: https://thuvienphapluat.vn/cong-van/Thuong-mai/Cong-van-7075-BCT-TTTN-2023-dieu-hanh-kinh-doanh-xang-dau-581994.aspx
[2026-04-21 10:25:14] FETCH STATUS: 200 | https://thuvienphapluat.vn/cong-van/Thuong-mai/Cong-van-6787-BCT-TTTN-2023-dieu-hanh-kinh-doanh-xang-dau-583978.aspx
[2026-04-21 10:25:14] FETCH OK: https://thuvienphapluat.vn/cong-van/Thuong-mai/Cong-van-6787-BCT-TTTN-2023-dieu-hanh-kinh-doanh-xang-dau-583978.aspx
[2026-04-21 10:25:16] FETCH STATUS: 200 | https://thuvienphapluat.vn/cong-van/Thuong-mai/Cong-van-6504-BTC-TTTN-2023-dieu-hanh-kinh-doanh-xang-dau-580046.aspx
[2026-04-21 10:25:16] FETCH OK: https://thuvienphapluat.vn/cong-van/Thuong-mai/Cong-van-6504-BTC-TTTN-2023-dieu-hanh-kinh-doanh-xang-dau-580046.aspx
[2026-04-21 10:25:18] FETCH STATUS: 200 | https://thuvienphapluat.vn/cong-van/Thuong-mai/Cong-van-6237-BCT-TTTN-2023-dieu-hanh-kinh-doanh-gia-xang-dau-578781.aspx
[2026-04-21 10:25:18] FETCH OK: https://thuvienphapluat.vn/cong-van/Thuong-mai/Cong-van-6237-BCT-TTTN-2023-dieu-hanh-kinh-doanh-gia-xang-dau-578781.aspx
[2026-04-21 10:25:20] FETCH STATUS: 200 | https://thuvienphapluat.vn/cong-van/Thuong-mai/Cong-van-6083-BCT-TTTN-2023-dieu-hanh-kinh-doanh-xang-dau-577971.aspx
[2026-04-21 10:25:20] FETCH OK: https://thuvienphapluat.vn/cong-van/Thuong-mai/Cong-van-6083-BCT-TTTN-2023-dieu-hanh-kinh-doanh-xang-dau-577971.aspx
[2026-04-21 10:25:22] FETCH STATUS: 200 | https://thuvienphapluat.vn/cong-van/Thuong-mai/Cong-van-5655-BCT-TTTN-2023-dieu-hanh-kinh-doanh-xang-dau-576412.aspx
[2026-04-21 10:25:22] FETCH OK: https://thuvienphapluat.vn/cong-van/Thuong-mai/Cong-van-5655-BCT-TTTN-2023-dieu-hanh-kinh-doanh-xang-dau-576412.aspx
[2026-04-21 10:25:23] FETCH STATUS: 200 | https://thuvienphapluat.vn/cong-van/Thuong-mai/Cong-van-5345-BCT-TTTN-2023-dieu-hanh-kinh-doanh-xang-dau-575532.aspx
[2026-04-21 10:25:23] FETCH OK: https://thuvienphapluat.vn/cong-van/Thuong-mai/Cong-van-5345-BCT-TTTN-2023-dieu-hanh-kinh-doanh-xang-dau-575532.aspx
[2026-04-21 10:25:25] FETCH STATUS: 200 | https://thuvienphapluat.vn/cong-van/Thuong-mai/Cong-van-5041-BCT-TTTN-2023-dieu-hanh-kinh-doanh-xang-dau-574286.aspx
[2026-04-21 10:25:25] FETCH OK: https://thuvienphapluat.vn/cong-van/Thuong-mai/Cong-van-5041-BCT-TTTN-2023-dieu-hanh-kinh-doanh-xang-dau-574286.aspx
[2026-04-21 10:25:27] FETCH STATUS: 200 | https://thuvienphapluat.vn/cong-van/Thuong-mai/Cong-van-4790-BCT-TTTN-2023-dieu-hanh-kinh-doanh-xang-dau-573180.aspx
[2026-04-21 10:25:27] FETCH OK: https://thuvienphapluat.vn/cong-van/Thuong-mai/Cong-van-4790-BCT-TTTN-2023-dieu-hanh-kinh-doanh-xang-dau-573180.aspx
[2026-04-21 10:25:28] FETCH STATUS: 200 | https://thuvienphapluat.vn/cong-van/Thuong-mai/Cong-van-4506-BCT-TTTN-2023-dieu-hanh-kinh-doanh-xang-dau-572235.aspx
[2026-04-21 10:25:28] FETCH OK: https://thuvienphapluat.vn/cong-van/Thuong-mai/Cong-van-4506-BCT-TTTN-2023-dieu-hanh-kinh-doanh-xang-dau-572235.aspx
[2026-04-21 10:25:30] FETCH STATUS: 200 | https://thuvienphapluat.vn/cong-van/Thuong-mai/Cong-van-4228-BCT-TTTN-2023-dieu-hanh-kinh-doanh-xang-dau-571491.aspx
[2026-04-21 10:25:30] FETCH OK: https://thuvienphapluat.vn/cong-van/Thuong-mai/Cong-van-4228-BCT-TTTN-2023-dieu-hanh-kinh-doanh-xang-dau-571491.aspx
[2026-04-21 10:25:31] FETCH STATUS: 200 | https://thuvienphapluat.vn/cong-van/Thuong-mai/Cong-van-3862-BCT-TTTN-2023-dieu-hanh-kinh-doanh-xang-dau-570369.aspx
[2026-04-21 10:25:31] FETCH OK: https://thuvienphapluat.vn/cong-van/Thuong-mai/Cong-van-3862-BCT-TTTN-2023-dieu-hanh-kinh-doanh-xang-dau-570369.aspx
[2026-04-21 10:25:33] FETCH STATUS: 200 | https://thuvienphapluat.vn/cong-van/Thuong-mai/Cong-van-3620-BCT-TTTN-2023-dieu-hanh-kinh-doanh-xang-dau-569311.aspx
[2026-04-21 10:25:33] FETCH OK: https://thuvienphapluat.vn/cong-van/Thuong-mai/Cong-van-3620-BCT-TTTN-2023-dieu-hanh-kinh-doanh-xang-dau-569311.aspx
[2026-04-21 10:25:34] FETCH STATUS: 200 | https://thuvienphapluat.vn/cong-van/Thuong-mai/Cong-van-3380-BCT-TTTN-2023-dieu-hanh-kinh-doanh-xang-dau-568203.aspx
[2026-04-21 10:25:34] FETCH OK: https://thuvienphapluat.vn/cong-van/Thuong-mai/Cong-van-3380-BCT-TTTN-2023-dieu-hanh-kinh-doanh-xang-dau-568203.aspx
[2026-04-21 10:25:36] FETCH STATUS: 200 | https://thuvienphapluat.vn/cong-van/Thuong-mai/Cong-van-3080-BCT-TTTN-2023-dieu-hanh-kinh-doanh-xang-dau-567088.aspx
[2026-04-21 10:25:36] FETCH OK: https://thuvienphapluat.vn/cong-van/Thuong-mai/Cong-van-3080-BCT-TTTN-2023-dieu-hanh-kinh-doanh-xang-dau-567088.aspx
[2026-04-21 10:25:37] FETCH STATUS: 200 | https://thuvienphapluat.vn/cong-van/Thuong-mai/Cong-van-2789-BCT-TTTN-2023-dieu-hanh-kinh-doanh-xang-dau-565898.aspx
[2026-04-21 10:25:37] FETCH OK: https://thuvienphapluat.vn/cong-van/Thuong-mai/Cong-van-2789-BCT-TTTN-2023-dieu-hanh-kinh-doanh-xang-dau-565898.aspx
[2026-04-21 10:25:39] FETCH STATUS: 200 | https://thuvienphapluat.vn/cong-van/Thuong-mai/Cong-van-2588-BCT-TTTN-2023-dieu-hanh-kinh-doanh-xang-dau-565131.aspx
[2026-04-21 10:25:39] FETCH OK: https://thuvienphapluat.vn/cong-van/Thuong-mai/Cong-van-2588-BCT-TTTN-2023-dieu-hanh-kinh-doanh-xang-dau-565131.aspx
[2026-04-21 10:25:40] FETCH STATUS: 200 | https://thuvienphapluat.vn/cong-van/Thuong-mai/Cong-van-2390-BCT-TTTN-2023-dieu-hanh-kinh-doanh-xang-dau-564078.aspx
[2026-04-21 10:25:40] FETCH OK: https://thuvienphapluat.vn/cong-van/Thuong-mai/Cong-van-2390-BCT-TTTN-2023-dieu-hanh-kinh-doanh-xang-dau-564078.aspx
[2026-04-21 10:25:42] FETCH STATUS: 200 | https://thuvienphapluat.vn/cong-van/Thuong-mai/Cong-van-2075-BCT-TTTN-2023-dieu-hanh-kinh-doanh-xang-dau-562689.aspx
[2026-04-21 10:25:42] FETCH OK: https://thuvienphapluat.vn/cong-van/Thuong-mai/Cong-van-2075-BCT-TTTN-2023-dieu-hanh-kinh-doanh-xang-dau-562689.aspx
[2026-04-21 10:25:43] FETCH STATUS: 200 | https://thuvienphapluat.vn/cong-van/Thuong-mai/Cong-van-1886-BCT-TTTN-2023-dieu-hanh-kinh-doanh-xang-dau-561646.aspx
[2026-04-21 10:25:43] FETCH OK: https://thuvienphapluat.vn/cong-van/Thuong-mai/Cong-van-1886-BCT-TTTN-2023-dieu-hanh-kinh-doanh-xang-dau-561646.aspx
[2026-04-21 10:25:45] FETCH STATUS: 200 | https://thuvienphapluat.vn/cong-van/Thuong-mai/Cong-van-1576-BCT-TTTN-2023-dieu-hanh-kinh-doanh-xang-dau-560186.aspx
[2026-04-21 10:25:45] FETCH OK: https://thuvienphapluat.vn/cong-van/Thuong-mai/Cong-van-1576-BCT-TTTN-2023-dieu-hanh-kinh-doanh-xang-dau-560186.aspx
[2026-04-21 10:25:46] FETCH STATUS: 200 | https://thuvienphapluat.vn/cong-van/Thuong-mai/Cong-van-1325-BCT-TTTN-2023-dieu-hanh-kinh-doanh-xang-dau-559180.aspx
[2026-04-21 10:25:46] FETCH OK: https://thuvienphapluat.vn/cong-van/Thuong-mai/Cong-van-1325-BCT-TTTN-2023-dieu-hanh-kinh-doanh-xang-dau-559180.aspx
[2026-04-21 10:25:48] FETCH STATUS: 200 | https://thuvienphapluat.vn/cong-van/Thuong-mai/Cong-van-1051-BCT-TTTN-2023-dieu-hanh-kinh-doanh-xang-dau-557007.aspx
[2026-04-21 10:25:48] FETCH OK: https://thuvienphapluat.vn/cong-van/Thuong-mai/Cong-van-1051-BCT-TTTN-2023-dieu-hanh-kinh-doanh-xang-dau-557007.aspx
[2026-04-21 10:25:49] FETCH STATUS: 403 | https://thuvienphapluat.vn/cong-van/Thuong-mai/Cong-van-831-BCT-TTTN-2023-dieu-hanh-kinh-doanh-xang-dau-555905.aspx
[2026-04-21 10:25:50] FETCH STATUS: 200 | https://thuvienphapluat.vn/cong-van/Thuong-mai/Cong-van-639-BCT-TTTN-2023-dieu-hanh-kinh-doanh-xang-dau-554630.aspx
[2026-04-21 10:25:50] FETCH OK: https://thuvienphapluat.vn/cong-van/Thuong-mai/Cong-van-639-BCT-TTTN-2023-dieu-hanh-kinh-doanh-xang-dau-554630.aspx
[2026-04-21 10:25:52] FETCH STATUS: 200 | https://thuvienphapluat.vn/cong-van/Thuong-mai/Cong-van-413-BCT-TTTN-2023-dieu-hanh-kinh-doanh-xang-dau-552133.aspx
[2026-04-21 10:25:52] FETCH OK: https://thuvienphapluat.vn/cong-van/Thuong-mai/Cong-van-413-BCT-TTTN-2023-dieu-hanh-kinh-doanh-xang-dau-552133.aspx
[2026-04-21 10:25:53] FETCH STATUS: 200 | https://thuvienphapluat.vn/cong-van/Thuong-mai/Cong-van-10-BCT-TTTN-2023-dieu-hanh-kinh-doanh-xang-dau-548622.aspx
[2026-04-21 10:25:53] FETCH OK: https://thuvienphapluat.vn/cong-van/Thuong-mai/Cong-van-10-BCT-TTTN-2023-dieu-hanh-kinh-doanh-xang-dau-548622.aspx
[2026-04-21 10:25:55] FETCH STATUS: 200 | https://thuvienphapluat.vn/cong-van/Thuong-mai/Cong-van-8243-BCT-TTTN-2022-dieu-hanh-kinh-doanh-xang-dau-546815.aspx
[2026-04-21 10:25:55] FETCH OK: https://thuvienphapluat.vn/cong-van/Thuong-mai/Cong-van-8243-BCT-TTTN-2022-dieu-hanh-kinh-doanh-xang-dau-546815.aspx
[2026-04-21 10:25:57] FETCH STATUS: 200 | https://thuvienphapluat.vn/cong-van/Thuong-mai/Cong-van-7938-BCT-TTTN-2022-dieu-hanh-kinh-doanh-xang-dau-545017.aspx
[2026-04-21 10:25:57] FETCH OK: https://thuvienphapluat.vn/cong-van/Thuong-mai/Cong-van-7938-BCT-TTTN-2022-dieu-hanh-kinh-doanh-xang-dau-545017.aspx
[2026-04-21 10:25:58] FETCH STATUS: 200 | https://thuvienphapluat.vn/cong-van/Thuong-mai/Cong-van-7706-BCT-TTTN-2022-dieu-hanh-kinh-doanh-xang-dau-542258.aspx
[2026-04-21 10:25:58] FETCH OK: https://thuvienphapluat.vn/cong-van/Thuong-mai/Cong-van-7706-BCT-TTTN-2022-dieu-hanh-kinh-doanh-xang-dau-542258.aspx
[2026-04-21 10:26:00] FETCH STATUS: 200 | https://thuvienphapluat.vn/cong-van/Thuong-mai/Cong-van-7376-BCT-TTTN-2022-dieu-hanh-kinh-doanh-xang-dau-539748.aspx
[2026-04-21 10:26:00] FETCH OK: https://thuvienphapluat.vn/cong-van/Thuong-mai/Cong-van-7376-BCT-TTTN-2022-dieu-hanh-kinh-doanh-xang-dau-539748.aspx
[2026-04-21 10:26:01] FETCH STATUS: 200 | https://thuvienphapluat.vn/cong-van/Thuong-mai/Cong-van-7180-BCT-TTTN-2022-dieu-hanh-kinh-doanh-xang-dau-538097.aspx
[2026-04-21 10:26:01] FETCH OK: https://thuvienphapluat.vn/cong-van/Thuong-mai/Cong-van-7180-BCT-TTTN-2022-dieu-hanh-kinh-doanh-xang-dau-538097.aspx
[2026-04-21 10:26:03] FETCH STATUS: 200 | https://thuvienphapluat.vn/cong-van/Thuong-mai/Cong-van-6853-BCT-TTTN-2022-dieu-hanh-kinh-doanh-xang-dau-535928.aspx
[2026-04-21 10:26:03] FETCH OK: https://thuvienphapluat.vn/cong-van/Thuong-mai/Cong-van-6853-BCT-TTTN-2022-dieu-hanh-kinh-doanh-xang-dau-535928.aspx
[2026-04-21 10:26:05] FETCH STATUS: 200 | https://thuvienphapluat.vn/cong-van/Thuong-mai/Cong-van-6501-BCT-TTTN-2022-dieu-hanh-kinh-doanh-xang-dau-533572.aspx
[2026-04-21 10:26:05] FETCH OK: https://thuvienphapluat.vn/cong-van/Thuong-mai/Cong-van-6501-BCT-TTTN-2022-dieu-hanh-kinh-doanh-xang-dau-533572.aspx
[2026-04-21 10:26:06] FETCH STATUS: 200 | https://thuvienphapluat.vn/cong-van/Thuong-mai/Cong-van-6253-BCT-TTTN-2022-dieu-hanh-kinh-doanh-xang-dau-531921.aspx
[2026-04-21 10:26:06] FETCH OK: https://thuvienphapluat.vn/cong-van/Thuong-mai/Cong-van-6253-BCT-TTTN-2022-dieu-hanh-kinh-doanh-xang-dau-531921.aspx
[2026-04-21 10:26:08] FETCH STATUS: 200 | https://thuvienphapluat.vn/cong-van/Thuong-mai/Cong-van-5938-BCT-TTTN-2022-dieu-hanh-kinh-doanh-xang-dau-531074.aspx
[2026-04-21 10:26:08] FETCH OK: https://thuvienphapluat.vn/cong-van/Thuong-mai/Cong-van-5938-BCT-TTTN-2022-dieu-hanh-kinh-doanh-xang-dau-531074.aspx
[2026-04-21 10:26:10] FETCH STATUS: 200 | https://thuvienphapluat.vn/cong-van/Thuong-mai/Cong-van-5621-BCT-TTTN-2022-dieu-hanh-kinh-doanh-xang-dau-530111.aspx
[2026-04-21 10:26:10] FETCH OK: https://thuvienphapluat.vn/cong-van/Thuong-mai/Cong-van-5621-BCT-TTTN-2022-dieu-hanh-kinh-doanh-xang-dau-530111.aspx
[2026-04-21 10:26:11] FETCH STATUS: 200 | https://thuvienphapluat.vn/cong-van/Thuong-mai/Cong-van-5404-BCT-TTTN-2022-dieu-hanh-kinh-doanh-xang-dau-529151.aspx
[2026-04-21 10:26:11] FETCH OK: https://thuvienphapluat.vn/cong-van/Thuong-mai/Cong-van-5404-BCT-TTTN-2022-dieu-hanh-kinh-doanh-xang-dau-529151.aspx
[2026-04-21 10:26:13] FETCH STATUS: 200 | https://thuvienphapluat.vn/cong-van/Thuong-mai/Cong-van-5274-BCT-TTTN-2022-dieu-hanh-kinh-doanh-xang-dau-528312.aspx
[2026-04-21 10:26:13] FETCH OK: https://thuvienphapluat.vn/cong-van/Thuong-mai/Cong-van-5274-BCT-TTTN-2022-dieu-hanh-kinh-doanh-xang-dau-528312.aspx
[2026-04-21 10:26:15] FETCH STATUS: 200 | https://thuvienphapluat.vn/cong-van/Thuong-mai/Cong-van-5011-BCT-TTTN-2022-dieu-hanh-kinh-doanh-xang-dau-526946.aspx
[2026-04-21 10:26:15] FETCH OK: https://thuvienphapluat.vn/cong-van/Thuong-mai/Cong-van-5011-BCT-TTTN-2022-dieu-hanh-kinh-doanh-xang-dau-526946.aspx
[2026-04-21 10:26:16] FETCH STATUS: 200 | https://thuvienphapluat.vn/cong-van/Thuong-mai/Cong-van-4750-BCT-TTTN-2022-dieu-hanh-kinh-doanh-xang-dau-525613.aspx
[2026-04-21 10:26:16] FETCH OK: https://thuvienphapluat.vn/cong-van/Thuong-mai/Cong-van-4750-BCT-TTTN-2022-dieu-hanh-kinh-doanh-xang-dau-525613.aspx
[2026-04-21 10:26:18] FETCH STATUS: 200 | https://thuvienphapluat.vn/cong-van/Thuong-mai/Cong-van-4479-BCT-TTTN-2022-dieu-hanh-kinh-doanh-xang-dau-524279.aspx
[2026-04-21 10:26:18] FETCH OK: https://thuvienphapluat.vn/cong-van/Thuong-mai/Cong-van-4479-BCT-TTTN-2022-dieu-hanh-kinh-doanh-xang-dau-524279.aspx
[2026-04-21 10:26:19] FETCH STATUS: 200 | https://thuvienphapluat.vn/cong-van/Thuong-mai/Cong-van-4202-BCT-TTTN-2022-dieu-hanh-kinh-doanh-xang-dau-522853.aspx
[2026-04-21 10:26:19] FETCH OK: https://thuvienphapluat.vn/cong-van/Thuong-mai/Cong-van-4202-BCT-TTTN-2022-dieu-hanh-kinh-doanh-xang-dau-522853.aspx
[2026-04-21 10:26:21] FETCH STATUS: 200 | https://thuvienphapluat.vn/cong-van/Thuong-mai/Cong-van-3942-BCT-TTTN-2022-dieu-hanh-kinh-doanh-xang-dau-521362.aspx
[2026-04-21 10:26:21] FETCH OK: https://thuvienphapluat.vn/cong-van/Thuong-mai/Cong-van-3942-BCT-TTTN-2022-dieu-hanh-kinh-doanh-xang-dau-521362.aspx
[2026-04-21 10:26:23] FETCH STATUS: 200 | https://thuvienphapluat.vn/cong-van/Thuong-mai/Cong-van-3742-BCT-TTTN-2022-dieu-hanh-kinh-doanh-xang-dau-520050.aspx
[2026-04-21 10:26:23] FETCH OK: https://thuvienphapluat.vn/cong-van/Thuong-mai/Cong-van-3742-BCT-TTTN-2022-dieu-hanh-kinh-doanh-xang-dau-520050.aspx
[2026-04-21 10:26:24] FETCH STATUS: 200 | https://thuvienphapluat.vn/cong-van/Thuong-mai/Cong-van-3460-BCT-TTTN-2022-dieu-hanh-kinh-doanh-xang-dau-518234.aspx
[2026-04-21 10:26:24] FETCH OK: https://thuvienphapluat.vn/cong-van/Thuong-mai/Cong-van-3460-BCT-TTTN-2022-dieu-hanh-kinh-doanh-xang-dau-518234.aspx
[2026-04-21 10:26:26] FETCH STATUS: 200 | https://thuvienphapluat.vn/cong-van/Thuong-mai/Cong-van-3309-BCT-TTTN-2022-dieu-hanh-kinh-doanh-xang-dau-516842.aspx
[2026-04-21 10:26:26] FETCH OK: https://thuvienphapluat.vn/cong-van/Thuong-mai/Cong-van-3309-BCT-TTTN-2022-dieu-hanh-kinh-doanh-xang-dau-516842.aspx
[2026-04-21 10:26:28] FETCH STATUS: 200 | https://thuvienphapluat.vn/cong-van/Thuong-mai/Cong-van-3011-BCT-TTTN-2022-dieu-hanh-kinh-doanh-xang-dau-515381.aspx
[2026-04-21 10:26:28] FETCH OK: https://thuvienphapluat.vn/cong-van/Thuong-mai/Cong-van-3011-BCT-TTTN-2022-dieu-hanh-kinh-doanh-xang-dau-515381.aspx
[2026-04-21 10:26:29] FETCH STATUS: 200 | https://thuvienphapluat.vn/cong-van/Thuong-mai/Cong-van-2738-BCT-TTTN-2022-dieu-hanh-kinh-doanh-xang-dau-514153.aspx
[2026-04-21 10:26:29] FETCH OK: https://thuvienphapluat.vn/cong-van/Thuong-mai/Cong-van-2738-BCT-TTTN-2022-dieu-hanh-kinh-doanh-xang-dau-514153.aspx
[2026-04-21 10:26:31] FETCH STATUS: 200 | https://thuvienphapluat.vn/cong-van/Thuong-mai/Cong-van-2531-BCT-TTTN-2022-dieu-hanh-kinh-doanh-xang-dau-512856.aspx
[2026-04-21 10:26:31] FETCH OK: https://thuvienphapluat.vn/cong-van/Thuong-mai/Cong-van-2531-BCT-TTTN-2022-dieu-hanh-kinh-doanh-xang-dau-512856.aspx
[2026-04-21 10:26:33] FETCH STATUS: 200 | https://thuvienphapluat.vn/cong-van/Thuong-mai/Cong-van-2293-BCT-TTTN-2022-dieu-hanh-kinh-doanh-xang-dau-512102.aspx
[2026-04-21 10:26:33] FETCH OK: https://thuvienphapluat.vn/cong-van/Thuong-mai/Cong-van-2293-BCT-TTTN-2022-dieu-hanh-kinh-doanh-xang-dau-512102.aspx
[2026-04-21 10:26:34] FETCH STATUS: 200 | https://thuvienphapluat.vn/cong-van/Thuong-mai/Cong-van-2078-BCT-TTTN-2022-dieu-hanh-kinh-doanh-xang-dau-510931.aspx
[2026-04-21 10:26:34] FETCH OK: https://thuvienphapluat.vn/cong-van/Thuong-mai/Cong-van-2078-BCT-TTTN-2022-dieu-hanh-kinh-doanh-xang-dau-510931.aspx
[2026-04-21 10:26:36] FETCH STATUS: 200 | https://thuvienphapluat.vn/cong-van/Thuong-mai/Cong-van-1846-BCT-TTTN-2022-dieu-hanh-kinh-doanh-xang-dau-509818.aspx
[2026-04-21 10:26:36] FETCH OK: https://thuvienphapluat.vn/cong-van/Thuong-mai/Cong-van-1846-BCT-TTTN-2022-dieu-hanh-kinh-doanh-xang-dau-509818.aspx
[2026-04-21 10:26:37] FETCH STATUS: 200 | https://thuvienphapluat.vn/cong-van/Thuong-mai/Cong-van-1674-BCT-TTTN-2022-dieu-hanh-kinh-doanh-xang-dau-508669.aspx
[2026-04-21 10:26:37] FETCH OK: https://thuvienphapluat.vn/cong-van/Thuong-mai/Cong-van-1674-BCT-TTTN-2022-dieu-hanh-kinh-doanh-xang-dau-508669.aspx
[2026-04-21 10:26:39] FETCH STATUS: 200 | https://thuvienphapluat.vn/cong-van/Thuong-mai/Cong-van-1403-BCT-TTTN-2022-dieu-hanh-kinh-doanh-xang-dau-507357.aspx
[2026-04-21 10:26:39] FETCH OK: https://thuvienphapluat.vn/cong-van/Thuong-mai/Cong-van-1403-BCT-TTTN-2022-dieu-hanh-kinh-doanh-xang-dau-507357.aspx
[2026-04-21 10:26:40] FETCH STATUS: 200 | https://thuvienphapluat.vn/cong-van/Thuong-mai/Cong-van-1214-BCT-TTTN-2022-dieu-hanh-kinh-doanh-xang-dau-506242.aspx
[2026-04-21 10:26:40] FETCH OK: https://thuvienphapluat.vn/cong-van/Thuong-mai/Cong-van-1214-BCT-TTTN-2022-dieu-hanh-kinh-doanh-xang-dau-506242.aspx
[2026-04-21 10:26:42] FETCH STATUS: 200 | https://thuvienphapluat.vn/cong-van/Thuong-mai/Cong-van-961-BCT-TTTN-2022-dieu-hanh-kinh-doanh-xang-dau-505020.aspx
[2026-04-21 10:26:42] FETCH OK: https://thuvienphapluat.vn/cong-van/Thuong-mai/Cong-van-961-BCT-TTTN-2022-dieu-hanh-kinh-doanh-xang-dau-505020.aspx
[2026-04-21 10:26:43] FETCH STATUS: 200 | https://thuvienphapluat.vn/cong-van/Thuong-mai/Cong-van-791-BCT-TTTN-2022-dieu-hanh-kinh-doanh-xang-dau-503958.aspx
[2026-04-21 10:26:43] FETCH OK: https://thuvienphapluat.vn/cong-van/Thuong-mai/Cong-van-791-BCT-TTTN-2022-dieu-hanh-kinh-doanh-xang-dau-503958.aspx
[2026-04-21 10:26:45] FETCH STATUS: 200 | https://thuvienphapluat.vn/cong-van/Thuong-mai/Cong-van-603-BCT-TTTN-2022-dieu-hanh-kinh-doanh-xang-dau-502751.aspx
[2026-04-21 10:26:45] FETCH OK: https://thuvienphapluat.vn/cong-van/Thuong-mai/Cong-van-603-BCT-TTTN-2022-dieu-hanh-kinh-doanh-xang-dau-502751.aspx
[2026-04-21 10:26:46] FETCH STATUS: 200 | https://thuvienphapluat.vn/cong-van/Thuong-mai/Cong-van-326-BCT-TTTN-2022-dieu-hanh-kinh-doanh-xang-dau-501241.aspx
[2026-04-21 10:26:46] FETCH OK: https://thuvienphapluat.vn/cong-van/Thuong-mai/Cong-van-326-BCT-TTTN-2022-dieu-hanh-kinh-doanh-xang-dau-501241.aspx
[2026-04-21 10:26:48] FETCH STATUS: 403 | https://thuvienphapluat.vn/cong-van/Thuong-mai/Cong-van-162-BCT-TTTN-2022-dieu-hanh-kinh-doanh-xang-dau-500175.aspx
[2026-04-21 10:26:49] FETCH STATUS: 200 | https://thuvienphapluat.vn/cong-van/Thuong-mai/Cong-van-8362-BCT-TTTN-2021-dieu-hanh-kinh-doanh-xang-dau-498704.aspx
[2026-04-21 10:26:49] FETCH OK: https://thuvienphapluat.vn/cong-van/Thuong-mai/Cong-van-8362-BCT-TTTN-2021-dieu-hanh-kinh-doanh-xang-dau-498704.aspx
[2026-04-21 10:26:50] FETCH STATUS: 200 | https://thuvienphapluat.vn/cong-van/Thuong-mai/Cong-van-7877-BCT-TTTN-2021-dieu-hanh-kinh-doanh-xang-dau-497107.aspx
[2026-04-21 10:26:50] FETCH OK: https://thuvienphapluat.vn/cong-van/Thuong-mai/Cong-van-7877-BCT-TTTN-2021-dieu-hanh-kinh-doanh-xang-dau-497107.aspx
[2026-04-21 10:26:52] FETCH STATUS: 200 | https://thuvienphapluat.vn/cong-van/Thuong-mai/Cong-van-7477-BCT-TTTN-2021-dieu-hanh-kinh-doanh-xang-dau-495582.aspx
[2026-04-21 10:26:52] FETCH OK: https://thuvienphapluat.vn/cong-van/Thuong-mai/Cong-van-7477-BCT-TTTN-2021-dieu-hanh-kinh-doanh-xang-dau-495582.aspx
[2026-04-21 10:26:53] FETCH STATUS: 200 | https://thuvienphapluat.vn/cong-van/Thuong-mai/Cong-van-7101-BCT-TTTN-2021-dieu-hanh-kinh-doanh-xang-dau-493968.aspx
[2026-04-21 10:26:53] FETCH OK: https://thuvienphapluat.vn/cong-van/Thuong-mai/Cong-van-7101-BCT-TTTN-2021-dieu-hanh-kinh-doanh-xang-dau-493968.aspx
[2026-04-21 10:26:55] FETCH STATUS: 200 | https://thuvienphapluat.vn/cong-van/Thuong-mai/Cong-van-6716-BCT-TTTN-2021-dieu-hanh-kinh-doanh-xang-dau-492469.aspx
[2026-04-21 10:26:55] FETCH OK: https://thuvienphapluat.vn/cong-van/Thuong-mai/Cong-van-6716-BCT-TTTN-2021-dieu-hanh-kinh-doanh-xang-dau-492469.aspx
[2026-04-21 10:26:56] FETCH STATUS: 200 | https://thuvienphapluat.vn/cong-van/Thuong-mai/Cong-van-6295-BCT-TTTN-2021-dieu-hanh-kinh-doanh-xang-dau-490756.aspx
[2026-04-21 10:26:56] FETCH OK: https://thuvienphapluat.vn/cong-van/Thuong-mai/Cong-van-6295-BCT-TTTN-2021-dieu-hanh-kinh-doanh-xang-dau-490756.aspx
[2026-04-21 10:26:58] FETCH STATUS: 200 | https://thuvienphapluat.vn/cong-van/Thuong-mai/Cong-van-5909-BCT-TTTN-2021-dieu-hanh-kinh-doanh-xang-dau-489146.aspx
[2026-04-21 10:26:58] FETCH OK: https://thuvienphapluat.vn/cong-van/Thuong-mai/Cong-van-5909-BCT-TTTN-2021-dieu-hanh-kinh-doanh-xang-dau-489146.aspx
[2026-04-21 10:27:00] FETCH STATUS: 200 | https://thuvienphapluat.vn/cong-van/Thuong-mai/Cong-van-5522-BCT-TTTN-2021-dieu-hanh-kinh-doanh-xang-dau-487477.aspx
[2026-04-21 10:27:00] FETCH OK: https://thuvienphapluat.vn/cong-van/Thuong-mai/Cong-van-5522-BCT-TTTN-2021-dieu-hanh-kinh-doanh-xang-dau-487477.aspx
[2026-04-21 10:27:01] FETCH STATUS: 200 | https://thuvienphapluat.vn/cong-van/Thuong-mai/Cong-van-5204-BCT-TTTN-2021-dieu-hanh-kinh-doanh-xang-dau-486064.aspx
[2026-04-21 10:27:01] FETCH OK: https://thuvienphapluat.vn/cong-van/Thuong-mai/Cong-van-5204-BCT-TTTN-2021-dieu-hanh-kinh-doanh-xang-dau-486064.aspx
[2026-04-21 10:27:03] FETCH STATUS: 200 | https://thuvienphapluat.vn/cong-van/Thuong-mai/Cong-van-4843-BCT-TTTN-2021-dieu-hanh-kinh-doanh-xang-dau-484312.aspx
[2026-04-21 10:27:03] FETCH OK: https://thuvienphapluat.vn/cong-van/Thuong-mai/Cong-van-4843-BCT-TTTN-2021-dieu-hanh-kinh-doanh-xang-dau-484312.aspx
[2026-04-21 10:27:04] FETCH STATUS: 200 | https://thuvienphapluat.vn/cong-van/Thuong-mai/Cong-van-4469-BCT-TTTN-2021-dieu-hanh-kinh-doanh-xang-dau-482589.aspx
[2026-04-21 10:27:04] FETCH OK: https://thuvienphapluat.vn/cong-van/Thuong-mai/Cong-van-4469-BCT-TTTN-2021-dieu-hanh-kinh-doanh-xang-dau-482589.aspx
[2026-04-21 10:27:06] FETCH STATUS: 200 | https://thuvienphapluat.vn/cong-van/Thuong-mai/Cong-van-4104-BCT-TTTN-2021-dieu-hanh-kinh-doanh-xang-dau-480875.aspx
[2026-04-21 10:27:06] FETCH OK: https://thuvienphapluat.vn/cong-van/Thuong-mai/Cong-van-4104-BCT-TTTN-2021-dieu-hanh-kinh-doanh-xang-dau-480875.aspx
[2026-04-21 10:27:07] FETCH STATUS: 200 | https://thuvienphapluat.vn/cong-van/Thuong-mai/Cong-van-3753-BCT-TTTN-2021-dieu-hanh-kinh-doanh-xang-dau-479188.aspx
[2026-04-21 10:27:07] FETCH OK: https://thuvienphapluat.vn/cong-van/Thuong-mai/Cong-van-3753-BCT-TTTN-2021-dieu-hanh-kinh-doanh-xang-dau-479188.aspx
[2026-04-21 10:27:08] FETCH STATUS: 200 | https://thuvienphapluat.vn/cong-van/Thuong-mai/Cong-van-3382-BCT-TTTN-2021-dieu-hanh-kinh-doanh-xang-dau-477415.aspx
[2026-04-21 10:27:08] FETCH OK: https://thuvienphapluat.vn/cong-van/Thuong-mai/Cong-van-3382-BCT-TTTN-2021-dieu-hanh-kinh-doanh-xang-dau-477415.aspx
[2026-04-21 10:27:10] FETCH STATUS: 200 | https://thuvienphapluat.vn/cong-van/Thuong-mai/Cong-van-2621-BCT-TTTN-2021-dieu-hanh-kinh-doanh-xang-dau-473948.aspx
[2026-04-21 10:27:10] FETCH OK: https://thuvienphapluat.vn/cong-van/Thuong-mai/Cong-van-2621-BCT-TTTN-2021-dieu-hanh-kinh-doanh-xang-dau-473948.aspx
[2026-04-21 10:27:12] FETCH STATUS: 200 | https://thuvienphapluat.vn/cong-van/Thuong-mai/Cong-van-2055-BCT-TTTN-2021-dieu-hanh-kinh-doanh-xang-dau-470560.aspx
[2026-04-21 10:27:12] FETCH OK: https://thuvienphapluat.vn/cong-van/Thuong-mai/Cong-van-2055-BCT-TTTN-2021-dieu-hanh-kinh-doanh-xang-dau-470560.aspx
[2026-04-21 10:27:14] FETCH STATUS: 200 | https://thuvienphapluat.vn/cong-van/Thuong-mai/Cong-van-1685-BCT-TTTN-2021-dieu-hanh-kinh-doanh-xang-dau-468947.aspx
[2026-04-21 10:27:14] FETCH OK: https://thuvienphapluat.vn/cong-van/Thuong-mai/Cong-van-1685-BCT-TTTN-2021-dieu-hanh-kinh-doanh-xang-dau-468947.aspx
[2026-04-21 10:27:15] FETCH STATUS: 200 | https://thuvienphapluat.vn/cong-van/Thuong-mai/Cong-van-1348-BCT-TTTN-2021-dieu-hanh-kinh-doanh-xang-dau-467376.aspx
[2026-04-21 10:27:15] FETCH OK: https://thuvienphapluat.vn/cong-van/Thuong-mai/Cong-van-1348-BCT-TTTN-2021-dieu-hanh-kinh-doanh-xang-dau-467376.aspx
[2026-04-21 10:27:16] FETCH STATUS: 200 | https://thuvienphapluat.vn/cong-van/Thuong-mai/Cong-van-992-BCT-TTTN-2021-dieu-hanh-kinh-doanh-xang-dau-465910.aspx
[2026-04-21 10:27:16] FETCH OK: https://thuvienphapluat.vn/cong-van/Thuong-mai/Cong-van-992-BCT-TTTN-2021-dieu-hanh-kinh-doanh-xang-dau-465910.aspx
[2026-04-21 10:27:17] FETCH STATUS: 200 | https://thuvienphapluat.vn/cong-van/Thuong-mai/Cong-van-856-BCT-TTTN-2021-quy-dinh-dieu-hanh-kinh-doanh-xang-dau-465103.aspx
[2026-04-21 10:27:17] FETCH OK: https://thuvienphapluat.vn/cong-van/Thuong-mai/Cong-van-856-BCT-TTTN-2021-quy-dinh-dieu-hanh-kinh-doanh-xang-dau-465103.aspx
[2026-04-21 10:27:19] FETCH STATUS: 200 | https://thuvienphapluat.vn/cong-van/Thuong-mai/Cong-van-466-BCT-TTTN-2021-dieu-hanh-kinh-doanh-xang-dau-463633.aspx
[2026-04-21 10:27:19] FETCH OK: https://thuvienphapluat.vn/cong-van/Thuong-mai/Cong-van-466-BCT-TTTN-2021-dieu-hanh-kinh-doanh-xang-dau-463633.aspx
[2026-04-21 10:27:20] FETCH STATUS: 200 | https://thuvienphapluat.vn/cong-van/Thuong-mai/Cong-van-150-BCT-TTTN-2020-dieu-hanh-kinh-doanh-xang-dau-461916.aspx
[2026-04-21 10:27:20] FETCH OK: https://thuvienphapluat.vn/cong-van/Thuong-mai/Cong-van-150-BCT-TTTN-2020-dieu-hanh-kinh-doanh-xang-dau-461916.aspx
[2026-04-21 10:27:22] FETCH STATUS: 200 | https://thuvienphapluat.vn/cong-van/Thuong-mai/Cong-van-10034-BCT-TTTN-2020-dieu-hanh-kinh-doanh-xang-dau-460580.aspx
[2026-04-21 10:27:22] FETCH OK: https://thuvienphapluat.vn/cong-van/Thuong-mai/Cong-van-10034-BCT-TTTN-2020-dieu-hanh-kinh-doanh-xang-dau-460580.aspx
[2026-04-21 10:27:23] FETCH STATUS: 200 | https://thuvienphapluat.vn/cong-van/Thuong-mai/Cong-van-7212-BCT-TTTN-2020-dieu-hanh-kinh-doanh-xang-dau-493591.aspx
[2026-04-21 10:27:23] FETCH OK: https://thuvienphapluat.vn/cong-van/Thuong-mai/Cong-van-7212-BCT-TTTN-2020-dieu-hanh-kinh-doanh-xang-dau-493591.aspx
[2026-04-21 10:27:25] FETCH STATUS: 200 | https://thuvienphapluat.vn/cong-van/Thuong-mai/Cong-van-5919-BCT-TTTN-2020-dieu-hanh-kinh-doanh-xang-dau-449870.aspx
[2026-04-21 10:27:25] FETCH OK: https://thuvienphapluat.vn/cong-van/Thuong-mai/Cong-van-5919-BCT-TTTN-2020-dieu-hanh-kinh-doanh-xang-dau-449870.aspx
[2026-04-21 10:27:26] FETCH STATUS: 200 | https://thuvienphapluat.vn/cong-van/Thuong-mai/Cong-van-5464-BCT-TTTN-2020-dieu-hanh-kinh-doanh-xang-dau-448324.aspx
[2026-04-21 10:27:26] FETCH OK: https://thuvienphapluat.vn/cong-van/Thuong-mai/Cong-van-5464-BCT-TTTN-2020-dieu-hanh-kinh-doanh-xang-dau-448324.aspx
[2026-04-21 10:27:28] FETCH STATUS: 200 | https://thuvienphapluat.vn/cong-van/Thuong-mai/Cong-van-5046-BCT-TTTN-2020-dieu-hanh-kinh-doanh-xang-dau-447191.aspx
[2026-04-21 10:27:28] FETCH OK: https://thuvienphapluat.vn/cong-van/Thuong-mai/Cong-van-5046-BCT-TTTN-2020-dieu-hanh-kinh-doanh-xang-dau-447191.aspx
[2026-04-21 10:27:29] FETCH STATUS: 200 | https://thuvienphapluat.vn/cong-van/Thuong-mai/Cong-van-4686-BCT-TTTN-2020-dieu-hanh-kinh-doanh-xang-dau-445977.aspx
[2026-04-21 10:27:29] FETCH OK: https://thuvienphapluat.vn/cong-van/Thuong-mai/Cong-van-4686-BCT-TTTN-2020-dieu-hanh-kinh-doanh-xang-dau-445977.aspx
[2026-04-21 10:27:30] FETCH STATUS: 200 | https://thuvienphapluat.vn/cong-van/Thuong-mai/Cong-van-4227-BCT-TTTN-2020-cong-bo-gia-co-so-kinh-doanh-xang-dau-tren-thi-truong-444775.aspx
[2026-04-21 10:27:30] FETCH OK: https://thuvienphapluat.vn/cong-van/Thuong-mai/Cong-van-4227-BCT-TTTN-2020-cong-bo-gia-co-so-kinh-doanh-xang-dau-tren-thi-truong-444775.aspx
[2026-04-21 10:27:32] FETCH STATUS: 200 | https://thuvienphapluat.vn/cong-van/Tai-chinh-nha-nuoc/Cong-van-3821-BCT-TTTN-2020-dieu-hanh-kinh-doanh-xang-dau-443754.aspx
[2026-04-21 10:27:32] FETCH OK: https://thuvienphapluat.vn/cong-van/Tai-chinh-nha-nuoc/Cong-van-3821-BCT-TTTN-2020-dieu-hanh-kinh-doanh-xang-dau-443754.aspx
[2026-04-21 10:27:34] FETCH STATUS: 200 | https://thuvienphapluat.vn/cong-van/Tai-chinh-nha-nuoc/Cong-van-3397-BCT-TTTN-2020-dieu-hanh-kinh-doanh-xang-dau-442411.aspx
[2026-04-21 10:27:34] FETCH OK: https://thuvienphapluat.vn/cong-van/Tai-chinh-nha-nuoc/Cong-van-3397-BCT-TTTN-2020-dieu-hanh-kinh-doanh-xang-dau-442411.aspx
[2026-04-21 10:27:35] FETCH STATUS: 200 | https://thuvienphapluat.vn/cong-van/Thuong-mai/Cong-van-3006-BCT-TTTN-2020-dieu-hanh-kinh-doanh-xang-dau-441182.aspx
[2026-04-21 10:27:35] FETCH OK: https://thuvienphapluat.vn/cong-van/Thuong-mai/Cong-van-3006-BCT-TTTN-2020-dieu-hanh-kinh-doanh-xang-dau-441182.aspx
[2026-04-21 10:27:37] FETCH STATUS: 200 | https://thuvienphapluat.vn/cong-van/Thuong-mai/Cong-van-2587-BCT-TTTN-2020-dieu-hanh-kinh-doanh-xang-dau-439755.aspx
[2026-04-21 10:27:37] FETCH OK: https://thuvienphapluat.vn/cong-van/Thuong-mai/Cong-van-2587-BCT-TTTN-2020-dieu-hanh-kinh-doanh-xang-dau-439755.aspx
[2026-04-21 10:27:38] FETCH STATUS: 200 | https://thuvienphapluat.vn/cong-van/Thuong-mai/Cong-van-1798-BCT-TTTN-2020-kinh-doanh-xang-dau-437649.aspx
[2026-04-21 10:27:38] FETCH OK: https://thuvienphapluat.vn/cong-van/Thuong-mai/Cong-van-1798-BCT-TTTN-2020-kinh-doanh-xang-dau-437649.aspx
[2026-04-21 10:27:39] FETCH STATUS: 200 | https://thuvienphapluat.vn/cong-van/Thuong-mai/Cong-van-1373-BCT-TTTN-2020-dieu-hanh-kinh-doanh-xang-dau-509822.aspx
[2026-04-21 10:27:39] FETCH OK: https://thuvienphapluat.vn/cong-van/Thuong-mai/Cong-van-1373-BCT-TTTN-2020-dieu-hanh-kinh-doanh-xang-dau-509822.aspx
[2026-04-21 10:27:41] FETCH STATUS: 200 | https://thuvienphapluat.vn/cong-van/Thuong-mai/Cong-van-944-BCT-TTTN-2020-dieu-hanh-kinh-doanh-xang-dau-435342.aspx
[2026-04-21 10:27:41] FETCH OK: https://thuvienphapluat.vn/cong-van/Thuong-mai/Cong-van-944-BCT-TTTN-2020-dieu-hanh-kinh-doanh-xang-dau-435342.aspx
[2026-04-21 10:27:42] FETCH STATUS: 403 | https://thuvienphapluat.vn/cong-van/Thuong-mai/Cong-van-343-BCT-TTTN-2020-dieu-hanh-kinh-doanh-xang-dau-432938.aspx
[2026-04-21 10:27:43] FETCH STATUS: 200 | https://thuvienphapluat.vn/cong-van/Thuong-mai/Cong-van-10162-BCT-TTTN-2019-dieu-hanh-kinh-doanh-xang-dau-511814.aspx
[2026-04-21 10:27:43] FETCH OK: https://thuvienphapluat.vn/cong-van/Thuong-mai/Cong-van-10162-BCT-TTTN-2019-dieu-hanh-kinh-doanh-xang-dau-511814.aspx
[2026-04-21 10:27:42] FETCH STATUS: 200 | https://thuvienphapluat.vn/cong-van/Thuong-mai/Cong-van-9621-BCT-TTTN-2019-dieu-hanh-kinh-doanh-xang-dau-512342.aspx
[2026-04-21 10:27:42] FETCH OK: https://thuvienphapluat.vn/cong-van/Thuong-mai/Cong-van-9621-BCT-TTTN-2019-dieu-hanh-kinh-doanh-xang-dau-512342.aspx
[2026-04-21 10:27:43] FETCH STATUS: 200 | https://thuvienphapluat.vn/cong-van/Thuong-mai/Cong-van-9139-BCT-TTTN-2019-dieu-hanh-kinh-doanh-xang-dau-512481.aspx
[2026-04-21 10:27:43] FETCH OK: https://thuvienphapluat.vn/cong-van/Thuong-mai/Cong-van-9139-BCT-TTTN-2019-dieu-hanh-kinh-doanh-xang-dau-512481.aspx
[2026-04-21 10:27:45] FETCH STATUS: 200 | https://thuvienphapluat.vn/cong-van/Thuong-mai/Cong-van-8733-BCT-TTTN-2019-dieu-hanh-kinh-doanh-xang-dau-514194.aspx
[2026-04-21 10:27:45] FETCH OK: https://thuvienphapluat.vn/cong-van/Thuong-mai/Cong-van-8733-BCT-TTTN-2019-dieu-hanh-kinh-doanh-xang-dau-514194.aspx
[2026-04-21 10:27:46] FETCH STATUS: 200 | https://thuvienphapluat.vn/cong-van/Thuong-mai/Cong-van-8258-BCT-TTTN-2019-dieu-hanh-kinh-doanh-xang-dau-427077.aspx
[2026-04-21 10:27:46] FETCH OK: https://thuvienphapluat.vn/cong-van/Thuong-mai/Cong-van-8258-BCT-TTTN-2019-dieu-hanh-kinh-doanh-xang-dau-427077.aspx
[2026-04-21 10:27:48] FETCH STATUS: 200 | https://thuvienphapluat.vn/cong-van/Thuong-mai/Cong-van-7785-BCT-TTTN-2019-kinh-doanh-xang-dau-426252.aspx
[2026-04-21 10:27:48] FETCH OK: https://thuvienphapluat.vn/cong-van/Thuong-mai/Cong-van-7785-BCT-TTTN-2019-kinh-doanh-xang-dau-426252.aspx
[2026-04-21 10:27:49] FETCH STATUS: 200 | https://thuvienphapluat.vn/cong-van/Thuong-mai/Cong-van-6817-BCT-TTTN-2019-dieu-hanh-kinh-doanh-xang-dau-424046.aspx
[2026-04-21 10:27:49] FETCH OK: https://thuvienphapluat.vn/cong-van/Thuong-mai/Cong-van-6817-BCT-TTTN-2019-dieu-hanh-kinh-doanh-xang-dau-424046.aspx
[2026-04-21 10:27:51] FETCH STATUS: 200 | https://thuvienphapluat.vn/cong-van/Thuong-mai/Cong-van-6012-BCT-TTTN-2019-dieu-hanh-kinh-doanh-xang-dau-421225.aspx
[2026-04-21 10:27:51] FETCH OK: https://thuvienphapluat.vn/cong-van/Thuong-mai/Cong-van-6012-BCT-TTTN-2019-dieu-hanh-kinh-doanh-xang-dau-421225.aspx
[2026-04-21 10:27:53] FETCH STATUS: 200 | https://thuvienphapluat.vn/cong-van/Thuong-mai/Cong-van-5531-BCT-TTTN-2019-ve-dieu-hanh-kinh-doanh-xang-dau-420105.aspx
[2026-04-21 10:27:53] FETCH OK: https://thuvienphapluat.vn/cong-van/Thuong-mai/Cong-van-5531-BCT-TTTN-2019-ve-dieu-hanh-kinh-doanh-xang-dau-420105.aspx
[2026-04-21 10:27:54] FETCH STATUS: 200 | https://thuvienphapluat.vn/cong-van/Thuong-mai/Cong-van-5087-BCT-TTTN-2019-ve-dieu-hanh-kinh-doanh-xang-dau-418929.aspx
[2026-04-21 10:27:54] FETCH OK: https://thuvienphapluat.vn/cong-van/Thuong-mai/Cong-van-5087-BCT-TTTN-2019-ve-dieu-hanh-kinh-doanh-xang-dau-418929.aspx
[2026-04-21 10:27:56] FETCH STATUS: 200 | https://thuvienphapluat.vn/cong-van/Thuong-mai/Cong-van-4720-BCT-TTTN-2019-ve-dieu-hanh-kinh-doanh-xang-dau-418753.aspx
[2026-04-21 10:27:56] FETCH OK: https://thuvienphapluat.vn/cong-van/Thuong-mai/Cong-van-4720-BCT-TTTN-2019-ve-dieu-hanh-kinh-doanh-xang-dau-418753.aspx
[2026-04-21 10:27:57] FETCH STATUS: 200 | https://thuvienphapluat.vn/cong-van/Thuong-mai/Cong-van-4286-BCT-TTTN-2019-dieu-hanh-kinh-doah-xang-dau-416531.aspx
[2026-04-21 10:27:57] FETCH OK: https://thuvienphapluat.vn/cong-van/Thuong-mai/Cong-van-4286-BCT-TTTN-2019-dieu-hanh-kinh-doah-xang-dau-416531.aspx
[2026-04-21 10:27:59] FETCH STATUS: 200 | https://thuvienphapluat.vn/cong-van/Thuong-mai/Cong-van-3864-BCT-TTTN-2019-ve-dieu-hanh-kinh-doanh-xang-dau-416102.aspx
[2026-04-21 10:27:59] FETCH OK: https://thuvienphapluat.vn/cong-van/Thuong-mai/Cong-van-3864-BCT-TTTN-2019-ve-dieu-hanh-kinh-doanh-xang-dau-416102.aspx
[2026-04-21 10:28:01] FETCH STATUS: 200 | https://thuvienphapluat.vn/cong-van/Thuong-mai/Cong-van-3466-BCT-TTTN-2019-dieu-hanh-kinh-doanh-xang-dau-414220.aspx
[2026-04-21 10:28:01] FETCH OK: https://thuvienphapluat.vn/cong-van/Thuong-mai/Cong-van-3466-BCT-TTTN-2019-dieu-hanh-kinh-doanh-xang-dau-414220.aspx
[2026-04-21 10:28:03] FETCH STATUS: 200 | https://thuvienphapluat.vn/cong-van/Thuong-mai/Cong-van-3006-BCT-TTTN-2019-dieu-hanh-kinh-doanh-xang-dau-412758.aspx
[2026-04-21 10:28:03] FETCH OK: https://thuvienphapluat.vn/cong-van/Thuong-mai/Cong-van-3006-BCT-TTTN-2019-dieu-hanh-kinh-doanh-xang-dau-412758.aspx
[2026-04-21 10:28:04] FETCH STATUS: 200 | https://thuvienphapluat.vn/cong-van/Thuong-mai/Cong-van-2647-BCT-TTTN-2019-dieu-hanh-kinh-doanh-xang-dau-411767.aspx
[2026-04-21 10:28:04] FETCH OK: https://thuvienphapluat.vn/cong-van/Thuong-mai/Cong-van-2647-BCT-TTTN-2019-dieu-hanh-kinh-doanh-xang-dau-411767.aspx
[2026-04-21 10:28:06] FETCH STATUS: 200 | https://thuvienphapluat.vn/cong-van/Thuong-mai/Cong-van-1363-BCT-TTTN-2019-dieu-hanh-kinh-doanh-xang-dau-410164.aspx
[2026-04-21 10:28:06] FETCH OK: https://thuvienphapluat.vn/cong-van/Thuong-mai/Cong-van-1363-BCT-TTTN-2019-dieu-hanh-kinh-doanh-xang-dau-410164.aspx
[2026-04-21 10:28:07] FETCH STATUS: 200 | https://thuvienphapluat.vn/cong-van/Thuong-mai/Cong-van-8989-BCT-TTTN-2018-dieu-hanh-kinh-doanh-xang-dau-399015.aspx
[2026-04-21 10:28:07] FETCH OK: https://thuvienphapluat.vn/cong-van/Thuong-mai/Cong-van-8989-BCT-TTTN-2018-dieu-hanh-kinh-doanh-xang-dau-399015.aspx
[2026-04-21 10:28:09] FETCH STATUS: 200 | https://thuvienphapluat.vn/cong-van/Thuong-mai/Cong-van-8563-BCT-TTTN-2018-dieu-hanh-kinh-doanh-xang-dau-397560.aspx
[2026-04-21 10:28:09] FETCH OK: https://thuvienphapluat.vn/cong-van/Thuong-mai/Cong-van-8563-BCT-TTTN-2018-dieu-hanh-kinh-doanh-xang-dau-397560.aspx
[2026-04-21 10:28:10] FETCH STATUS: 200 | https://thuvienphapluat.vn/cong-van/Thuong-mai/Cong-van-7657-BCT-TTTN-2018-dieu-hanh-kinh-doanh-xang-dau-395197.aspx
[2026-04-21 10:28:10] FETCH OK: https://thuvienphapluat.vn/cong-van/Thuong-mai/Cong-van-7657-BCT-TTTN-2018-dieu-hanh-kinh-doanh-xang-dau-395197.aspx
[2026-04-21 10:28:12] FETCH STATUS: 200 | https://thuvienphapluat.vn/cong-van/Thuong-mai/Cong-van-7194-BCT-TTTN-2018-dieu-hanh-kinh-doanh-xang-dau-393365.aspx
[2026-04-21 10:28:12] FETCH OK: https://thuvienphapluat.vn/cong-van/Thuong-mai/Cong-van-7194-BCT-TTTN-2018-dieu-hanh-kinh-doanh-xang-dau-393365.aspx
[2026-04-21 10:28:14] FETCH STATUS: 200 | https://thuvienphapluat.vn/cong-van/Thuong-mai/Cong-van-6181-BCT-TTTN-2018-dieu-hanh-kinh-doanh-xang-dau-389885.aspx
[2026-04-21 10:28:14] FETCH OK: https://thuvienphapluat.vn/cong-van/Thuong-mai/Cong-van-6181-BCT-TTTN-2018-dieu-hanh-kinh-doanh-xang-dau-389885.aspx
[2026-04-21 10:28:15] FETCH STATUS: 200 | https://thuvienphapluat.vn/cong-van/Thuong-mai/Cong-van-5778-BCT-TTTN-2018-dieu-hanh-kinh-doanh-xang-dau-388226.aspx
[2026-04-21 10:28:15] FETCH OK: https://thuvienphapluat.vn/cong-van/Thuong-mai/Cong-van-5778-BCT-TTTN-2018-dieu-hanh-kinh-doanh-xang-dau-388226.aspx
[2026-04-21 10:28:17] FETCH STATUS: 200 | https://thuvienphapluat.vn/cong-van/Thuong-mai/Cong-van-4530-BCT-TTTN-2018-dieu-hanh-kinh-doanh-xang-dau-383741.aspx
[2026-04-21 10:28:17] FETCH OK: https://thuvienphapluat.vn/cong-van/Thuong-mai/Cong-van-4530-BCT-TTTN-2018-dieu-hanh-kinh-doanh-xang-dau-383741.aspx
[2026-04-21 10:28:19] FETCH STATUS: 200 | https://thuvienphapluat.vn/cong-van/Thuong-mai/Cong-van-4057-BCT-TTTN-2018-dieu-hanh-kinh-doanh-xang-dau-382514.aspx
[2026-04-21 10:28:19] FETCH OK: https://thuvienphapluat.vn/cong-van/Thuong-mai/Cong-van-4057-BCT-TTTN-2018-dieu-hanh-kinh-doanh-xang-dau-382514.aspx
[2026-04-21 10:28:20] FETCH STATUS: 200 | https://thuvienphapluat.vn/cong-van/Thuong-mai/Cong-van-3585-BCT-TTTN-2018-dieu-hanh-kinh-doanh-xang-dau-381286.aspx
[2026-04-21 10:28:20] FETCH OK: https://thuvienphapluat.vn/cong-van/Thuong-mai/Cong-van-3585-BCT-TTTN-2018-dieu-hanh-kinh-doanh-xang-dau-381286.aspx
[2026-04-21 10:28:22] FETCH STATUS: 200 | https://thuvienphapluat.vn/cong-van/Thuong-mai/Cong-van-2243-BCT-TTTN-2018-dieu-hanh-kinh-doanh-xang-dau-387974.aspx
[2026-04-21 10:28:22] FETCH OK: https://thuvienphapluat.vn/cong-van/Thuong-mai/Cong-van-2243-BCT-TTTN-2018-dieu-hanh-kinh-doanh-xang-dau-387974.aspx
[2026-04-21 10:28:23] FETCH STATUS: 200 | https://thuvienphapluat.vn/cong-van/Thuong-mai/Cong-van-1757-BCT-TTTN-2018-dieu-hanh-kinh-doanh-xang-dau-376238.aspx
[2026-04-21 10:28:23] FETCH OK: https://thuvienphapluat.vn/cong-van/Thuong-mai/Cong-van-1757-BCT-TTTN-2018-dieu-hanh-kinh-doanh-xang-dau-376238.aspx
[2026-04-21 10:28:25] FETCH STATUS: 200 | https://thuvienphapluat.vn/cong-van/Thuong-mai/Cong-van-1377-BCT-TTTN-2018-dieu-hanh-kinh-doanh-xang-dau-374927.aspx
[2026-04-21 10:28:25] FETCH OK: https://thuvienphapluat.vn/cong-van/Thuong-mai/Cong-van-1377-BCT-TTTN-2018-dieu-hanh-kinh-doanh-xang-dau-374927.aspx
[2026-04-21 10:28:27] FETCH STATUS: 200 | https://thuvienphapluat.vn/cong-van/Thuong-mai/Cong-van-1073-BCT-TTTN-2018-dieu-hanh-kinh-doanh-xang-dau-374438.aspx
[2026-04-21 10:28:27] FETCH OK: https://thuvienphapluat.vn/cong-van/Thuong-mai/Cong-van-1073-BCT-TTTN-2018-dieu-hanh-kinh-doanh-xang-dau-374438.aspx
[2026-04-21 10:28:28] FETCH STATUS: 200 | https://thuvienphapluat.vn/cong-van/Thuong-mai/Cong-van-552-BCT-TTTN-2018-dieu-hanh-kinh-doanh-xang-dau-372752.aspx
[2026-04-21 10:28:28] FETCH OK: https://thuvienphapluat.vn/cong-van/Thuong-mai/Cong-van-552-BCT-TTTN-2018-dieu-hanh-kinh-doanh-xang-dau-372752.aspx
[2026-04-21 10:28:30] FETCH STATUS: 200 | https://thuvienphapluat.vn/cong-van/Thuong-mai/Cong-van-51-BCT-TTTN-2018-dieu-hanh-kinh-doanh-xang-dau-371492.aspx
[2026-04-21 10:28:30] FETCH OK: https://thuvienphapluat.vn/cong-van/Thuong-mai/Cong-van-51-BCT-TTTN-2018-dieu-hanh-kinh-doanh-xang-dau-371492.aspx
[2026-04-21 10:28:31] FETCH STATUS: 200 | https://thuvienphapluat.vn/cong-van/Thuong-mai/Cong-van-11964-BCT-TTTN-2017-dieu-hanh-kinh-doanh-xang-dau-370234.aspx
[2026-04-21 10:28:31] FETCH OK: https://thuvienphapluat.vn/cong-van/Thuong-mai/Cong-van-11964-BCT-TTTN-2017-dieu-hanh-kinh-doanh-xang-dau-370234.aspx
[2026-04-21 10:28:33] FETCH STATUS: 200 | https://thuvienphapluat.vn/cong-van/Thuong-mai/Cong-van-11448-BCT-TTTN-2017-dieu-hanh-kinh-doanh-xang-dau-368985.aspx
[2026-04-21 10:28:33] FETCH OK: https://thuvienphapluat.vn/cong-van/Thuong-mai/Cong-van-11448-BCT-TTTN-2017-dieu-hanh-kinh-doanh-xang-dau-368985.aspx
[2026-04-21 10:28:34] FETCH STATUS: 200 | https://thuvienphapluat.vn/cong-van/Thuong-mai/Cong-van-10896-BCT-TTTN-2017-dieu-hanh-kinh-doanh-xang-dau-367626.aspx
[2026-04-21 10:28:34] FETCH OK: https://thuvienphapluat.vn/cong-van/Thuong-mai/Cong-van-10896-BCT-TTTN-2017-dieu-hanh-kinh-doanh-xang-dau-367626.aspx
[2026-04-21 10:28:36] FETCH STATUS: 200 | https://thuvienphapluat.vn/cong-van/Thuong-mai/Cong-van-10365-BCT-TTTN-2017-dieu-hanh-kinh-doanh-xang-dau-366261.aspx
[2026-04-21 10:28:36] FETCH OK: https://thuvienphapluat.vn/cong-van/Thuong-mai/Cong-van-10365-BCT-TTTN-2017-dieu-hanh-kinh-doanh-xang-dau-366261.aspx
[2026-04-21 10:28:38] FETCH STATUS: 200 | https://thuvienphapluat.vn/cong-van/Thuong-mai/Cong-van-9759-BCT-TTTN-2017-dieu-hanh-kinh-doanh-xang-dau-364831.aspx
[2026-04-21 10:28:38] FETCH OK: https://thuvienphapluat.vn/cong-van/Thuong-mai/Cong-van-9759-BCT-TTTN-2017-dieu-hanh-kinh-doanh-xang-dau-364831.aspx
[2026-04-21 10:28:39] FETCH STATUS: 200 | https://thuvienphapluat.vn/cong-van/Thuong-mai/Cong-van-9278-BCT-TTTN-2017-dieu-hanh-kinh-doanh-xang-dau-363619.aspx
[2026-04-21 10:28:39] FETCH OK: https://thuvienphapluat.vn/cong-van/Thuong-mai/Cong-van-9278-BCT-TTTN-2017-dieu-hanh-kinh-doanh-xang-dau-363619.aspx
[2026-04-21 10:28:41] FETCH STATUS: 200 | https://thuvienphapluat.vn/cong-van/Thuong-mai/Cong-van-8724-BCT-TTTN-2017-dieu-hanh-kinh-doanh-xang-dau-361833.aspx
[2026-04-21 10:28:41] FETCH OK: https://thuvienphapluat.vn/cong-van/Thuong-mai/Cong-van-8724-BCT-TTTN-2017-dieu-hanh-kinh-doanh-xang-dau-361833.aspx
[2026-04-21 10:28:43] FETCH STATUS: 200 | https://thuvienphapluat.vn/cong-van/Thuong-mai/Cong-van-8178-BCT-TTTN-2017-dieu-hanh-kinh-doanh-xang-dau-360655.aspx
[2026-04-21 10:28:43] FETCH OK: https://thuvienphapluat.vn/cong-van/Thuong-mai/Cong-van-8178-BCT-TTTN-2017-dieu-hanh-kinh-doanh-xang-dau-360655.aspx
[2026-04-21 10:28:44] FETCH STATUS: 403 | https://thuvienphapluat.vn/cong-van/Thuong-mai/Cong-van-7616-BCT-TTTN-2017-dieu-hanh-kinh-doanh-xang-dau-359409.aspx
[2026-04-21 10:28:45] FETCH STATUS: 200 | https://thuvienphapluat.vn/cong-van/Thuong-mai/Cong-van-7027-BCT-TTTN-2017-dieu-hanh-kinh-doanh-xang-dau-dau-moi-kinh-doanh-xang-dau-357804.aspx
[2026-04-21 10:28:45] FETCH OK: https://thuvienphapluat.vn/cong-van/Thuong-mai/Cong-van-7027-BCT-TTTN-2017-dieu-hanh-kinh-doanh-xang-dau-dau-moi-kinh-doanh-xang-dau-357804.aspx
[2026-04-21 10:28:47] FETCH STATUS: 200 | https://thuvienphapluat.vn/cong-van/Thuong-mai/Cong-van-6473-BCT-TTTN-2017-dieu-hanh-kinh-doanh-xang-dau-355818.aspx
[2026-04-21 10:28:47] FETCH OK: https://thuvienphapluat.vn/cong-van/Thuong-mai/Cong-van-6473-BCT-TTTN-2017-dieu-hanh-kinh-doanh-xang-dau-355818.aspx
[2026-04-21 10:28:48] FETCH STATUS: 200 | https://thuvienphapluat.vn/cong-van/Thuong-mai/Quyet-dinh-5977-QD-BCT-2017-dieu-hanh-kinh-doanh-xang-dau-354025.aspx
[2026-04-21 10:28:48] FETCH OK: https://thuvienphapluat.vn/cong-van/Thuong-mai/Quyet-dinh-5977-QD-BCT-2017-dieu-hanh-kinh-doanh-xang-dau-354025.aspx
[2026-04-21 10:28:50] FETCH STATUS: 200 | https://thuvienphapluat.vn/cong-van/Thuong-mai/Cong-van-5430-BCT-TTTN-2017-dieu-hanh-kinh-doanh-xang-dau-352523.aspx
[2026-04-21 10:28:50] FETCH OK: https://thuvienphapluat.vn/cong-van/Thuong-mai/Cong-van-5430-BCT-TTTN-2017-dieu-hanh-kinh-doanh-xang-dau-352523.aspx
[2026-04-21 10:28:51] FETCH STATUS: 200 | https://thuvienphapluat.vn/cong-van/Thuong-mai/Cong-van-4442-BCT-TTTN-2017-dieu-hanh-kinh-doanh-xang-dau-349719.aspx
[2026-04-21 10:28:51] FETCH OK: https://thuvienphapluat.vn/cong-van/Thuong-mai/Cong-van-4442-BCT-TTTN-2017-dieu-hanh-kinh-doanh-xang-dau-349719.aspx
[2026-04-21 10:28:53] FETCH STATUS: 200 | https://thuvienphapluat.vn/cong-van/Thuong-mai/Cong-van-3886-BCT-TTTN-dieu-hanh-kinh-doanh-xang-dau-2017-348294.aspx
[2026-04-21 10:28:53] FETCH OK: https://thuvienphapluat.vn/cong-van/Thuong-mai/Cong-van-3886-BCT-TTTN-dieu-hanh-kinh-doanh-xang-dau-2017-348294.aspx
[2026-04-21 10:28:55] FETCH STATUS: 200 | https://thuvienphapluat.vn/cong-van/Thuong-mai/Cong-van-3372-BCT-TTTN-dieu-hanh-kinh-doanh-xang-dau-2017-346707.aspx
[2026-04-21 10:28:55] FETCH OK: https://thuvienphapluat.vn/cong-van/Thuong-mai/Cong-van-3372-BCT-TTTN-dieu-hanh-kinh-doanh-xang-dau-2017-346707.aspx
[2026-04-21 10:28:56] FETCH STATUS: 200 | https://thuvienphapluat.vn/cong-van/Thuong-mai/Cong-van-2833-BCT-TTTN-dieu-hanh-kinh-doanh-xang-dau-2017-345987.aspx
[2026-04-21 10:28:56] FETCH OK: https://thuvienphapluat.vn/cong-van/Thuong-mai/Cong-van-2833-BCT-TTTN-dieu-hanh-kinh-doanh-xang-dau-2017-345987.aspx
[2026-04-21 10:28:57] FETCH STATUS: 200 | https://thuvienphapluat.vn/cong-van/Thuong-mai/Cong-van-2284-BCT-TTTN-dieu-hanh-kinh-doanh-xang-dau-2017-343184.aspx
[2026-04-21 10:28:57] FETCH OK: https://thuvienphapluat.vn/cong-van/Thuong-mai/Cong-van-2284-BCT-TTTN-dieu-hanh-kinh-doanh-xang-dau-2017-343184.aspx
[2026-04-21 10:28:59] FETCH STATUS: 200 | https://thuvienphapluat.vn/cong-van/Thuong-mai/Cong-van-1775-BCT-TTTN-dieu-hanh-kinh-doanh-xang-dau-2017-341514.aspx
[2026-04-21 10:28:59] FETCH OK: https://thuvienphapluat.vn/cong-van/Thuong-mai/Cong-van-1775-BCT-TTTN-dieu-hanh-kinh-doanh-xang-dau-2017-341514.aspx
[2026-04-21 10:29:01] FETCH STATUS: 200 | https://thuvienphapluat.vn/cong-van/Thuong-mai/Cong-van-1315-BCT-TTTN-dieu-hanh-kinh-doanh-xang-dau-2017-340087.aspx
[2026-04-21 10:29:01] FETCH OK: https://thuvienphapluat.vn/cong-van/Thuong-mai/Cong-van-1315-BCT-TTTN-dieu-hanh-kinh-doanh-xang-dau-2017-340087.aspx
[2026-04-21 10:29:02] FETCH STATUS: 200 | https://thuvienphapluat.vn/cong-van/Thuong-mai/Cong-van-845-BCT-TTTN-dieu-hanh-kinh-doanh-xang-dau-2017-338394.aspx
[2026-04-21 10:29:02] FETCH OK: https://thuvienphapluat.vn/cong-van/Thuong-mai/Cong-van-845-BCT-TTTN-dieu-hanh-kinh-doanh-xang-dau-2017-338394.aspx
[2026-04-21 10:29:04] FETCH STATUS: 200 | https://thuvienphapluat.vn/cong-van/Thuong-mai/Cong-van-562-BCT-TTTN-dieu-hanh-kinh-doanh-xang-dau-2017-337760.aspx
[2026-04-21 10:29:04] FETCH OK: https://thuvienphapluat.vn/cong-van/Thuong-mai/Cong-van-562-BCT-TTTN-dieu-hanh-kinh-doanh-xang-dau-2017-337760.aspx
[2026-04-21 10:29:05] FETCH STATUS: 200 | https://thuvienphapluat.vn/cong-van/Thuong-mai/Cong-van-88-BCT-TTTN-dieu-hanh-kinh-doanh-xang-dau-2017-336302.aspx
[2026-04-21 10:29:05] FETCH OK: https://thuvienphapluat.vn/cong-van/Thuong-mai/Cong-van-88-BCT-TTTN-dieu-hanh-kinh-doanh-xang-dau-2017-336302.aspx
[2026-04-21 10:29:07] FETCH STATUS: 200 | https://thuvienphapluat.vn/cong-van/Thuong-mai/Cong-van-12255-BCT-TTTN-dieu-hanh-kinh-doanh-xang-dau-2016-334659.aspx
[2026-04-21 10:29:07] FETCH OK: https://thuvienphapluat.vn/cong-van/Thuong-mai/Cong-van-12255-BCT-TTTN-dieu-hanh-kinh-doanh-xang-dau-2016-334659.aspx
[2026-04-21 10:29:08] FETCH STATUS: 200 | https://thuvienphapluat.vn/cong-van/Thuong-mai/Cong-van-11674-BCT-TTTN-dieu-hanh-kinh-doanh-xang-dau-2016-332859.aspx
[2026-04-21 10:29:08] FETCH OK: https://thuvienphapluat.vn/cong-van/Thuong-mai/Cong-van-11674-BCT-TTTN-dieu-hanh-kinh-doanh-xang-dau-2016-332859.aspx
[2026-04-21 10:29:10] FETCH STATUS: 200 | https://thuvienphapluat.vn/cong-van/Thuong-mai/Cong-van-11070-BCT-TTTN-dieu-hanh-kinh-doanh-xang-dau-2016-330517.aspx
[2026-04-21 10:29:10] FETCH OK: https://thuvienphapluat.vn/cong-van/Thuong-mai/Cong-van-11070-BCT-TTTN-dieu-hanh-kinh-doanh-xang-dau-2016-330517.aspx
[2026-04-21 10:29:12] FETCH STATUS: 200 | https://thuvienphapluat.vn/cong-van/Thuong-mai/Cong-van-10541-BCT-TTTN-dieu-hanh-kinh-doanh-xang-dau-2016-328277.aspx
[2026-04-21 10:29:12] FETCH OK: https://thuvienphapluat.vn/cong-van/Thuong-mai/Cong-van-10541-BCT-TTTN-dieu-hanh-kinh-doanh-xang-dau-2016-328277.aspx
[2026-04-21 10:29:13] FETCH STATUS: 200 | https://thuvienphapluat.vn/cong-van/Thuong-mai/Cong-van-9999-BCT-TTTN-dieu-hanh-kinh-doanh-xang-dau-2016-326326.aspx
[2026-04-21 10:29:13] FETCH OK: https://thuvienphapluat.vn/cong-van/Thuong-mai/Cong-van-9999-BCT-TTTN-dieu-hanh-kinh-doanh-xang-dau-2016-326326.aspx
[2026-04-21 10:29:15] FETCH STATUS: 200 | https://thuvienphapluat.vn/cong-van/Thuong-mai/Cong-van-9434-BCT-TTTN-dieu-hanh-kinh-doanh-xang-dau-2016-324589.aspx
[2026-04-21 10:29:15] FETCH OK: https://thuvienphapluat.vn/cong-van/Thuong-mai/Cong-van-9434-BCT-TTTN-dieu-hanh-kinh-doanh-xang-dau-2016-324589.aspx
[2026-04-21 10:29:16] FETCH STATUS: 200 | https://thuvienphapluat.vn/cong-van/Thuong-mai/Cong-van-2152-BTC-QLG-dieu-hanh-kinh-doanh-xang-dau-182386.aspx
[2026-04-21 10:29:16] FETCH OK: https://thuvienphapluat.vn/cong-van/Thuong-mai/Cong-van-2152-BTC-QLG-dieu-hanh-kinh-doanh-xang-dau-182386.aspx
[2026-04-21 10:29:18] FETCH STATUS: 200 | https://thuvienphapluat.vn/cong-van/Thuong-mai/Cong-van-8811-BCT-TTTN-dieu-hanh-kinh-doanh-xang-dau-2016-322533.aspx
[2026-04-21 10:29:18] FETCH OK: https://thuvienphapluat.vn/cong-van/Thuong-mai/Cong-van-8811-BCT-TTTN-dieu-hanh-kinh-doanh-xang-dau-2016-322533.aspx
[2026-04-21 10:29:20] FETCH STATUS: 200 | https://thuvienphapluat.vn/cong-van/Thuong-mai/Cong-van-1441-BTC-QLG-dieu-hanh-kinh-doanh-xang-dau-169140.aspx
[2026-04-21 10:29:20] FETCH OK: https://thuvienphapluat.vn/cong-van/Thuong-mai/Cong-van-1441-BTC-QLG-dieu-hanh-kinh-doanh-xang-dau-169140.aspx
[2026-04-21 10:29:21] FETCH STATUS: 200 | https://thuvienphapluat.vn/cong-van/Thuong-mai/Cong-van-8239-BCT-TTTN-dieu-hanh-kinh-doanh-xang-dau-2016-321203.aspx
[2026-04-21 10:29:21] FETCH OK: https://thuvienphapluat.vn/cong-van/Thuong-mai/Cong-van-8239-BCT-TTTN-dieu-hanh-kinh-doanh-xang-dau-2016-321203.aspx
[2026-04-21 10:29:23] FETCH STATUS: 200 | https://thuvienphapluat.vn/cong-van/Thuong-mai/Cong-van-7716-BCT-TTTN-dieu-hanh-kinh-doanh-xang-dau-2016-319967.aspx
[2026-04-21 10:29:23] FETCH OK: https://thuvienphapluat.vn/cong-van/Thuong-mai/Cong-van-7716-BCT-TTTN-dieu-hanh-kinh-doanh-xang-dau-2016-319967.aspx
[2026-04-21 10:29:24] FETCH STATUS: 200 | https://thuvienphapluat.vn/cong-van/Thuong-mai/Cong-van-7204-BCT-TTTN-dieu-hanh-kinh-doanh-xang-dau-2016-318727.aspx
[2026-04-21 10:29:24] FETCH OK: https://thuvienphapluat.vn/cong-van/Thuong-mai/Cong-van-7204-BCT-TTTN-dieu-hanh-kinh-doanh-xang-dau-2016-318727.aspx
[2026-04-21 10:29:26] FETCH STATUS: 200 | https://thuvienphapluat.vn/cong-van/Thuong-mai/Cong-van-6695-BCT-TTTN-dieu-hanh-kinh-doanh-xang-dau-2016-317530.aspx
[2026-04-21 10:29:26] FETCH OK: https://thuvienphapluat.vn/cong-van/Thuong-mai/Cong-van-6695-BCT-TTTN-dieu-hanh-kinh-doanh-xang-dau-2016-317530.aspx
[2026-04-21 10:29:27] FETCH STATUS: 200 | https://thuvienphapluat.vn/cong-van/Thuong-mai/Cong-van-6056-BCT-TTTN-dieu-hanh-kinh-doanh-xang-dau-2016-316411.aspx
[2026-04-21 10:29:27] FETCH OK: https://thuvienphapluat.vn/cong-van/Thuong-mai/Cong-van-6056-BCT-TTTN-dieu-hanh-kinh-doanh-xang-dau-2016-316411.aspx
[2026-04-21 10:29:29] FETCH STATUS: 200 | https://thuvienphapluat.vn/cong-van/Thuong-mai/Cong-van-14915-BTC-QLG-dieu-hanh-kinh-doanh-xang-dau-150570.aspx
[2026-04-21 10:29:29] FETCH OK: https://thuvienphapluat.vn/cong-van/Thuong-mai/Cong-van-14915-BTC-QLG-dieu-hanh-kinh-doanh-xang-dau-150570.aspx
[2026-04-21 10:29:31] FETCH STATUS: 200 | https://thuvienphapluat.vn/cong-van/Thuong-mai/Cong-van-5450-BCT-TTTTN-dieu-hanh-kinh-doanh-xang-dau-2016-314942.aspx
[2026-04-21 10:29:31] FETCH OK: https://thuvienphapluat.vn/cong-van/Thuong-mai/Cong-van-5450-BCT-TTTTN-dieu-hanh-kinh-doanh-xang-dau-2016-314942.aspx
[2026-04-21 10:29:32] FETCH STATUS: 200 | https://thuvienphapluat.vn/cong-van/Thuong-mai/Cong-van-4951-BCT-TTTN-dieu-hanh-kinh-doanh-xang-dau-2016-313405.aspx
[2026-04-21 10:29:32] FETCH OK: https://thuvienphapluat.vn/cong-van/Thuong-mai/Cong-van-4951-BCT-TTTN-dieu-hanh-kinh-doanh-xang-dau-2016-313405.aspx
[2026-04-21 10:29:34] FETCH STATUS: 200 | https://thuvienphapluat.vn/cong-van/Thuong-mai/Cong-van-4353-BCT-TTTN-dieu-hanh-kinh-doanh-xang-dau-2016-311884.aspx
[2026-04-21 10:29:34] FETCH OK: https://thuvienphapluat.vn/cong-van/Thuong-mai/Cong-van-4353-BCT-TTTN-dieu-hanh-kinh-doanh-xang-dau-2016-311884.aspx
[2026-04-21 10:29:36] FETCH STATUS: 200 | https://thuvienphapluat.vn/cong-van/Thuong-mai/Cong-van-11534-BTC-QLG-dieu-hanh-kinh-doanh-xang-dau-146670.aspx
[2026-04-21 10:29:36] FETCH OK: https://thuvienphapluat.vn/cong-van/Thuong-mai/Cong-van-11534-BTC-QLG-dieu-hanh-kinh-doanh-xang-dau-146670.aspx
[2026-04-21 10:29:37] FETCH STATUS: 200 | https://thuvienphapluat.vn/cong-van/Thuong-mai/Cong-van-3835-BCT-TTTN-dieu-hanh-kinh-doanh-xang-dau-2016-310391.aspx
[2026-04-21 10:29:37] FETCH OK: https://thuvienphapluat.vn/cong-van/Thuong-mai/Cong-van-3835-BCT-TTTN-dieu-hanh-kinh-doanh-xang-dau-2016-310391.aspx
[2026-04-21 10:29:39] FETCH STATUS: 200 | https://thuvienphapluat.vn/cong-van/Thuong-mai/Cong-van-3407-BCT-TTTN-dieu-hanh-kinh-doanh-xang-dau-2016-309114.aspx
[2026-04-21 10:29:39] FETCH OK: https://thuvienphapluat.vn/cong-van/Thuong-mai/Cong-van-3407-BCT-TTTN-dieu-hanh-kinh-doanh-xang-dau-2016-309114.aspx
[2026-04-21 10:29:41] FETCH STATUS: 200 | https://thuvienphapluat.vn/cong-van/Thuong-mai/Cong-van-10235-BTC-QLG-dieu-hanh-kinh-doanh-xang-dau-145022.aspx
[2026-04-21 10:29:41] FETCH OK: https://thuvienphapluat.vn/cong-van/Thuong-mai/Cong-van-10235-BTC-QLG-dieu-hanh-kinh-doanh-xang-dau-145022.aspx
[2026-04-21 10:29:42] FETCH STATUS: 200 | https://thuvienphapluat.vn/cong-van/Thuong-mai/Cong-van-2974-BCT-TTTN-dieu-hanh-kinh-doanh-xang-dau-2016-308003.aspx
[2026-04-21 10:29:42] FETCH OK: https://thuvienphapluat.vn/cong-van/Thuong-mai/Cong-van-2974-BCT-TTTN-dieu-hanh-kinh-doanh-xang-dau-2016-308003.aspx
[2026-04-21 10:29:44] FETCH STATUS: 200 | https://thuvienphapluat.vn/cong-van/Thuong-mai/Cong-van-2427-BCT-TTTN-dieu-hanh-kinh-doanh-xang-dau-2016-306262.aspx
[2026-04-21 10:29:44] FETCH OK: https://thuvienphapluat.vn/cong-van/Thuong-mai/Cong-van-2427-BCT-TTTN-dieu-hanh-kinh-doanh-xang-dau-2016-306262.aspx
[2026-04-21 10:29:45] FETCH STATUS: 403 | https://thuvienphapluat.vn/cong-van/Thuong-mai/Cong-van-1851-BTC-TTTN-dieu-hanh-kinh-doanh-xang-dau-2016-304374.aspx
[2026-04-21 10:29:45] FETCH STATUS: 403 | https://thuvienphapluat.vn/cong-van/Thuong-mai/Cong-van-1407-BCT-TTTN-dieu-chinh-kinh-doanh-xang-dau-2016-302812.aspx
[2026-04-21 10:29:46] FETCH STATUS: 200 | https://thuvienphapluat.vn/cong-van/Thuong-mai/Cong-van-1273-BCT-TTTN-dieu-hanh-kinh-doanh-xang-dau-2016-302261.aspx
[2026-04-21 10:29:46] FETCH OK: https://thuvienphapluat.vn/cong-van/Thuong-mai/Cong-van-1273-BCT-TTTN-dieu-hanh-kinh-doanh-xang-dau-2016-302261.aspx
[2026-04-21 10:29:48] FETCH STATUS: 200 | https://thuvienphapluat.vn/cong-van/Thuong-mai/Cong-van-564-BCT-TTTN-dieu-hanh-kinh-doanh-xang-dau-2016-300827.aspx
[2026-04-21 10:29:48] FETCH OK: https://thuvienphapluat.vn/cong-van/Thuong-mai/Cong-van-564-BCT-TTTN-dieu-hanh-kinh-doanh-xang-dau-2016-300827.aspx
[2026-04-21 10:29:49] FETCH STATUS: 200 | https://thuvienphapluat.vn/cong-van/Thuong-mai/Cong-van-12-BCT-TTTN-dieu-hanh-kinh-doanh-xang-dau-2015-299509.aspx
[2026-04-21 10:29:49] FETCH OK: https://thuvienphapluat.vn/cong-van/Thuong-mai/Cong-van-12-BCT-TTTN-dieu-hanh-kinh-doanh-xang-dau-2015-299509.aspx
[2026-04-21 10:29:50] FETCH DONE: fetched=289, invalid=0, failed=10
[2026-04-21 10:58:52] DISCOVERY: start (browser-assisted)
[2026-04-21 10:58:52] DISCOVERY: page=1
[2026-04-21 10:58:52] DISCOVERY: url=https://thuvienphapluat.vn/page/tim-van-ban.aspx?keyword=%C4%91i%E1%BB%81u+h%C3%A0nh&area=0&type=3&status=0&lan=1&org=0&signer=0&match=True&sort=1&bdate=20%2F04%2F1946&edate=21%2F04%2F2026&page=1
[2026-04-21 10:58:57] PAGE_TITLE=Chờ một chút...
[2026-04-21 10:58:57] BODY_PREVIEW=thuvienphapluat.vn | Thực hiện xác minh bảo mật | Trang web này sử dụng dịch vụ bảo mật để chống bot độc hại. Trang này hiển thị trong khi trang web xác minh bạn không phải là bot. | Ray ID: 9ef9790b1e1c6bd9 | Hiệu suất và Tính bảo mật của Cloudflare | Quyền riêng tư
[2026-04-21 10:58:57] SAVED_SEARCH_HTML=D:\Do an DS108\data\raw\search_pages\page_001.html
[2026-04-21 10:58:57] PAGE_STATUS=blocked
[2026-04-21 10:58:57] DISCOVERY WARNING: blocked/captcha detected. Please solve it in Chrome, then rerun.
[2026-04-21 10:58:57] PAGE_AUDIT_SAVED=D:\Do an DS108\data\raw\search_pages\page_audit.csv
[2026-04-21 10:58:57] DISCOVERY DONE: total=0 docs
[2026-04-21 11:00:07] DISCOVERY: start (browser-assisted)
[2026-04-21 11:00:07] DISCOVERY: page=1
[2026-04-21 11:00:07] DISCOVERY: url=https://thuvienphapluat.vn/page/tim-van-ban.aspx?keyword=%C4%91i%E1%BB%81u+h%C3%A0nh&area=0&type=3&status=0&lan=1&org=0&signer=0&match=True&sort=1&bdate=20%2F04%2F1946&edate=21%2F04%2F2026&page=1
[2026-04-21 11:00:14] PAGE_TITLE=Tra cứu Công Văn điều hành
[2026-04-21 11:00:14] BODY_PREVIEW=THƯ VIỆN PHÁP LUẬT | Trang Thông tin điện tử tổng hợp | ...loại rủi ro pháp lý, nắm cơ hội làm giàu... | Các gói dịch vụ | Chính sách Pháp luật mới | Pháp Luật | Liên hệ |  Danh mục    | Sơ đồ WebSite   Giới thiệu  Hướng dẫn sử dụng   Rss   Homepage    Widget | Tra cứu Công Văn điều hành | Từ khoá: Số Hiệu, Tiêu đề hoặc Nội dung ngắn gọn của Văn Bản...(Lưu ý khi tìm kiếm) | Tìm trong: Tất cả Tiêu đề văn bản Số hiệu văn
[2026-04-21 11:00:14] SAVED_SEARCH_HTML=D:\Do an DS108\data\raw\search_pages\page_001.html
[2026-04-21 11:00:14] PAGE_STATUS=ok
[2026-04-21 11:00:14] DEBUG: total_a=293
[2026-04-21 11:00:14] DEBUG: cong_van_a=78
[2026-04-21 11:00:14] DEBUG_SAMPLE_TITLE=Công văn 2642/BCT-TTTN năm 2026 thông báo điều hành giá bán xăng dầu do Bộ Công thương ban hành
[2026-04-21 11:00:14] DEBUG_SAMPLE_HREF=https://thuvienphapluat.vn/cong-van/Thuong-mai/Cong-van-2642-BCT-TTTN-2026-thong-bao-dieu-hanh-gia-ban-xang-dau-701937.aspx
[2026-04-21 11:00:14] DEBUG_SAMPLE_TITLE=Văn bản gốc
[2026-04-21 11:00:14] DEBUG_SAMPLE_HREF=https://thuvienphapluat.vn/cong-van/Thuong-mai/Cong-van-2642-BCT-TTTN-2026-thong-bao-dieu-hanh-gia-ban-xang-dau-701937.aspx?tab=2
[2026-04-21 11:00:14] DEBUG_SAMPLE_TITLE=Lược đồ
[2026-04-21 11:00:14] DEBUG_SAMPLE_HREF=https://thuvienphapluat.vn/cong-van/Thuong-mai/Cong-van-2642-BCT-TTTN-2026-thong-bao-dieu-hanh-gia-ban-xang-dau-701937.aspx?tab=3
[2026-04-21 11:00:14] DEBUG_SAMPLE_TITLE=Tải về
[2026-04-21 11:00:14] DEBUG_SAMPLE_HREF=https://thuvienphapluat.vn/cong-van/Thuong-mai/Cong-van-2642-BCT-TTTN-2026-thong-bao-dieu-hanh-gia-ban-xang-dau-701937.aspx?tab=7
[2026-04-21 11:00:14] DEBUG_SAMPLE_TITLE=Công văn 2455/BCT-TTTN năm 2026 thông báo điều hành giá bán xăng dầu do Bộ Công thương ban hành
[2026-04-21 11:00:14] DEBUG_SAMPLE_HREF=https://thuvienphapluat.vn/cong-van/Thuong-mai/Cong-van-2455-BCT-TTTN-2026-thong-bao-dieu-hanh-gia-ban-xang-dau-700786.aspx
[2026-04-21 11:00:14] DEBUG_SAMPLE_TITLE=Văn bản gốc
[2026-04-21 11:00:14] DEBUG_SAMPLE_HREF=https://thuvienphapluat.vn/cong-van/Thuong-mai/Cong-van-2455-BCT-TTTN-2026-thong-bao-dieu-hanh-gia-ban-xang-dau-700786.aspx?tab=2
[2026-04-21 11:00:14] DEBUG_SAMPLE_TITLE=Lược đồ
[2026-04-21 11:00:14] DEBUG_SAMPLE_HREF=https://thuvienphapluat.vn/cong-van/Thuong-mai/Cong-van-2455-BCT-TTTN-2026-thong-bao-dieu-hanh-gia-ban-xang-dau-700786.aspx?tab=3
[2026-04-21 11:00:14] DEBUG_SAMPLE_TITLE=Tải về
[2026-04-21 11:00:14] DEBUG_SAMPLE_HREF=https://thuvienphapluat.vn/cong-van/Thuong-mai/Cong-van-2455-BCT-TTTN-2026-thong-bao-dieu-hanh-gia-ban-xang-dau-700786.aspx?tab=7
[2026-04-21 11:00:14] DEBUG_SAMPLE_TITLE=Công văn 2428/BCT-TTTN năm 2026 thông báo điều hành giá bán xăng dầu do Bộ Công thương ban hành
[2026-04-21 11:00:14] DEBUG_SAMPLE_HREF=https://thuvienphapluat.vn/cong-van/Thuong-mai/Cong-van-2428-BCT-TTTN-2026-thong-bao-dieu-hanh-gia-ban-xang-dau-700615.aspx
[2026-04-21 11:00:14] DEBUG_SAMPLE_TITLE=Văn bản gốc
[2026-04-21 11:00:14] DEBUG_SAMPLE_HREF=https://thuvienphapluat.vn/cong-van/Thuong-mai/Cong-van-2428-BCT-TTTN-2026-thong-bao-dieu-hanh-gia-ban-xang-dau-700615.aspx?tab=2
[2026-04-21 11:00:14] DISCOVERY: found 19 docs on page 1
[2026-04-21 11:00:14] DISCOVERY: page=2
[2026-04-21 11:00:14] DISCOVERY: url=https://thuvienphapluat.vn/page/tim-van-ban.aspx?keyword=%C4%91i%E1%BB%81u+h%C3%A0nh&area=0&type=3&status=0&lan=1&org=0&signer=0&match=True&sort=1&bdate=20%2F04%2F1946&edate=21%2F04%2F2026&page=2
[2026-04-21 11:00:21] PAGE_TITLE=Tra cứu Công Văn điều hành
[2026-04-21 11:00:21] BODY_PREVIEW=THƯ VIỆN PHÁP LUẬT | Trang Thông tin điện tử tổng hợp | ...loại rủi ro pháp lý, nắm cơ hội làm giàu... | Các gói dịch vụ | Chính sách Pháp luật mới | Pháp Luật | Liên hệ |  Danh mục    | Sơ đồ WebSite   Giới thiệu  Hướng dẫn sử dụng   Rss   Homepage    Widget | Tra cứu Công Văn điều hành | Từ khoá: Số Hiệu, Tiêu đề hoặc Nội dung ngắn gọn của Văn Bản...(Lưu ý khi tìm kiếm) | Tìm trong: Tất cả Tiêu đề văn bản Số hiệu văn
[2026-04-21 11:00:21] SAVED_SEARCH_HTML=D:\Do an DS108\data\raw\search_pages\page_002.html
[2026-04-21 11:00:21] PAGE_STATUS=ok
[2026-04-21 11:00:21] DEBUG: total_a=287
[2026-04-21 11:00:21] DEBUG: cong_van_a=80
[2026-04-21 11:00:21] DEBUG_SAMPLE_TITLE=Công văn 8955/BCT-TTTN năm 2025 điều hành kinh doanh xăng dầu do Bộ Công Thương ban hành
[2026-04-21 11:00:21] DEBUG_SAMPLE_HREF=https://thuvienphapluat.vn/cong-van/Thuong-mai/Cong-van-8955-BCT-TTTN-2025-kinh-doanh-xang-dau-680559.aspx
[2026-04-21 11:00:21] DEBUG_SAMPLE_TITLE=Văn bản gốc
[2026-04-21 11:00:21] DEBUG_SAMPLE_HREF=https://thuvienphapluat.vn/cong-van/Thuong-mai/Cong-van-8955-BCT-TTTN-2025-kinh-doanh-xang-dau-680559.aspx?tab=2
[2026-04-21 11:00:21] DEBUG_SAMPLE_TITLE=Lược đồ
[2026-04-21 11:00:21] DEBUG_SAMPLE_HREF=https://thuvienphapluat.vn/cong-van/Thuong-mai/Cong-van-8955-BCT-TTTN-2025-kinh-doanh-xang-dau-680559.aspx?tab=3
[2026-04-21 11:00:21] DEBUG_SAMPLE_TITLE=Tải về
[2026-04-21 11:00:21] DEBUG_SAMPLE_HREF=https://thuvienphapluat.vn/cong-van/Thuong-mai/Cong-van-8955-BCT-TTTN-2025-kinh-doanh-xang-dau-680559.aspx?tab=7
[2026-04-21 11:00:21] DEBUG_SAMPLE_TITLE=Công văn 8728/BCT-TTTN năm 2025 về điều hành kinh doanh xăng dầu do Bộ Công Thương ban hành
[2026-04-21 11:00:21] DEBUG_SAMPLE_HREF=https://thuvienphapluat.vn/cong-van/Tai-nguyen-Moi-truong/Cong-van-8728-BCT-TTTN-2025-dieu-hanh-kinh-doanh-xang-dau-679859.aspx
[2026-04-21 11:00:21] DEBUG_SAMPLE_TITLE=Văn bản gốc
[2026-04-21 11:00:21] DEBUG_SAMPLE_HREF=https://thuvienphapluat.vn/cong-van/Tai-nguyen-Moi-truong/Cong-van-8728-BCT-TTTN-2025-dieu-hanh-kinh-doanh-xang-dau-679859.aspx?tab=2
[2026-04-21 11:00:21] DEBUG_SAMPLE_TITLE=Lược đồ
[2026-04-21 11:00:21] DEBUG_SAMPLE_HREF=https://thuvienphapluat.vn/cong-van/Tai-nguyen-Moi-truong/Cong-van-8728-BCT-TTTN-2025-dieu-hanh-kinh-doanh-xang-dau-679859.aspx?tab=3
[2026-04-21 11:00:21] DEBUG_SAMPLE_TITLE=Tải về
[2026-04-21 11:00:21] DEBUG_SAMPLE_HREF=https://thuvienphapluat.vn/cong-van/Tai-nguyen-Moi-truong/Cong-van-8728-BCT-TTTN-2025-dieu-hanh-kinh-doanh-xang-dau-679859.aspx?tab=7
[2026-04-21 11:00:21] DEBUG_SAMPLE_TITLE=Công văn 8493/BCT-TTTN năm 2025 về điều hành kinh doanh xăng dầu do Bộ Công Thương ban hành
[2026-04-21 11:00:21] DEBUG_SAMPLE_HREF=https://thuvienphapluat.vn/cong-van/Tai-nguyen-Moi-truong/Cong-van-8493-BCT-TTTN-2025-dieu-hanh-kinh-doanh-xang-dau-679166.aspx
[2026-04-21 11:00:21] DEBUG_SAMPLE_TITLE=Văn bản gốc
[2026-04-21 11:00:21] DEBUG_SAMPLE_HREF=https://thuvienphapluat.vn/cong-van/Tai-nguyen-Moi-truong/Cong-van-8493-BCT-TTTN-2025-dieu-hanh-kinh-doanh-xang-dau-679166.aspx?tab=2
[2026-04-21 11:00:21] DISCOVERY: found 20 docs on page 2
[2026-04-21 11:00:21] DISCOVERY: page=3
[2026-04-21 11:00:21] DISCOVERY: url=https://thuvienphapluat.vn/page/tim-van-ban.aspx?keyword=%C4%91i%E1%BB%81u+h%C3%A0nh&area=0&type=3&status=0&lan=1&org=0&signer=0&match=True&sort=1&bdate=20%2F04%2F1946&edate=21%2F04%2F2026&page=3
[2026-04-21 11:00:29] PAGE_TITLE=Tra cứu Công Văn điều hành
[2026-04-21 11:00:29] BODY_PREVIEW=THƯ VIỆN PHÁP LUẬT | Trang Thông tin điện tử tổng hợp | ...loại rủi ro pháp lý, nắm cơ hội làm giàu... | Các gói dịch vụ | Chính sách Pháp luật mới | Pháp Luật | Liên hệ |  Danh mục    | Sơ đồ WebSite   Giới thiệu  Hướng dẫn sử dụng   Rss   Homepage    Widget | Tra cứu Công Văn điều hành | Từ khoá: Số Hiệu, Tiêu đề hoặc Nội dung ngắn gọn của Văn Bản...(Lưu ý khi tìm kiếm) | Tìm trong: Tất cả Tiêu đề văn bản Số hiệu văn
[2026-04-21 11:00:29] SAVED_SEARCH_HTML=D:\Do an DS108\data\raw\search_pages\page_003.html
[2026-04-21 11:00:29] PAGE_STATUS=ok
[2026-04-21 11:00:29] DEBUG: total_a=288
[2026-04-21 11:00:29] DEBUG: cong_van_a=80
[2026-04-21 11:00:29] DEBUG_SAMPLE_TITLE=Công văn 4443/BCT-TTTN năm 2025 điều hành kinh doanh xăng dầu do Bộ Công Thương ban hành
[2026-04-21 11:00:29] DEBUG_SAMPLE_HREF=https://thuvienphapluat.vn/cong-van/Thuong-mai/Cong-van-4443-BCT-TTTN-2025-dieu-hanh-kinh-doanh-xang-dau-661558.aspx
[2026-04-21 11:00:29] DEBUG_SAMPLE_TITLE=Văn bản gốc
[2026-04-21 11:00:29] DEBUG_SAMPLE_HREF=https://thuvienphapluat.vn/cong-van/Thuong-mai/Cong-van-4443-BCT-TTTN-2025-dieu-hanh-kinh-doanh-xang-dau-661558.aspx?tab=2
[2026-04-21 11:00:29] DEBUG_SAMPLE_TITLE=Lược đồ
[2026-04-21 11:00:29] DEBUG_SAMPLE_HREF=https://thuvienphapluat.vn/cong-van/Thuong-mai/Cong-van-4443-BCT-TTTN-2025-dieu-hanh-kinh-doanh-xang-dau-661558.aspx?tab=3
[2026-04-21 11:00:29] DEBUG_SAMPLE_TITLE=Tải về
[2026-04-21 11:00:29] DEBUG_SAMPLE_HREF=https://thuvienphapluat.vn/cong-van/Thuong-mai/Cong-van-4443-BCT-TTTN-2025-dieu-hanh-kinh-doanh-xang-dau-661558.aspx?tab=7
[2026-04-21 11:00:29] DEBUG_SAMPLE_TITLE=Công văn 4217/BCT-TTTN năm 2025 điều hành kinh doanh xăng dầu do Bộ Công Thương ban hành
[2026-04-21 11:00:29] DEBUG_SAMPLE_HREF=https://thuvienphapluat.vn/cong-van/Thuong-mai/Cong-van-4217-BCT-TTTN-2025-dieu-hanh-kinh-doanh-xang-dau-660593.aspx
[2026-04-21 11:00:29] DEBUG_SAMPLE_TITLE=Văn bản gốc
[2026-04-21 11:00:29] DEBUG_SAMPLE_HREF=https://thuvienphapluat.vn/cong-van/Thuong-mai/Cong-van-4217-BCT-TTTN-2025-dieu-hanh-kinh-doanh-xang-dau-660593.aspx?tab=2
[2026-04-21 11:00:29] DEBUG_SAMPLE_TITLE=Lược đồ
[2026-04-21 11:00:29] DEBUG_SAMPLE_HREF=https://thuvienphapluat.vn/cong-van/Thuong-mai/Cong-van-4217-BCT-TTTN-2025-dieu-hanh-kinh-doanh-xang-dau-660593.aspx?tab=3
[2026-04-21 11:00:29] DEBUG_SAMPLE_TITLE=Tải về
[2026-04-21 11:00:29] DEBUG_SAMPLE_HREF=https://thuvienphapluat.vn/cong-van/Thuong-mai/Cong-van-4217-BCT-TTTN-2025-dieu-hanh-kinh-doanh-xang-dau-660593.aspx?tab=7
[2026-04-21 11:00:29] DEBUG_SAMPLE_TITLE=Công văn 4069/BCT-TTTN năm 2025 điều hành kinh doanh xăng dầu do Bộ Công Thương ban hành
[2026-04-21 11:00:29] DEBUG_SAMPLE_HREF=https://thuvienphapluat.vn/cong-van/Tai-nguyen-Moi-truong/Cong-van-4069-BCT-TTTN-2025-dieu-hanh-kinh-doanh-xang-dau-659769.aspx
[2026-04-21 11:00:29] DEBUG_SAMPLE_TITLE=Văn bản gốc
[2026-04-21 11:00:29] DEBUG_SAMPLE_HREF=https://thuvienphapluat.vn/cong-van/Tai-nguyen-Moi-truong/Cong-van-4069-BCT-TTTN-2025-dieu-hanh-kinh-doanh-xang-dau-659769.aspx?tab=2
[2026-04-21 11:00:29] DISCOVERY: found 20 docs on page 3
[2026-04-21 11:00:29] DISCOVERY: page=4
[2026-04-21 11:00:29] DISCOVERY: url=https://thuvienphapluat.vn/page/tim-van-ban.aspx?keyword=%C4%91i%E1%BB%81u+h%C3%A0nh&area=0&type=3&status=0&lan=1&org=0&signer=0&match=True&sort=1&bdate=20%2F04%2F1946&edate=21%2F04%2F2026&page=4
[2026-04-21 11:00:35] PAGE_TITLE=Tra cứu Công Văn điều hành
[2026-04-21 11:00:35] BODY_PREVIEW=THƯ VIỆN PHÁP LUẬT | Trang Thông tin điện tử tổng hợp | ...loại rủi ro pháp lý, nắm cơ hội làm giàu... | Các gói dịch vụ | Chính sách Pháp luật mới | Pháp Luật | Liên hệ |  Danh mục    | Sơ đồ WebSite   Giới thiệu  Hướng dẫn sử dụng   Rss   Homepage    Widget | Tra cứu Công Văn điều hành | Từ khoá: Số Hiệu, Tiêu đề hoặc Nội dung ngắn gọn của Văn Bản...(Lưu ý khi tìm kiếm) | Tìm trong: Tất cả Tiêu đề văn bản Số hiệu văn
[2026-04-21 11:00:35] SAVED_SEARCH_HTML=D:\Do an DS108\data\raw\search_pages\page_004.html
[2026-04-21 11:00:35] PAGE_STATUS=ok
[2026-04-21 11:00:35] DEBUG: total_a=286
[2026-04-21 11:00:35] DEBUG: cong_van_a=80
[2026-04-21 11:00:35] DEBUG_SAMPLE_TITLE=Công văn 610/BCT-TTTN năm 2025 về điều hành kinh doanh xăng dầu do Bộ Công Thương ban hành
[2026-04-21 11:00:35] DEBUG_SAMPLE_HREF=https://thuvienphapluat.vn/cong-van/Thuong-mai/Cong-van-610-BCT-TTTN-2025-dieu-hanh-kinh-doanh-xang-dau-641484.aspx
[2026-04-21 11:00:35] DEBUG_SAMPLE_TITLE=Văn bản gốc
[2026-04-21 11:00:35] DEBUG_SAMPLE_HREF=https://thuvienphapluat.vn/cong-van/Thuong-mai/Cong-van-610-BCT-TTTN-2025-dieu-hanh-kinh-doanh-xang-dau-641484.aspx?tab=2
[2026-04-21 11:00:35] DEBUG_SAMPLE_TITLE=Lược đồ
[2026-04-21 11:00:35] DEBUG_SAMPLE_HREF=https://thuvienphapluat.vn/cong-van/Thuong-mai/Cong-van-610-BCT-TTTN-2025-dieu-hanh-kinh-doanh-xang-dau-641484.aspx?tab=3
[2026-04-21 11:00:35] DEBUG_SAMPLE_TITLE=Tải về
[2026-04-21 11:00:35] DEBUG_SAMPLE_HREF=https://thuvienphapluat.vn/cong-van/Thuong-mai/Cong-van-610-BCT-TTTN-2025-dieu-hanh-kinh-doanh-xang-dau-641484.aspx?tab=7
[2026-04-21 11:00:35] DEBUG_SAMPLE_TITLE=Công văn 437/BCT-TTTN năm 2025 điều hành kinh doanh xăng dầu do Bộ Công thương ban hành
[2026-04-21 11:00:35] DEBUG_SAMPLE_HREF=https://thuvienphapluat.vn/cong-van/Thuong-mai/Cong-van-437-BCT-TTTN-2025-kinh-doanh-xang-dau-640105.aspx
[2026-04-21 11:00:35] DEBUG_SAMPLE_TITLE=Văn bản gốc
[2026-04-21 11:00:35] DEBUG_SAMPLE_HREF=https://thuvienphapluat.vn/cong-van/Thuong-mai/Cong-van-437-BCT-TTTN-2025-kinh-doanh-xang-dau-640105.aspx?tab=2
[2026-04-21 11:00:35] DEBUG_SAMPLE_TITLE=Lược đồ
[2026-04-21 11:00:35] DEBUG_SAMPLE_HREF=https://thuvienphapluat.vn/cong-van/Thuong-mai/Cong-van-437-BCT-TTTN-2025-kinh-doanh-xang-dau-640105.aspx?tab=3
[2026-04-21 11:00:35] DEBUG_SAMPLE_TITLE=Tải về
[2026-04-21 11:00:35] DEBUG_SAMPLE_HREF=https://thuvienphapluat.vn/cong-van/Thuong-mai/Cong-van-437-BCT-TTTN-2025-kinh-doanh-xang-dau-640105.aspx?tab=7
[2026-04-21 11:00:35] DEBUG_SAMPLE_TITLE=Công văn 210/BCT-TTTN năm 2025 về điều hành giá xăng dầu do Bộ Công Thương ban hành
[2026-04-21 11:00:35] DEBUG_SAMPLE_HREF=https://thuvienphapluat.vn/cong-van/Thuong-mai/Cong-van-210-BCT-TTTN-2025-dieu-hanh-gia-xang-dau-639243.aspx
[2026-04-21 11:00:35] DEBUG_SAMPLE_TITLE=Văn bản gốc
[2026-04-21 11:00:35] DEBUG_SAMPLE_HREF=https://thuvienphapluat.vn/cong-van/Thuong-mai/Cong-van-210-BCT-TTTN-2025-dieu-hanh-gia-xang-dau-639243.aspx?tab=2
[2026-04-21 11:00:35] DISCOVERY: found 19 docs on page 4
[2026-04-21 11:00:35] DISCOVERY: page=5
[2026-04-21 11:00:35] DISCOVERY: url=https://thuvienphapluat.vn/page/tim-van-ban.aspx?keyword=%C4%91i%E1%BB%81u+h%C3%A0nh&area=0&type=3&status=0&lan=1&org=0&signer=0&match=True&sort=1&bdate=20%2F04%2F1946&edate=21%2F04%2F2026&page=5
[2026-04-21 11:00:42] PAGE_TITLE=Tra cứu Công Văn điều hành
[2026-04-21 11:00:42] BODY_PREVIEW=THƯ VIỆN PHÁP LUẬT | Trang Thông tin điện tử tổng hợp | ...loại rủi ro pháp lý, nắm cơ hội làm giàu... | Các gói dịch vụ | Chính sách Pháp luật mới | Pháp Luật | Liên hệ |  Danh mục    | Sơ đồ WebSite   Giới thiệu  Hướng dẫn sử dụng   Rss   Homepage    Widget | Tra cứu Công Văn điều hành | Từ khoá: Số Hiệu, Tiêu đề hoặc Nội dung ngắn gọn của Văn Bản...(Lưu ý khi tìm kiếm) | Tìm trong: Tất cả Tiêu đề văn bản Số hiệu văn
[2026-04-21 11:00:42] SAVED_SEARCH_HTML=D:\Do an DS108\data\raw\search_pages\page_005.html
[2026-04-21 11:00:42] PAGE_STATUS=ok
[2026-04-21 11:00:42] DEBUG: total_a=287
[2026-04-21 11:00:42] DEBUG: cong_van_a=80
[2026-04-21 11:00:42] DEBUG_SAMPLE_TITLE=Công văn 5843/BCT-TTTN năm 2024 về điều hành kinh doanh xăng dầu do Bộ Công thương ban hành
[2026-04-21 11:00:42] DEBUG_SAMPLE_HREF=https://thuvienphapluat.vn/cong-van/Thuong-mai/Cong-van-5843-BCT-TTTN-2024-dieu-hanh-kinh-doanh-xang-dau-620409.aspx
[2026-04-21 11:00:42] DEBUG_SAMPLE_TITLE=Văn bản gốc
[2026-04-21 11:00:42] DEBUG_SAMPLE_HREF=https://thuvienphapluat.vn/cong-van/Thuong-mai/Cong-van-5843-BCT-TTTN-2024-dieu-hanh-kinh-doanh-xang-dau-620409.aspx?tab=2
[2026-04-21 11:00:42] DEBUG_SAMPLE_TITLE=Lược đồ
[2026-04-21 11:00:42] DEBUG_SAMPLE_HREF=https://thuvienphapluat.vn/cong-van/Thuong-mai/Cong-van-5843-BCT-TTTN-2024-dieu-hanh-kinh-doanh-xang-dau-620409.aspx?tab=3
[2026-04-21 11:00:42] DEBUG_SAMPLE_TITLE=Tải về
[2026-04-21 11:00:42] DEBUG_SAMPLE_HREF=https://thuvienphapluat.vn/cong-van/Thuong-mai/Cong-van-5843-BCT-TTTN-2024-dieu-hanh-kinh-doanh-xang-dau-620409.aspx?tab=7
[2026-04-21 11:00:42] DEBUG_SAMPLE_TITLE=Công văn 5599/BCT-TTTN năm 2024 về điều hành kinh doanh xăng dầu do Bộ Công thương ban hành
[2026-04-21 11:00:42] DEBUG_SAMPLE_HREF=https://thuvienphapluat.vn/cong-van/Thuong-mai/Cong-van-5599-BCT-TTTN-2024-dieu-hanh-kinh-doanh-xang-dau-620406.aspx
[2026-04-21 11:00:42] DEBUG_SAMPLE_TITLE=Văn bản gốc
[2026-04-21 11:00:42] DEBUG_SAMPLE_HREF=https://thuvienphapluat.vn/cong-van/Thuong-mai/Cong-van-5599-BCT-TTTN-2024-dieu-hanh-kinh-doanh-xang-dau-620406.aspx?tab=2
[2026-04-21 11:00:42] DEBUG_SAMPLE_TITLE=Lược đồ
[2026-04-21 11:00:42] DEBUG_SAMPLE_HREF=https://thuvienphapluat.vn/cong-van/Thuong-mai/Cong-van-5599-BCT-TTTN-2024-dieu-hanh-kinh-doanh-xang-dau-620406.aspx?tab=3
[2026-04-21 11:00:42] DEBUG_SAMPLE_TITLE=Tải về
[2026-04-21 11:00:42] DEBUG_SAMPLE_HREF=https://thuvienphapluat.vn/cong-van/Thuong-mai/Cong-van-5599-BCT-TTTN-2024-dieu-hanh-kinh-doanh-xang-dau-620406.aspx?tab=7
[2026-04-21 11:00:42] DEBUG_SAMPLE_TITLE=Công văn 5345/BCT-TTTN năm 2024 về điều hành kinh doanh xăng dầu do Bộ Công Thương ban hành
[2026-04-21 11:00:42] DEBUG_SAMPLE_HREF=https://thuvienphapluat.vn/cong-van/Thuong-mai/Cong-van-5345-BCT-TTTN-2024-dieu-hanh-kinh-doanh-xang-dau-618605.aspx
[2026-04-21 11:00:42] DEBUG_SAMPLE_TITLE=Văn bản gốc
[2026-04-21 11:00:42] DEBUG_SAMPLE_HREF=https://thuvienphapluat.vn/cong-van/Thuong-mai/Cong-van-5345-BCT-TTTN-2024-dieu-hanh-kinh-doanh-xang-dau-618605.aspx?tab=2
[2026-04-21 11:00:42] DISCOVERY: found 20 docs on page 5
[2026-04-21 11:00:42] DISCOVERY: page=6
[2026-04-21 11:00:42] DISCOVERY: url=https://thuvienphapluat.vn/page/tim-van-ban.aspx?keyword=%C4%91i%E1%BB%81u+h%C3%A0nh&area=0&type=3&status=0&lan=1&org=0&signer=0&match=True&sort=1&bdate=20%2F04%2F1946&edate=21%2F04%2F2026&page=6
[2026-04-21 11:00:49] PAGE_TITLE=Tra cứu Công Văn điều hành
[2026-04-21 11:00:49] BODY_PREVIEW=THƯ VIỆN PHÁP LUẬT | Trang Thông tin điện tử tổng hợp | ...loại rủi ro pháp lý, nắm cơ hội làm giàu... | Các gói dịch vụ | Chính sách Pháp luật mới | Pháp Luật | Liên hệ |  Danh mục    | Sơ đồ WebSite   Giới thiệu  Hướng dẫn sử dụng   Rss   Homepage    Widget | Tra cứu Công Văn điều hành | Từ khoá: Số Hiệu, Tiêu đề hoặc Nội dung ngắn gọn của Văn Bản...(Lưu ý khi tìm kiếm) | Tìm trong: Tất cả Tiêu đề văn bản Số hiệu văn
[2026-04-21 11:00:49] SAVED_SEARCH_HTML=D:\Do an DS108\data\raw\search_pages\page_006.html
[2026-04-21 11:00:49] PAGE_STATUS=ok
[2026-04-21 11:00:49] DEBUG: total_a=287
[2026-04-21 11:00:49] DEBUG: cong_van_a=80
[2026-04-21 11:00:49] DEBUG_SAMPLE_TITLE=Công văn 1613/BCT-TTTN năm 2024 điều hành kinh doanh xăng dầu do Bộ Công thương ban hành
[2026-04-21 11:00:49] DEBUG_SAMPLE_HREF=https://thuvienphapluat.vn/cong-van/Thuong-mai/Cong-van-1613-BCT-TTTN-2024-dieu-hanh-kinh-doanh-xang-dau-603040.aspx
[2026-04-21 11:00:49] DEBUG_SAMPLE_TITLE=Văn bản gốc
[2026-04-21 11:00:49] DEBUG_SAMPLE_HREF=https://thuvienphapluat.vn/cong-van/Thuong-mai/Cong-van-1613-BCT-TTTN-2024-dieu-hanh-kinh-doanh-xang-dau-603040.aspx?tab=2
[2026-04-21 11:00:49] DEBUG_SAMPLE_TITLE=Lược đồ
[2026-04-21 11:00:49] DEBUG_SAMPLE_HREF=https://thuvienphapluat.vn/cong-van/Thuong-mai/Cong-van-1613-BCT-TTTN-2024-dieu-hanh-kinh-doanh-xang-dau-603040.aspx?tab=3
[2026-04-21 11:00:49] DEBUG_SAMPLE_TITLE=Tải về
[2026-04-21 11:00:49] DEBUG_SAMPLE_HREF=https://thuvienphapluat.vn/cong-van/Thuong-mai/Cong-van-1613-BCT-TTTN-2024-dieu-hanh-kinh-doanh-xang-dau-603040.aspx?tab=7
[2026-04-21 11:00:49] DEBUG_SAMPLE_TITLE=Công văn 1460/BCT-TTTN năm 2024 điều hành kinh doanh xăng dầu do Bộ Công thương ban hành
[2026-04-21 11:00:49] DEBUG_SAMPLE_HREF=https://thuvienphapluat.vn/cong-van/Thuong-mai/Cong-van-1460-BCT-TTTN-2024-dieu-hanh-kinh-doanh-xang-dau-601336.aspx
[2026-04-21 11:00:49] DEBUG_SAMPLE_TITLE=Văn bản gốc
[2026-04-21 11:00:49] DEBUG_SAMPLE_HREF=https://thuvienphapluat.vn/cong-van/Thuong-mai/Cong-van-1460-BCT-TTTN-2024-dieu-hanh-kinh-doanh-xang-dau-601336.aspx?tab=2
[2026-04-21 11:00:49] DEBUG_SAMPLE_TITLE=Lược đồ
[2026-04-21 11:00:49] DEBUG_SAMPLE_HREF=https://thuvienphapluat.vn/cong-van/Thuong-mai/Cong-van-1460-BCT-TTTN-2024-dieu-hanh-kinh-doanh-xang-dau-601336.aspx?tab=3
[2026-04-21 11:00:49] DEBUG_SAMPLE_TITLE=Tải về
[2026-04-21 11:00:49] DEBUG_SAMPLE_HREF=https://thuvienphapluat.vn/cong-van/Thuong-mai/Cong-van-1460-BCT-TTTN-2024-dieu-hanh-kinh-doanh-xang-dau-601336.aspx?tab=7
[2026-04-21 11:00:49] DEBUG_SAMPLE_TITLE=Công văn 1258/BCT-TTTN năm 2024 điều hành kinh doanh xăng dầu do Bộ Công thương ban hành
[2026-04-21 11:00:49] DEBUG_SAMPLE_HREF=https://thuvienphapluat.vn/cong-van/Thuong-mai/Cong-van-1258-BCT-TTTN-2024-dieu-hanh-kinh-doanh-xang-dau-600274.aspx
[2026-04-21 11:00:49] DEBUG_SAMPLE_TITLE=Văn bản gốc
[2026-04-21 11:00:49] DEBUG_SAMPLE_HREF=https://thuvienphapluat.vn/cong-van/Thuong-mai/Cong-van-1258-BCT-TTTN-2024-dieu-hanh-kinh-doanh-xang-dau-600274.aspx?tab=2
[2026-04-21 11:00:49] DISCOVERY: found 19 docs on page 6
[2026-04-21 11:00:49] DISCOVERY: page=7
[2026-04-21 11:00:49] DISCOVERY: url=https://thuvienphapluat.vn/page/tim-van-ban.aspx?keyword=%C4%91i%E1%BB%81u+h%C3%A0nh&area=0&type=3&status=0&lan=1&org=0&signer=0&match=True&sort=1&bdate=20%2F04%2F1946&edate=21%2F04%2F2026&page=7
[2026-04-21 11:00:56] PAGE_TITLE=Tra cứu Công Văn điều hành
[2026-04-21 11:00:56] BODY_PREVIEW=THƯ VIỆN PHÁP LUẬT | Trang Thông tin điện tử tổng hợp | ...loại rủi ro pháp lý, nắm cơ hội làm giàu... | Các gói dịch vụ | Chính sách Pháp luật mới | Pháp Luật | Liên hệ |  Danh mục    | Sơ đồ WebSite   Giới thiệu  Hướng dẫn sử dụng   Rss   Homepage    Widget | Tra cứu Công Văn điều hành | Từ khoá: Số Hiệu, Tiêu đề hoặc Nội dung ngắn gọn của Văn Bản...(Lưu ý khi tìm kiếm) | Tìm trong: Tất cả Tiêu đề văn bản Số hiệu văn
[2026-04-21 11:00:56] SAVED_SEARCH_HTML=D:\Do an DS108\data\raw\search_pages\page_007.html
[2026-04-21 11:00:56] PAGE_STATUS=ok
[2026-04-21 11:00:56] DEBUG: total_a=286
[2026-04-21 11:00:56] DEBUG: cong_van_a=79
[2026-04-21 11:00:56] DEBUG_SAMPLE_TITLE=Công văn 7075/BCT-TTTN năm 2023 về điều hành kinh doanh xăng dầu do Bộ Công Thương ban hành
[2026-04-21 11:00:56] DEBUG_SAMPLE_HREF=https://thuvienphapluat.vn/cong-van/Thuong-mai/Cong-van-7075-BCT-TTTN-2023-dieu-hanh-kinh-doanh-xang-dau-581994.aspx
[2026-04-21 11:00:56] DEBUG_SAMPLE_TITLE=Văn bản gốc
[2026-04-21 11:00:56] DEBUG_SAMPLE_HREF=https://thuvienphapluat.vn/cong-van/Thuong-mai/Cong-van-7075-BCT-TTTN-2023-dieu-hanh-kinh-doanh-xang-dau-581994.aspx?tab=2
[2026-04-21 11:00:56] DEBUG_SAMPLE_TITLE=Lược đồ
[2026-04-21 11:00:56] DEBUG_SAMPLE_HREF=https://thuvienphapluat.vn/cong-van/Thuong-mai/Cong-van-7075-BCT-TTTN-2023-dieu-hanh-kinh-doanh-xang-dau-581994.aspx?tab=3
[2026-04-21 11:00:56] DEBUG_SAMPLE_TITLE=Tải về
[2026-04-21 11:00:56] DEBUG_SAMPLE_HREF=https://thuvienphapluat.vn/cong-van/Thuong-mai/Cong-van-7075-BCT-TTTN-2023-dieu-hanh-kinh-doanh-xang-dau-581994.aspx?tab=7
[2026-04-21 11:00:56] DEBUG_SAMPLE_TITLE=Công văn 6787/BCT-TTTN năm 2023 về điều hành kinh doanh xăng dầu do Bộ Công thương ban hành
[2026-04-21 11:00:56] DEBUG_SAMPLE_HREF=https://thuvienphapluat.vn/cong-van/Thuong-mai/Cong-van-6787-BCT-TTTN-2023-dieu-hanh-kinh-doanh-xang-dau-583978.aspx
[2026-04-21 11:00:56] DEBUG_SAMPLE_TITLE=Văn bản gốc
[2026-04-21 11:00:56] DEBUG_SAMPLE_HREF=https://thuvienphapluat.vn/cong-van/Thuong-mai/Cong-van-6787-BCT-TTTN-2023-dieu-hanh-kinh-doanh-xang-dau-583978.aspx?tab=2
[2026-04-21 11:00:56] DEBUG_SAMPLE_TITLE=Lược đồ
[2026-04-21 11:00:56] DEBUG_SAMPLE_HREF=https://thuvienphapluat.vn/cong-van/Thuong-mai/Cong-van-6787-BCT-TTTN-2023-dieu-hanh-kinh-doanh-xang-dau-583978.aspx?tab=3
[2026-04-21 11:00:56] DEBUG_SAMPLE_TITLE=Tải về
[2026-04-21 11:00:56] DEBUG_SAMPLE_HREF=https://thuvienphapluat.vn/cong-van/Thuong-mai/Cong-van-6787-BCT-TTTN-2023-dieu-hanh-kinh-doanh-xang-dau-583978.aspx?tab=7
[2026-04-21 11:00:56] DEBUG_SAMPLE_TITLE=Công văn 6504/BTC-TTTN năm 2023 về điều hành kinh doanh xăng dầu do Bộ Công Thương ban hành
[2026-04-21 11:00:56] DEBUG_SAMPLE_HREF=https://thuvienphapluat.vn/cong-van/Thuong-mai/Cong-van-6504-BTC-TTTN-2023-dieu-hanh-kinh-doanh-xang-dau-580046.aspx
[2026-04-21 11:00:56] DEBUG_SAMPLE_TITLE=Văn bản gốc
[2026-04-21 11:00:56] DEBUG_SAMPLE_HREF=https://thuvienphapluat.vn/cong-van/Thuong-mai/Cong-van-6504-BTC-TTTN-2023-dieu-hanh-kinh-doanh-xang-dau-580046.aspx?tab=2
[2026-04-21 11:00:56] DISCOVERY: found 18 docs on page 7
[2026-04-21 11:00:56] DISCOVERY: page=8
[2026-04-21 11:00:56] DISCOVERY: url=https://thuvienphapluat.vn/page/tim-van-ban.aspx?keyword=%C4%91i%E1%BB%81u+h%C3%A0nh&area=0&type=3&status=0&lan=1&org=0&signer=0&match=True&sort=1&bdate=20%2F04%2F1946&edate=21%2F04%2F2026&page=8
[2026-04-21 11:01:03] PAGE_TITLE=Tra cứu Công Văn điều hành
[2026-04-21 11:01:03] BODY_PREVIEW=THƯ VIỆN PHÁP LUẬT | Trang Thông tin điện tử tổng hợp | ...loại rủi ro pháp lý, nắm cơ hội làm giàu... | Các gói dịch vụ | Chính sách Pháp luật mới | Pháp Luật | Liên hệ |  Danh mục    | Sơ đồ WebSite   Giới thiệu  Hướng dẫn sử dụng   Rss   Homepage    Widget | Tra cứu Công Văn điều hành | Từ khoá: Số Hiệu, Tiêu đề hoặc Nội dung ngắn gọn của Văn Bản...(Lưu ý khi tìm kiếm) | Tìm trong: Tất cả Tiêu đề văn bản Số hiệu văn
[2026-04-21 11:01:03] SAVED_SEARCH_HTML=D:\Do an DS108\data\raw\search_pages\page_008.html
[2026-04-21 11:01:03] PAGE_STATUS=ok
[2026-04-21 11:01:03] DEBUG: total_a=295
[2026-04-21 11:01:03] DEBUG: cong_van_a=80
[2026-04-21 11:01:03] DEBUG_SAMPLE_TITLE=Công văn 5676/UBND-KT thực hiện Công điện 184/CĐ-TTg điều hành ngân sách nhà nước những tháng cuối năm 2025 do Thành phố Hà Nội ban hành
[2026-04-21 11:01:03] DEBUG_SAMPLE_HREF=https://thuvienphapluat.vn/cong-van/Tai-chinh-nha-nuoc/Cong-van-5676-UBND-KT-2025-thuc-hien-Cong-dien-184-CD-TTg-Ha-Noi-678467.aspx
[2026-04-21 11:01:03] DEBUG_SAMPLE_TITLE=Văn bản gốc
[2026-04-21 11:01:03] DEBUG_SAMPLE_HREF=https://thuvienphapluat.vn/cong-van/Tai-chinh-nha-nuoc/Cong-van-5676-UBND-KT-2025-thuc-hien-Cong-dien-184-CD-TTg-Ha-Noi-678467.aspx?tab=2
[2026-04-21 11:01:03] DEBUG_SAMPLE_TITLE=Lược đồ
[2026-04-21 11:01:03] DEBUG_SAMPLE_HREF=https://thuvienphapluat.vn/cong-van/Tai-chinh-nha-nuoc/Cong-van-5676-UBND-KT-2025-thuc-hien-Cong-dien-184-CD-TTg-Ha-Noi-678467.aspx?tab=3
[2026-04-21 11:01:03] DEBUG_SAMPLE_TITLE=Tải về
[2026-04-21 11:01:03] DEBUG_SAMPLE_HREF=https://thuvienphapluat.vn/cong-van/Tai-chinh-nha-nuoc/Cong-van-5676-UBND-KT-2025-thuc-hien-Cong-dien-184-CD-TTg-Ha-Noi-678467.aspx?tab=7
[2026-04-21 11:01:03] DEBUG_SAMPLE_TITLE=Công văn 1886/BCT-TTTN năm 2023 về điều hành kinh doanh xăng dầu do Bộ Công thương ban hành
[2026-04-21 11:01:03] DEBUG_SAMPLE_HREF=https://thuvienphapluat.vn/cong-van/Thuong-mai/Cong-van-1886-BCT-TTTN-2023-dieu-hanh-kinh-doanh-xang-dau-561646.aspx
[2026-04-21 11:01:03] DEBUG_SAMPLE_TITLE=Văn bản gốc
[2026-04-21 11:01:03] DEBUG_SAMPLE_HREF=https://thuvienphapluat.vn/cong-van/Thuong-mai/Cong-van-1886-BCT-TTTN-2023-dieu-hanh-kinh-doanh-xang-dau-561646.aspx?tab=2
[2026-04-21 11:01:03] DEBUG_SAMPLE_TITLE=Lược đồ
[2026-04-21 11:01:03] DEBUG_SAMPLE_HREF=https://thuvienphapluat.vn/cong-van/Thuong-mai/Cong-van-1886-BCT-TTTN-2023-dieu-hanh-kinh-doanh-xang-dau-561646.aspx?tab=3
[2026-04-21 11:01:03] DEBUG_SAMPLE_TITLE=Tải về
[2026-04-21 11:01:03] DEBUG_SAMPLE_HREF=https://thuvienphapluat.vn/cong-van/Thuong-mai/Cong-van-1886-BCT-TTTN-2023-dieu-hanh-kinh-doanh-xang-dau-561646.aspx?tab=7
[2026-04-21 11:01:03] DEBUG_SAMPLE_TITLE=Công văn 1576/BCT-TTTN năm 2023 về điều hành kinh doanh xăng dầu do Bộ Công thương ban hành
[2026-04-21 11:01:03] DEBUG_SAMPLE_HREF=https://thuvienphapluat.vn/cong-van/Thuong-mai/Cong-van-1576-BCT-TTTN-2023-dieu-hanh-kinh-doanh-xang-dau-560186.aspx
[2026-04-21 11:01:03] DEBUG_SAMPLE_TITLE=Văn bản gốc
[2026-04-21 11:01:03] DEBUG_SAMPLE_HREF=https://thuvienphapluat.vn/cong-van/Thuong-mai/Cong-van-1576-BCT-TTTN-2023-dieu-hanh-kinh-doanh-xang-dau-560186.aspx?tab=2
[2026-04-21 11:01:03] DISCOVERY: found 15 docs on page 8
[2026-04-21 11:01:03] DISCOVERY: page=9
[2026-04-21 11:01:03] DISCOVERY: url=https://thuvienphapluat.vn/page/tim-van-ban.aspx?keyword=%C4%91i%E1%BB%81u+h%C3%A0nh&area=0&type=3&status=0&lan=1&org=0&signer=0&match=True&sort=1&bdate=20%2F04%2F1946&edate=21%2F04%2F2026&page=9
[2026-04-21 11:01:10] PAGE_TITLE=Tra cứu Công Văn điều hành
[2026-04-21 11:01:10] BODY_PREVIEW=THƯ VIỆN PHÁP LUẬT | Trang Thông tin điện tử tổng hợp | ...loại rủi ro pháp lý, nắm cơ hội làm giàu... | Các gói dịch vụ | Chính sách Pháp luật mới | Pháp Luật | Liên hệ |  Danh mục    | Sơ đồ WebSite   Giới thiệu  Hướng dẫn sử dụng   Rss   Homepage    Widget | Tra cứu Công Văn điều hành | Từ khoá: Số Hiệu, Tiêu đề hoặc Nội dung ngắn gọn của Văn Bản...(Lưu ý khi tìm kiếm) | Tìm trong: Tất cả Tiêu đề văn bản Số hiệu văn
[2026-04-21 11:01:10] SAVED_SEARCH_HTML=D:\Do an DS108\data\raw\search_pages\page_009.html
[2026-04-21 11:01:10] PAGE_STATUS=ok
[2026-04-21 11:01:10] DEBUG: total_a=295
[2026-04-21 11:01:10] DEBUG: cong_van_a=80
[2026-04-21 11:01:10] DEBUG_SAMPLE_TITLE=Công văn 1145/ATTP-KN năm 2025 về thông tin báo chí phản ánh và dư luận liên quan đến công tác chỉ đạo, điều hành do Cục An toàn thực phẩm ban hành
[2026-04-21 11:01:10] DEBUG_SAMPLE_HREF=https://thuvienphapluat.vn/cong-van/The-thao-Y-te/Cong-van-1145-ATTP-KN-2025-thong-tin-bao-chi-phan-anh-du-luan-lien-quan-den-cong-tac-chi-dao-659360.aspx
[2026-04-21 11:01:10] DEBUG_SAMPLE_TITLE=Lược đồ
[2026-04-21 11:01:10] DEBUG_SAMPLE_HREF=https://thuvienphapluat.vn/cong-van/The-thao-Y-te/Cong-van-1145-ATTP-KN-2025-thong-tin-bao-chi-phan-anh-du-luan-lien-quan-den-cong-tac-chi-dao-659360.aspx?tab=3
[2026-04-21 11:01:10] DEBUG_SAMPLE_TITLE=Tải về
[2026-04-21 11:01:10] DEBUG_SAMPLE_HREF=https://thuvienphapluat.vn/cong-van/The-thao-Y-te/Cong-van-1145-ATTP-KN-2025-thong-tin-bao-chi-phan-anh-du-luan-lien-quan-den-cong-tac-chi-dao-659360.aspx?tab=7
[2026-04-21 11:01:10] DEBUG_SAMPLE_TITLE=Công văn 3439/UBND-KTTH thực hiện biện pháp điều hành , bình ổn giá năm 2022 do thành phố Hà Nội ban hành
[2026-04-21 11:01:10] DEBUG_SAMPLE_HREF=https://thuvienphapluat.vn/cong-van/Tai-chinh-nha-nuoc/Cong-van-3439-UBND-KTTH-2022-thuc-hien-bien-phap-dieu-hanh-binh-on-gia-Ha-Noi-533091.aspx
[2026-04-21 11:01:10] DEBUG_SAMPLE_TITLE=Văn bản gốc
[2026-04-21 11:01:10] DEBUG_SAMPLE_HREF=https://thuvienphapluat.vn/cong-van/Tai-chinh-nha-nuoc/Cong-van-3439-UBND-KTTH-2022-thuc-hien-bien-phap-dieu-hanh-binh-on-gia-Ha-Noi-533091.aspx?tab=2
[2026-04-21 11:01:10] DEBUG_SAMPLE_TITLE=Lược đồ
[2026-04-21 11:01:10] DEBUG_SAMPLE_HREF=https://thuvienphapluat.vn/cong-van/Tai-chinh-nha-nuoc/Cong-van-3439-UBND-KTTH-2022-thuc-hien-bien-phap-dieu-hanh-binh-on-gia-Ha-Noi-533091.aspx?tab=3
[2026-04-21 11:01:10] DEBUG_SAMPLE_TITLE=Tải về
[2026-04-21 11:01:10] DEBUG_SAMPLE_HREF=https://thuvienphapluat.vn/cong-van/Tai-chinh-nha-nuoc/Cong-van-3439-UBND-KTTH-2022-thuc-hien-bien-phap-dieu-hanh-binh-on-gia-Ha-Noi-533091.aspx?tab=7
[2026-04-21 11:01:10] DEBUG_SAMPLE_TITLE=Công văn 6253/BCT-TTTN năm 2022 về điều hành kinh doanh xăng dầu do Bộ Công thương ban hành
[2026-04-21 11:01:10] DEBUG_SAMPLE_HREF=https://thuvienphapluat.vn/cong-van/Thuong-mai/Cong-van-6253-BCT-TTTN-2022-dieu-hanh-kinh-doanh-xang-dau-531921.aspx
[2026-04-21 11:01:10] DEBUG_SAMPLE_TITLE=Văn bản gốc
[2026-04-21 11:01:10] DEBUG_SAMPLE_HREF=https://thuvienphapluat.vn/cong-van/Thuong-mai/Cong-van-6253-BCT-TTTN-2022-dieu-hanh-kinh-doanh-xang-dau-531921.aspx?tab=2
[2026-04-21 11:01:10] DEBUG_SAMPLE_TITLE=Lược đồ
[2026-04-21 11:01:10] DEBUG_SAMPLE_HREF=https://thuvienphapluat.vn/cong-van/Thuong-mai/Cong-van-6253-BCT-TTTN-2022-dieu-hanh-kinh-doanh-xang-dau-531921.aspx?tab=3
[2026-04-21 11:01:10] DISCOVERY: found 11 docs on page 9
[2026-04-21 11:01:10] DISCOVERY: page=10
[2026-04-21 11:01:10] DISCOVERY: url=https://thuvienphapluat.vn/page/tim-van-ban.aspx?keyword=%C4%91i%E1%BB%81u+h%C3%A0nh&area=0&type=3&status=0&lan=1&org=0&signer=0&match=True&sort=1&bdate=20%2F04%2F1946&edate=21%2F04%2F2026&page=10
[2026-04-21 11:01:17] PAGE_TITLE=Tra cứu Công Văn điều hành
[2026-04-21 11:01:17] BODY_PREVIEW=THƯ VIỆN PHÁP LUẬT | Trang Thông tin điện tử tổng hợp | ...loại rủi ro pháp lý, nắm cơ hội làm giàu... | Các gói dịch vụ | Chính sách Pháp luật mới | Pháp Luật | Liên hệ |  Danh mục    | Sơ đồ WebSite   Giới thiệu  Hướng dẫn sử dụng   Rss   Homepage    Widget | Tra cứu Công Văn điều hành | Từ khoá: Số Hiệu, Tiêu đề hoặc Nội dung ngắn gọn của Văn Bản...(Lưu ý khi tìm kiếm) | Tìm trong: Tất cả Tiêu đề văn bản Số hiệu văn
[2026-04-21 11:01:17] SAVED_SEARCH_HTML=D:\Do an DS108\data\raw\search_pages\page_010.html
[2026-04-21 11:01:17] PAGE_STATUS=ok
[2026-04-21 11:01:17] DEBUG: total_a=294
[2026-04-21 11:01:17] DEBUG: cong_van_a=80
[2026-04-21 11:01:17] DEBUG_SAMPLE_TITLE=Công văn 3460/BCT-TTTN năm 2022 về điều hành kinh doanh xăng dầu do Bộ Công thương ban hành
[2026-04-21 11:01:17] DEBUG_SAMPLE_HREF=https://thuvienphapluat.vn/cong-van/Thuong-mai/Cong-van-3460-BCT-TTTN-2022-dieu-hanh-kinh-doanh-xang-dau-518234.aspx
[2026-04-21 11:01:17] DEBUG_SAMPLE_TITLE=Văn bản gốc
[2026-04-21 11:01:17] DEBUG_SAMPLE_HREF=https://thuvienphapluat.vn/cong-van/Thuong-mai/Cong-van-3460-BCT-TTTN-2022-dieu-hanh-kinh-doanh-xang-dau-518234.aspx?tab=2
[2026-04-21 11:01:17] DEBUG_SAMPLE_TITLE=Lược đồ
[2026-04-21 11:01:17] DEBUG_SAMPLE_HREF=https://thuvienphapluat.vn/cong-van/Thuong-mai/Cong-van-3460-BCT-TTTN-2022-dieu-hanh-kinh-doanh-xang-dau-518234.aspx?tab=3
[2026-04-21 11:01:17] DEBUG_SAMPLE_TITLE=Tải về
[2026-04-21 11:01:17] DEBUG_SAMPLE_HREF=https://thuvienphapluat.vn/cong-van/Thuong-mai/Cong-van-3460-BCT-TTTN-2022-dieu-hanh-kinh-doanh-xang-dau-518234.aspx?tab=7
[2026-04-21 11:01:17] DEBUG_SAMPLE_TITLE=Công văn 1379/VPCP-KTTH năm 2025 về thông tin, báo chí phản ánh và dư luận liên quan đến công tác chỉ đạo điều hành do Văn phòng Chính phủ ban hành
[2026-04-21 11:01:17] DEBUG_SAMPLE_HREF=https://thuvienphapluat.vn/cong-van/Bo-may-hanh-chinh/Cong-van-1379-VPCP-KTTH-2025-thong-tin-bao-chi-phan-anh-lien-quan-den-cong-tac-chi-dao-dieu-hanh-643908.aspx
[2026-04-21 11:01:17] DEBUG_SAMPLE_TITLE=Văn bản gốc
[2026-04-21 11:01:17] DEBUG_SAMPLE_HREF=https://thuvienphapluat.vn/cong-van/Bo-may-hanh-chinh/Cong-van-1379-VPCP-KTTH-2025-thong-tin-bao-chi-phan-anh-lien-quan-den-cong-tac-chi-dao-dieu-hanh-643908.aspx?tab=2
[2026-04-21 11:01:17] DEBUG_SAMPLE_TITLE=Lược đồ
[2026-04-21 11:01:17] DEBUG_SAMPLE_HREF=https://thuvienphapluat.vn/cong-van/Bo-may-hanh-chinh/Cong-van-1379-VPCP-KTTH-2025-thong-tin-bao-chi-phan-anh-lien-quan-den-cong-tac-chi-dao-dieu-hanh-643908.aspx?tab=3
[2026-04-21 11:01:17] DEBUG_SAMPLE_TITLE=Tải về
[2026-04-21 11:01:17] DEBUG_SAMPLE_HREF=https://thuvienphapluat.vn/cong-van/Bo-may-hanh-chinh/Cong-van-1379-VPCP-KTTH-2025-thong-tin-bao-chi-phan-anh-lien-quan-den-cong-tac-chi-dao-dieu-hanh-643908.aspx?tab=7
[2026-04-21 11:01:17] DEBUG_SAMPLE_TITLE=Công văn 3309/BCT-TTTN năm 2022 về điều hành kinh doanh xăng dầu do Bộ Công thương ban hành
[2026-04-21 11:01:17] DEBUG_SAMPLE_HREF=https://thuvienphapluat.vn/cong-van/Thuong-mai/Cong-van-3309-BCT-TTTN-2022-dieu-hanh-kinh-doanh-xang-dau-516842.aspx
[2026-04-21 11:01:17] DEBUG_SAMPLE_TITLE=Văn bản gốc
[2026-04-21 11:01:17] DEBUG_SAMPLE_HREF=https://thuvienphapluat.vn/cong-van/Thuong-mai/Cong-van-3309-BCT-TTTN-2022-dieu-hanh-kinh-doanh-xang-dau-516842.aspx?tab=2
[2026-04-21 11:01:17] DISCOVERY: found 14 docs on page 10
[2026-04-21 11:01:17] DISCOVERY: page=11
[2026-04-21 11:01:17] DISCOVERY: url=https://thuvienphapluat.vn/page/tim-van-ban.aspx?keyword=%C4%91i%E1%BB%81u+h%C3%A0nh&area=0&type=3&status=0&lan=1&org=0&signer=0&match=True&sort=1&bdate=20%2F04%2F1946&edate=21%2F04%2F2026&page=11
[2026-04-21 11:01:24] PAGE_TITLE=Tra cứu Công Văn điều hành
[2026-04-21 11:01:24] BODY_PREVIEW=THƯ VIỆN PHÁP LUẬT | Trang Thông tin điện tử tổng hợp | ...loại rủi ro pháp lý, nắm cơ hội làm giàu... | Các gói dịch vụ | Chính sách Pháp luật mới | Pháp Luật | Liên hệ |  Danh mục    | Sơ đồ WebSite   Giới thiệu  Hướng dẫn sử dụng   Rss   Homepage    Widget | Tra cứu Công Văn điều hành | Từ khoá: Số Hiệu, Tiêu đề hoặc Nội dung ngắn gọn của Văn Bản...(Lưu ý khi tìm kiếm) | Tìm trong: Tất cả Tiêu đề văn bản Số hiệu văn
[2026-04-21 11:01:24] SAVED_SEARCH_HTML=D:\Do an DS108\data\raw\search_pages\page_011.html
[2026-04-21 11:01:24] PAGE_STATUS=ok
[2026-04-21 11:01:24] DEBUG: total_a=287
[2026-04-21 11:01:24] DEBUG: cong_van_a=80
[2026-04-21 11:01:24] DEBUG_SAMPLE_TITLE=Công văn 882/VPCP-KTTH về công tác điều hành giá năm 2022 do Văn phòng Chính phủ ban hành
[2026-04-21 11:01:24] DEBUG_SAMPLE_HREF=https://thuvienphapluat.vn/cong-van/Tai-chinh-nha-nuoc/Cong-van-882-VPCP-KTTH-2022-cong-tac-dieu-hanh-gia-502749.aspx
[2026-04-21 11:01:24] DEBUG_SAMPLE_TITLE=Văn bản gốc
[2026-04-21 11:01:24] DEBUG_SAMPLE_HREF=https://thuvienphapluat.vn/cong-van/Tai-chinh-nha-nuoc/Cong-van-882-VPCP-KTTH-2022-cong-tac-dieu-hanh-gia-502749.aspx?tab=2
[2026-04-21 11:01:24] DEBUG_SAMPLE_TITLE=Lược đồ
[2026-04-21 11:01:24] DEBUG_SAMPLE_HREF=https://thuvienphapluat.vn/cong-van/Tai-chinh-nha-nuoc/Cong-van-882-VPCP-KTTH-2022-cong-tac-dieu-hanh-gia-502749.aspx?tab=3
[2026-04-21 11:01:24] DEBUG_SAMPLE_TITLE=Tải về
[2026-04-21 11:01:24] DEBUG_SAMPLE_HREF=https://thuvienphapluat.vn/cong-van/Tai-chinh-nha-nuoc/Cong-van-882-VPCP-KTTH-2022-cong-tac-dieu-hanh-gia-502749.aspx?tab=7
[2026-04-21 11:01:24] DEBUG_SAMPLE_TITLE=Công văn 326/BCT-TTTN năm 2022 về điều hành kinh doanh xăng dầu do Bộ Công thương ban hành
[2026-04-21 11:01:24] DEBUG_SAMPLE_HREF=https://thuvienphapluat.vn/cong-van/Thuong-mai/Cong-van-326-BCT-TTTN-2022-dieu-hanh-kinh-doanh-xang-dau-501241.aspx
[2026-04-21 11:01:24] DEBUG_SAMPLE_TITLE=Văn bản gốc
[2026-04-21 11:01:24] DEBUG_SAMPLE_HREF=https://thuvienphapluat.vn/cong-van/Thuong-mai/Cong-van-326-BCT-TTTN-2022-dieu-hanh-kinh-doanh-xang-dau-501241.aspx?tab=2
[2026-04-21 11:01:24] DEBUG_SAMPLE_TITLE=Lược đồ
[2026-04-21 11:01:24] DEBUG_SAMPLE_HREF=https://thuvienphapluat.vn/cong-van/Thuong-mai/Cong-van-326-BCT-TTTN-2022-dieu-hanh-kinh-doanh-xang-dau-501241.aspx?tab=3
[2026-04-21 11:01:24] DEBUG_SAMPLE_TITLE=Tải về
[2026-04-21 11:01:24] DEBUG_SAMPLE_HREF=https://thuvienphapluat.vn/cong-van/Thuong-mai/Cong-van-326-BCT-TTTN-2022-dieu-hanh-kinh-doanh-xang-dau-501241.aspx?tab=7
[2026-04-21 11:01:24] DEBUG_SAMPLE_TITLE=Công văn 162/BCT-TTTN năm 2022 về điều hành kinh doanh xăng dầu do Bộ Công thương ban hành
[2026-04-21 11:01:24] DEBUG_SAMPLE_HREF=https://thuvienphapluat.vn/cong-van/Thuong-mai/Cong-van-162-BCT-TTTN-2022-dieu-hanh-kinh-doanh-xang-dau-500175.aspx
[2026-04-21 11:01:24] DEBUG_SAMPLE_TITLE=Văn bản gốc
[2026-04-21 11:01:24] DEBUG_SAMPLE_HREF=https://thuvienphapluat.vn/cong-van/Thuong-mai/Cong-van-162-BCT-TTTN-2022-dieu-hanh-kinh-doanh-xang-dau-500175.aspx?tab=2
[2026-04-21 11:01:24] DISCOVERY: found 17 docs on page 11
[2026-04-21 11:01:24] DISCOVERY: page=12
[2026-04-21 11:01:24] DISCOVERY: url=https://thuvienphapluat.vn/page/tim-van-ban.aspx?keyword=%C4%91i%E1%BB%81u+h%C3%A0nh&area=0&type=3&status=0&lan=1&org=0&signer=0&match=True&sort=1&bdate=20%2F04%2F1946&edate=21%2F04%2F2026&page=12
[2026-04-21 11:01:30] PAGE_TITLE=Tra cứu Công Văn điều hành
[2026-04-21 11:01:30] BODY_PREVIEW=THƯ VIỆN PHÁP LUẬT | Trang Thông tin điện tử tổng hợp | ...loại rủi ro pháp lý, nắm cơ hội làm giàu... | Các gói dịch vụ | Chính sách Pháp luật mới | Pháp Luật | Liên hệ |  Danh mục    | Sơ đồ WebSite   Giới thiệu  Hướng dẫn sử dụng   Rss   Homepage    Widget | Tra cứu Công Văn điều hành | Từ khoá: Số Hiệu, Tiêu đề hoặc Nội dung ngắn gọn của Văn Bản...(Lưu ý khi tìm kiếm) | Tìm trong: Tất cả Tiêu đề văn bản Số hiệu văn
[2026-04-21 11:01:30] SAVED_SEARCH_HTML=D:\Do an DS108\data\raw\search_pages\page_012.html
[2026-04-21 11:01:30] PAGE_STATUS=ok
[2026-04-21 11:01:30] DEBUG: total_a=289
[2026-04-21 11:01:30] DEBUG: cong_van_a=80
[2026-04-21 11:01:30] DEBUG_SAMPLE_TITLE=Công văn 2055/BCT-TTTN năm 2021 về điều hành kinh doanh xăng dầu do Bộ Công thương ban hành
[2026-04-21 11:01:30] DEBUG_SAMPLE_HREF=https://thuvienphapluat.vn/cong-van/Thuong-mai/Cong-van-2055-BCT-TTTN-2021-dieu-hanh-kinh-doanh-xang-dau-470560.aspx
[2026-04-21 11:01:30] DEBUG_SAMPLE_TITLE=Văn bản gốc
[2026-04-21 11:01:30] DEBUG_SAMPLE_HREF=https://thuvienphapluat.vn/cong-van/Thuong-mai/Cong-van-2055-BCT-TTTN-2021-dieu-hanh-kinh-doanh-xang-dau-470560.aspx?tab=2
[2026-04-21 11:01:30] DEBUG_SAMPLE_TITLE=Lược đồ
[2026-04-21 11:01:30] DEBUG_SAMPLE_HREF=https://thuvienphapluat.vn/cong-van/Thuong-mai/Cong-van-2055-BCT-TTTN-2021-dieu-hanh-kinh-doanh-xang-dau-470560.aspx?tab=3
[2026-04-21 11:01:30] DEBUG_SAMPLE_TITLE=Tải về
[2026-04-21 11:01:30] DEBUG_SAMPLE_HREF=https://thuvienphapluat.vn/cong-van/Thuong-mai/Cong-van-2055-BCT-TTTN-2021-dieu-hanh-kinh-doanh-xang-dau-470560.aspx?tab=7
[2026-04-21 11:01:30] DEBUG_SAMPLE_TITLE=Công văn 1685/BCT-TTTN năm 2021 về điều hành kinh doanh xăng dầu do Bộ Công thương ban hành
[2026-04-21 11:01:30] DEBUG_SAMPLE_HREF=https://thuvienphapluat.vn/cong-van/Thuong-mai/Cong-van-1685-BCT-TTTN-2021-dieu-hanh-kinh-doanh-xang-dau-468947.aspx
[2026-04-21 11:01:30] DEBUG_SAMPLE_TITLE=Văn bản gốc
[2026-04-21 11:01:30] DEBUG_SAMPLE_HREF=https://thuvienphapluat.vn/cong-van/Thuong-mai/Cong-van-1685-BCT-TTTN-2021-dieu-hanh-kinh-doanh-xang-dau-468947.aspx?tab=2
[2026-04-21 11:01:30] DEBUG_SAMPLE_TITLE=Lược đồ
[2026-04-21 11:01:30] DEBUG_SAMPLE_HREF=https://thuvienphapluat.vn/cong-van/Thuong-mai/Cong-van-1685-BCT-TTTN-2021-dieu-hanh-kinh-doanh-xang-dau-468947.aspx?tab=3
[2026-04-21 11:01:30] DEBUG_SAMPLE_TITLE=Tải về
[2026-04-21 11:01:30] DEBUG_SAMPLE_HREF=https://thuvienphapluat.vn/cong-van/Thuong-mai/Cong-van-1685-BCT-TTTN-2021-dieu-hanh-kinh-doanh-xang-dau-468947.aspx?tab=7
[2026-04-21 11:01:30] DEBUG_SAMPLE_TITLE=Công văn 1348/BCT-TTTN năm 2021 về điều hành kinh doanh xăng dầu do Bộ Công thương ban hành
[2026-04-21 11:01:30] DEBUG_SAMPLE_HREF=https://thuvienphapluat.vn/cong-van/Thuong-mai/Cong-van-1348-BCT-TTTN-2021-dieu-hanh-kinh-doanh-xang-dau-467376.aspx
[2026-04-21 11:01:30] DEBUG_SAMPLE_TITLE=Văn bản gốc
[2026-04-21 11:01:30] DEBUG_SAMPLE_HREF=https://thuvienphapluat.vn/cong-van/Thuong-mai/Cong-van-1348-BCT-TTTN-2021-dieu-hanh-kinh-doanh-xang-dau-467376.aspx?tab=2
[2026-04-21 11:01:30] DISCOVERY: found 13 docs on page 12
[2026-04-21 11:01:30] DISCOVERY: page=13
[2026-04-21 11:01:30] DISCOVERY: url=https://thuvienphapluat.vn/page/tim-van-ban.aspx?keyword=%C4%91i%E1%BB%81u+h%C3%A0nh&area=0&type=3&status=0&lan=1&org=0&signer=0&match=True&sort=1&bdate=20%2F04%2F1946&edate=21%2F04%2F2026&page=13
[2026-04-21 11:01:38] PAGE_TITLE=Tra cứu Công Văn điều hành
[2026-04-21 11:01:38] BODY_PREVIEW=THƯ VIỆN PHÁP LUẬT | Trang Thông tin điện tử tổng hợp | ...loại rủi ro pháp lý, nắm cơ hội làm giàu... | Các gói dịch vụ | Chính sách Pháp luật mới | Pháp Luật | Liên hệ |  Danh mục    | Sơ đồ WebSite   Giới thiệu  Hướng dẫn sử dụng   Rss   Homepage    Widget | Tra cứu Công Văn điều hành | Từ khoá: Số Hiệu, Tiêu đề hoặc Nội dung ngắn gọn của Văn Bản...(Lưu ý khi tìm kiếm) | Tìm trong: Tất cả Tiêu đề văn bản Số hiệu văn
[2026-04-21 11:01:38] SAVED_SEARCH_HTML=D:\Do an DS108\data\raw\search_pages\page_013.html
[2026-04-21 11:01:38] PAGE_STATUS=ok
[2026-04-21 11:01:38] DEBUG: total_a=283
[2026-04-21 11:01:38] DEBUG: cong_van_a=76
[2026-04-21 11:01:38] DEBUG_SAMPLE_TITLE=Công văn 4227/BCT-TTTN năm 2020 về điều hành kinh doanh xăng dầu do Bộ Công thương ban hành
[2026-04-21 11:01:38] DEBUG_SAMPLE_HREF=https://thuvienphapluat.vn/cong-van/Thuong-mai/Cong-van-4227-BCT-TTTN-2020-cong-bo-gia-co-so-kinh-doanh-xang-dau-tren-thi-truong-444775.aspx
[2026-04-21 11:01:38] DEBUG_SAMPLE_TITLE=Văn bản gốc
[2026-04-21 11:01:38] DEBUG_SAMPLE_HREF=https://thuvienphapluat.vn/cong-van/Thuong-mai/Cong-van-4227-BCT-TTTN-2020-cong-bo-gia-co-so-kinh-doanh-xang-dau-tren-thi-truong-444775.aspx?tab=2
[2026-04-21 11:01:38] DEBUG_SAMPLE_TITLE=Lược đồ
[2026-04-21 11:01:38] DEBUG_SAMPLE_HREF=https://thuvienphapluat.vn/cong-van/Thuong-mai/Cong-van-4227-BCT-TTTN-2020-cong-bo-gia-co-so-kinh-doanh-xang-dau-tren-thi-truong-444775.aspx?tab=3
[2026-04-21 11:01:38] DEBUG_SAMPLE_TITLE=Tải về
[2026-04-21 11:01:38] DEBUG_SAMPLE_HREF=https://thuvienphapluat.vn/cong-van/Thuong-mai/Cong-van-4227-BCT-TTTN-2020-cong-bo-gia-co-so-kinh-doanh-xang-dau-tren-thi-truong-444775.aspx?tab=7
[2026-04-21 11:01:38] DEBUG_SAMPLE_TITLE=Công văn 3824/BCT-TTTN năm 2020 về điều hành kinh doanh xăng dầu do Bộ Công thương ban hành
[2026-04-21 11:01:38] DEBUG_SAMPLE_HREF=https://thuvienphapluat.vn/cong-van/Tai-chinh-nha-nuoc/Cong-van-3821-BCT-TTTN-2020-dieu-hanh-kinh-doanh-xang-dau-443754.aspx
[2026-04-21 11:01:38] DEBUG_SAMPLE_TITLE=Văn bản gốc
[2026-04-21 11:01:38] DEBUG_SAMPLE_HREF=https://thuvienphapluat.vn/cong-van/Tai-chinh-nha-nuoc/Cong-van-3821-BCT-TTTN-2020-dieu-hanh-kinh-doanh-xang-dau-443754.aspx?tab=2
[2026-04-21 11:01:38] DEBUG_SAMPLE_TITLE=Lược đồ
[2026-04-21 11:01:38] DEBUG_SAMPLE_HREF=https://thuvienphapluat.vn/cong-van/Tai-chinh-nha-nuoc/Cong-van-3821-BCT-TTTN-2020-dieu-hanh-kinh-doanh-xang-dau-443754.aspx?tab=3
[2026-04-21 11:01:38] DEBUG_SAMPLE_TITLE=Tải về
[2026-04-21 11:01:38] DEBUG_SAMPLE_HREF=https://thuvienphapluat.vn/cong-van/Tai-chinh-nha-nuoc/Cong-van-3821-BCT-TTTN-2020-dieu-hanh-kinh-doanh-xang-dau-443754.aspx?tab=7
[2026-04-21 11:01:38] DEBUG_SAMPLE_TITLE=Công văn 3397/BCT-TTTN năm 2020 về điều hành kinh doanh xăng dầu do Bộ Công thương ban hành
[2026-04-21 11:01:38] DEBUG_SAMPLE_HREF=https://thuvienphapluat.vn/cong-van/Tai-chinh-nha-nuoc/Cong-van-3397-BCT-TTTN-2020-dieu-hanh-kinh-doanh-xang-dau-442411.aspx
[2026-04-21 11:01:38] DEBUG_SAMPLE_TITLE=Văn bản gốc
[2026-04-21 11:01:38] DEBUG_SAMPLE_HREF=https://thuvienphapluat.vn/cong-van/Tai-chinh-nha-nuoc/Cong-van-3397-BCT-TTTN-2020-dieu-hanh-kinh-doanh-xang-dau-442411.aspx?tab=2
[2026-04-21 11:01:38] DISCOVERY: found 15 docs on page 13
[2026-04-21 11:01:38] DISCOVERY: page=14
[2026-04-21 11:01:38] DISCOVERY: url=https://thuvienphapluat.vn/page/tim-van-ban.aspx?keyword=%C4%91i%E1%BB%81u+h%C3%A0nh&area=0&type=3&status=0&lan=1&org=0&signer=0&match=True&sort=1&bdate=20%2F04%2F1946&edate=21%2F04%2F2026&page=14
[2026-04-21 11:01:45] PAGE_TITLE=Tra cứu Công Văn điều hành
[2026-04-21 11:01:45] BODY_PREVIEW=THƯ VIỆN PHÁP LUẬT | Trang Thông tin điện tử tổng hợp | ...loại rủi ro pháp lý, nắm cơ hội làm giàu... | Các gói dịch vụ | Chính sách Pháp luật mới | Pháp Luật | Liên hệ |  Danh mục    | Sơ đồ WebSite   Giới thiệu  Hướng dẫn sử dụng   Rss   Homepage    Widget | Tra cứu Công Văn điều hành | Từ khoá: Số Hiệu, Tiêu đề hoặc Nội dung ngắn gọn của Văn Bản...(Lưu ý khi tìm kiếm) | Tìm trong: Tất cả Tiêu đề văn bản Số hiệu văn
[2026-04-21 11:01:45] SAVED_SEARCH_HTML=D:\Do an DS108\data\raw\search_pages\page_014.html
[2026-04-21 11:01:45] PAGE_STATUS=ok
[2026-04-21 11:01:45] DEBUG: total_a=298
[2026-04-21 11:01:45] DEBUG: cong_van_a=79
[2026-04-21 11:01:45] DEBUG_SAMPLE_TITLE=Công văn 3694/UBND-KTN năm 2022 thực hiện Công điện 1039/CĐ-TTg về quản lý, điều hành mặt hàng xăng dầu do thành phố Hà Nội ban hành
[2026-04-21 11:01:45] DEBUG_SAMPLE_HREF=https://thuvienphapluat.vn/cong-van/Thuong-mai/Cong-van-3694-UBND-KTN-2022-thuc-hien-Cong-dien-1039-CD-TTg-quan-ly-mat-hang-xang-dau-Ha-Noi-537349.aspx
[2026-04-21 11:01:45] DEBUG_SAMPLE_TITLE=Văn bản gốc
[2026-04-21 11:01:45] DEBUG_SAMPLE_HREF=https://thuvienphapluat.vn/cong-van/Thuong-mai/Cong-van-3694-UBND-KTN-2022-thuc-hien-Cong-dien-1039-CD-TTg-quan-ly-mat-hang-xang-dau-Ha-Noi-537349.aspx?tab=2
[2026-04-21 11:01:45] DEBUG_SAMPLE_TITLE=Lược đồ
[2026-04-21 11:01:45] DEBUG_SAMPLE_HREF=https://thuvienphapluat.vn/cong-van/Thuong-mai/Cong-van-3694-UBND-KTN-2022-thuc-hien-Cong-dien-1039-CD-TTg-quan-ly-mat-hang-xang-dau-Ha-Noi-537349.aspx?tab=3
[2026-04-21 11:01:45] DEBUG_SAMPLE_TITLE=Tải về
[2026-04-21 11:01:45] DEBUG_SAMPLE_HREF=https://thuvienphapluat.vn/cong-van/Thuong-mai/Cong-van-3694-UBND-KTN-2022-thuc-hien-Cong-dien-1039-CD-TTg-quan-ly-mat-hang-xang-dau-Ha-Noi-537349.aspx?tab=7
[2026-04-21 11:01:45] DEBUG_SAMPLE_TITLE=Công văn 3673/UBND-KTTH về quyết liệt thực hiện giải pháp điều hành tài chính, ngân sách địa phương những tháng cuối năm 2022 do thành phố Hà Nội ban hành
[2026-04-21 11:01:45] DEBUG_SAMPLE_HREF=https://thuvienphapluat.vn/cong-van/Tai-chinh-nha-nuoc/Cong-van-3673-UBND-KTTH-2022-thuc-hien-dieu-hanh-tai-chinh-ngan-sach-cuoi-nam-Ha-Noi-539001.aspx
[2026-04-21 11:01:45] DEBUG_SAMPLE_TITLE=Văn bản gốc
[2026-04-21 11:01:45] DEBUG_SAMPLE_HREF=https://thuvienphapluat.vn/cong-van/Tai-chinh-nha-nuoc/Cong-van-3673-UBND-KTTH-2022-thuc-hien-dieu-hanh-tai-chinh-ngan-sach-cuoi-nam-Ha-Noi-539001.aspx?tab=2
[2026-04-21 11:01:45] DEBUG_SAMPLE_TITLE=Lược đồ
[2026-04-21 11:01:45] DEBUG_SAMPLE_HREF=https://thuvienphapluat.vn/cong-van/Tai-chinh-nha-nuoc/Cong-van-3673-UBND-KTTH-2022-thuc-hien-dieu-hanh-tai-chinh-ngan-sach-cuoi-nam-Ha-Noi-539001.aspx?tab=3
[2026-04-21 11:01:45] DEBUG_SAMPLE_TITLE=Tải về
[2026-04-21 11:01:45] DEBUG_SAMPLE_HREF=https://thuvienphapluat.vn/cong-van/Tai-chinh-nha-nuoc/Cong-van-3673-UBND-KTTH-2022-thuc-hien-dieu-hanh-tai-chinh-ngan-sach-cuoi-nam-Ha-Noi-539001.aspx?tab=7
[2026-04-21 11:01:45] DEBUG_SAMPLE_TITLE=Công văn 6817/BCT-TTTN năm 2019 về điều hành kinh doanh xăng dầu do Bộ Công thương ban hành
[2026-04-21 11:01:45] DEBUG_SAMPLE_HREF=https://thuvienphapluat.vn/cong-van/Thuong-mai/Cong-van-6817-BCT-TTTN-2019-dieu-hanh-kinh-doanh-xang-dau-424046.aspx
[2026-04-21 11:01:45] DEBUG_SAMPLE_TITLE=Văn bản gốc
[2026-04-21 11:01:45] DEBUG_SAMPLE_HREF=https://thuvienphapluat.vn/cong-van/Thuong-mai/Cong-van-6817-BCT-TTTN-2019-dieu-hanh-kinh-doanh-xang-dau-424046.aspx?tab=2
[2026-04-21 11:01:45] DISCOVERY: found 10 docs on page 14
[2026-04-21 11:01:45] DISCOVERY: page=15
[2026-04-21 11:01:45] DISCOVERY: url=https://thuvienphapluat.vn/page/tim-van-ban.aspx?keyword=%C4%91i%E1%BB%81u+h%C3%A0nh&area=0&type=3&status=0&lan=1&org=0&signer=0&match=True&sort=1&bdate=20%2F04%2F1946&edate=21%2F04%2F2026&page=15
[2026-04-21 11:01:52] PAGE_TITLE=Tra cứu Công Văn điều hành
[2026-04-21 11:01:52] BODY_PREVIEW=THƯ VIỆN PHÁP LUẬT | Trang Thông tin điện tử tổng hợp | ...loại rủi ro pháp lý, nắm cơ hội làm giàu... | Các gói dịch vụ | Chính sách Pháp luật mới | Pháp Luật | Liên hệ |  Danh mục    | Sơ đồ WebSite   Giới thiệu  Hướng dẫn sử dụng   Rss   Homepage    Widget | Tra cứu Công Văn điều hành | Từ khoá: Số Hiệu, Tiêu đề hoặc Nội dung ngắn gọn của Văn Bản...(Lưu ý khi tìm kiếm) | Tìm trong: Tất cả Tiêu đề văn bản Số hiệu văn
[2026-04-21 11:01:52] SAVED_SEARCH_HTML=D:\Do an DS108\data\raw\search_pages\page_015.html
[2026-04-21 11:01:52] PAGE_STATUS=ok
[2026-04-21 11:01:52] DEBUG: total_a=287
[2026-04-21 11:01:52] DEBUG: cong_van_a=80
[2026-04-21 11:01:52] DEBUG_SAMPLE_TITLE=Công văn 1363/BCT-TTTN năm 2019 về điều hành kinh doanh xăng dầu do Bộ Công thương ban hành
[2026-04-21 11:01:52] DEBUG_SAMPLE_HREF=https://thuvienphapluat.vn/cong-van/Thuong-mai/Cong-van-1363-BCT-TTTN-2019-dieu-hanh-kinh-doanh-xang-dau-410164.aspx
[2026-04-21 11:01:52] DEBUG_SAMPLE_TITLE=Văn bản gốc
[2026-04-21 11:01:52] DEBUG_SAMPLE_HREF=https://thuvienphapluat.vn/cong-van/Thuong-mai/Cong-van-1363-BCT-TTTN-2019-dieu-hanh-kinh-doanh-xang-dau-410164.aspx?tab=2
[2026-04-21 11:01:52] DEBUG_SAMPLE_TITLE=Lược đồ
[2026-04-21 11:01:52] DEBUG_SAMPLE_HREF=https://thuvienphapluat.vn/cong-van/Thuong-mai/Cong-van-1363-BCT-TTTN-2019-dieu-hanh-kinh-doanh-xang-dau-410164.aspx?tab=3
[2026-04-21 11:01:52] DEBUG_SAMPLE_TITLE=Tải về
[2026-04-21 11:01:52] DEBUG_SAMPLE_HREF=https://thuvienphapluat.vn/cong-van/Thuong-mai/Cong-van-1363-BCT-TTTN-2019-dieu-hanh-kinh-doanh-xang-dau-410164.aspx?tab=7
[2026-04-21 11:01:52] DEBUG_SAMPLE_TITLE=Công văn 8989/BCT-TTTN năm 2018 về điều hành kinh doanh xăng dầu do Bộ Công thương ban hành
[2026-04-21 11:01:52] DEBUG_SAMPLE_HREF=https://thuvienphapluat.vn/cong-van/Thuong-mai/Cong-van-8989-BCT-TTTN-2018-dieu-hanh-kinh-doanh-xang-dau-399015.aspx
[2026-04-21 11:01:52] DEBUG_SAMPLE_TITLE=Văn bản gốc
[2026-04-21 11:01:52] DEBUG_SAMPLE_HREF=https://thuvienphapluat.vn/cong-van/Thuong-mai/Cong-van-8989-BCT-TTTN-2018-dieu-hanh-kinh-doanh-xang-dau-399015.aspx?tab=2
[2026-04-21 11:01:52] DEBUG_SAMPLE_TITLE=Lược đồ
[2026-04-21 11:01:52] DEBUG_SAMPLE_HREF=https://thuvienphapluat.vn/cong-van/Thuong-mai/Cong-van-8989-BCT-TTTN-2018-dieu-hanh-kinh-doanh-xang-dau-399015.aspx?tab=3
[2026-04-21 11:01:52] DEBUG_SAMPLE_TITLE=Tải về
[2026-04-21 11:01:52] DEBUG_SAMPLE_HREF=https://thuvienphapluat.vn/cong-van/Thuong-mai/Cong-van-8989-BCT-TTTN-2018-dieu-hanh-kinh-doanh-xang-dau-399015.aspx?tab=7
[2026-04-21 11:01:52] DEBUG_SAMPLE_TITLE=Công văn 8563/BCT-TTTN năm 2018 về điều hành kinh doanh xăng dầu do Bộ Công thương ban hành
[2026-04-21 11:01:52] DEBUG_SAMPLE_HREF=https://thuvienphapluat.vn/cong-van/Thuong-mai/Cong-van-8563-BCT-TTTN-2018-dieu-hanh-kinh-doanh-xang-dau-397560.aspx
[2026-04-21 11:01:52] DEBUG_SAMPLE_TITLE=Văn bản gốc
[2026-04-21 11:01:52] DEBUG_SAMPLE_HREF=https://thuvienphapluat.vn/cong-van/Thuong-mai/Cong-van-8563-BCT-TTTN-2018-dieu-hanh-kinh-doanh-xang-dau-397560.aspx?tab=2
[2026-04-21 11:01:52] DISCOVERY: found 14 docs on page 15
[2026-04-21 11:01:52] DISCOVERY: page=16
[2026-04-21 11:01:52] DISCOVERY: url=https://thuvienphapluat.vn/page/tim-van-ban.aspx?keyword=%C4%91i%E1%BB%81u+h%C3%A0nh&area=0&type=3&status=0&lan=1&org=0&signer=0&match=True&sort=1&bdate=20%2F04%2F1946&edate=21%2F04%2F2026&page=16
[2026-04-21 11:01:59] PAGE_TITLE=Tra cứu Công Văn điều hành
[2026-04-21 11:01:59] BODY_PREVIEW=THƯ VIỆN PHÁP LUẬT | Trang Thông tin điện tử tổng hợp | ...loại rủi ro pháp lý, nắm cơ hội làm giàu... | Các gói dịch vụ | Chính sách Pháp luật mới | Pháp Luật | Liên hệ |  Danh mục    | Sơ đồ WebSite   Giới thiệu  Hướng dẫn sử dụng   Rss   Homepage    Widget | Tra cứu Công Văn điều hành | Từ khoá: Số Hiệu, Tiêu đề hoặc Nội dung ngắn gọn của Văn Bản...(Lưu ý khi tìm kiếm) | Tìm trong: Tất cả Tiêu đề văn bản Số hiệu văn
[2026-04-21 11:01:59] SAVED_SEARCH_HTML=D:\Do an DS108\data\raw\search_pages\page_016.html
[2026-04-21 11:01:59] PAGE_STATUS=ok
[2026-04-21 11:01:59] DEBUG: total_a=286
[2026-04-21 11:01:59] DEBUG: cong_van_a=79
[2026-04-21 11:01:59] DEBUG_SAMPLE_TITLE=Công văn 552/BCT-TTTN năm 2018 về điều hành kinh doanh xăng dầu do Bộ Công thương ban hành
[2026-04-21 11:01:59] DEBUG_SAMPLE_HREF=https://thuvienphapluat.vn/cong-van/Thuong-mai/Cong-van-552-BCT-TTTN-2018-dieu-hanh-kinh-doanh-xang-dau-372752.aspx
[2026-04-21 11:01:59] DEBUG_SAMPLE_TITLE=Văn bản gốc
[2026-04-21 11:01:59] DEBUG_SAMPLE_HREF=https://thuvienphapluat.vn/cong-van/Thuong-mai/Cong-van-552-BCT-TTTN-2018-dieu-hanh-kinh-doanh-xang-dau-372752.aspx?tab=2
[2026-04-21 11:01:59] DEBUG_SAMPLE_TITLE=Lược đồ
[2026-04-21 11:01:59] DEBUG_SAMPLE_HREF=https://thuvienphapluat.vn/cong-van/Thuong-mai/Cong-van-552-BCT-TTTN-2018-dieu-hanh-kinh-doanh-xang-dau-372752.aspx?tab=3
[2026-04-21 11:01:59] DEBUG_SAMPLE_TITLE=Tải về
[2026-04-21 11:01:59] DEBUG_SAMPLE_HREF=https://thuvienphapluat.vn/cong-van/Thuong-mai/Cong-van-552-BCT-TTTN-2018-dieu-hanh-kinh-doanh-xang-dau-372752.aspx?tab=7
[2026-04-21 11:01:59] DEBUG_SAMPLE_TITLE=Công văn 4030/VPCP-KSTT năm 2021 về cung cấp thông tin, dữ liệu phục vụ chỉ đạo, điều hành của Chính phủ, Thủ tướng Chính phủ do Văn phòng Chính phủ ban hành
[2026-04-21 11:01:59] DEBUG_SAMPLE_HREF=https://thuvienphapluat.vn/cong-van/Bo-may-hanh-chinh/Cong-van-4030-VPCP-KST-2021-cung-cap-thong-tin-du-lieu-phuc-vu-dieu-hanh-cua-Chinh-phu-478006.aspx
[2026-04-21 11:01:59] DEBUG_SAMPLE_TITLE=Văn bản gốc
[2026-04-21 11:01:59] DEBUG_SAMPLE_HREF=https://thuvienphapluat.vn/cong-van/Bo-may-hanh-chinh/Cong-van-4030-VPCP-KST-2021-cung-cap-thong-tin-du-lieu-phuc-vu-dieu-hanh-cua-Chinh-phu-478006.aspx?tab=2
[2026-04-21 11:01:59] DEBUG_SAMPLE_TITLE=Lược đồ
[2026-04-21 11:01:59] DEBUG_SAMPLE_HREF=https://thuvienphapluat.vn/cong-van/Bo-may-hanh-chinh/Cong-van-4030-VPCP-KST-2021-cung-cap-thong-tin-du-lieu-phuc-vu-dieu-hanh-cua-Chinh-phu-478006.aspx?tab=3
[2026-04-21 11:01:59] DEBUG_SAMPLE_TITLE=Tải về
[2026-04-21 11:01:59] DEBUG_SAMPLE_HREF=https://thuvienphapluat.vn/cong-van/Bo-may-hanh-chinh/Cong-van-4030-VPCP-KST-2021-cung-cap-thong-tin-du-lieu-phuc-vu-dieu-hanh-cua-Chinh-phu-478006.aspx?tab=7
[2026-04-21 11:01:59] DEBUG_SAMPLE_TITLE=Công văn 636/VPCP-KTTH năm 2018 về thông báo kết luận họp Ban Chỉ đạo điều hành giá do Văn phòng Chính phủ ban hành
[2026-04-21 11:01:59] DEBUG_SAMPLE_HREF=https://thuvienphapluat.vn/cong-van/Tai-chinh-nha-nuoc/Cong-van-636-VPCP-KTTH-2018-thong-bao-ket-luan-hop-Ban-Chi-dao-dieu-hanh-gia-372627.aspx
[2026-04-21 11:01:59] DEBUG_SAMPLE_TITLE=Văn bản gốc
[2026-04-21 11:01:59] DEBUG_SAMPLE_HREF=https://thuvienphapluat.vn/cong-van/Tai-chinh-nha-nuoc/Cong-van-636-VPCP-KTTH-2018-thong-bao-ket-luan-hop-Ban-Chi-dao-dieu-hanh-gia-372627.aspx?tab=2
[2026-04-21 11:01:59] DISCOVERY: found 13 docs on page 16
[2026-04-21 11:01:59] DISCOVERY: page=17
[2026-04-21 11:01:59] DISCOVERY: url=https://thuvienphapluat.vn/page/tim-van-ban.aspx?keyword=%C4%91i%E1%BB%81u+h%C3%A0nh&area=0&type=3&status=0&lan=1&org=0&signer=0&match=True&sort=1&bdate=20%2F04%2F1946&edate=21%2F04%2F2026&page=17
[2026-04-21 11:02:07] PAGE_TITLE=Tra cứu Công Văn điều hành
[2026-04-21 11:02:07] BODY_PREVIEW=THƯ VIỆN PHÁP LUẬT | Trang Thông tin điện tử tổng hợp | ...loại rủi ro pháp lý, nắm cơ hội làm giàu... | Các gói dịch vụ | Chính sách Pháp luật mới | Pháp Luật | Liên hệ |  Danh mục    | Sơ đồ WebSite   Giới thiệu  Hướng dẫn sử dụng   Rss   Homepage    Widget | Tra cứu Công Văn điều hành | Từ khoá: Số Hiệu, Tiêu đề hoặc Nội dung ngắn gọn của Văn Bản...(Lưu ý khi tìm kiếm) | Tìm trong: Tất cả Tiêu đề văn bản Số hiệu văn
[2026-04-21 11:02:07] SAVED_SEARCH_HTML=D:\Do an DS108\data\raw\search_pages\page_017.html
[2026-04-21 11:02:07] PAGE_STATUS=ok
[2026-04-21 11:02:07] DEBUG: total_a=285
[2026-04-21 11:02:07] DEBUG: cong_van_a=78
[2026-04-21 11:02:07] DEBUG_SAMPLE_TITLE=Công văn 5977/BCT-TTTN năm 2017 điều hành kinh doanh xăng dầu do Bộ Công thương ban hành
[2026-04-21 11:02:07] DEBUG_SAMPLE_HREF=https://thuvienphapluat.vn/cong-van/Thuong-mai/Quyet-dinh-5977-QD-BCT-2017-dieu-hanh-kinh-doanh-xang-dau-354025.aspx
[2026-04-21 11:02:07] DEBUG_SAMPLE_TITLE=Lược đồ
[2026-04-21 11:02:07] DEBUG_SAMPLE_HREF=https://thuvienphapluat.vn/cong-van/Thuong-mai/Quyet-dinh-5977-QD-BCT-2017-dieu-hanh-kinh-doanh-xang-dau-354025.aspx?tab=3
[2026-04-21 11:02:07] DEBUG_SAMPLE_TITLE=Tải về
[2026-04-21 11:02:07] DEBUG_SAMPLE_HREF=https://thuvienphapluat.vn/cong-van/Thuong-mai/Quyet-dinh-5977-QD-BCT-2017-dieu-hanh-kinh-doanh-xang-dau-354025.aspx?tab=7
[2026-04-21 11:02:07] DEBUG_SAMPLE_TITLE=Công văn 2815/TCT-DNL năm 2024 về doanh thu tính thuế của ADI với tư cách là nhà điều hành nền tảng theo Thông tư 80/2021/TT-BTC do Tổng cục Thuế ban hành
[2026-04-21 11:02:07] DEBUG_SAMPLE_HREF=https://thuvienphapluat.vn/cong-van/Doanh-nghiep/Cong-van-2815-TCT-DNL-2024-doanh-thu-tinh-thue-cua-ADI-voi-tu-cach-la-nha-dieu-hanh-nen-tang-615694.aspx
[2026-04-21 11:02:07] DEBUG_SAMPLE_TITLE=Văn bản gốc
[2026-04-21 11:02:07] DEBUG_SAMPLE_HREF=https://thuvienphapluat.vn/cong-van/Doanh-nghiep/Cong-van-2815-TCT-DNL-2024-doanh-thu-tinh-thue-cua-ADI-voi-tu-cach-la-nha-dieu-hanh-nen-tang-615694.aspx?tab=2
[2026-04-21 11:02:07] DEBUG_SAMPLE_TITLE=Lược đồ
[2026-04-21 11:02:07] DEBUG_SAMPLE_HREF=https://thuvienphapluat.vn/cong-van/Doanh-nghiep/Cong-van-2815-TCT-DNL-2024-doanh-thu-tinh-thue-cua-ADI-voi-tu-cach-la-nha-dieu-hanh-nen-tang-615694.aspx?tab=3
[2026-04-21 11:02:07] DEBUG_SAMPLE_TITLE=Tải về
[2026-04-21 11:02:07] DEBUG_SAMPLE_HREF=https://thuvienphapluat.vn/cong-van/Doanh-nghiep/Cong-van-2815-TCT-DNL-2024-doanh-thu-tinh-thue-cua-ADI-voi-tu-cach-la-nha-dieu-hanh-nen-tang-615694.aspx?tab=7
[2026-04-21 11:02:07] DEBUG_SAMPLE_TITLE=Công văn 5430/BCT-TTTN năm 2017 điều hành kinh doanh xăng dầu do Bộ Công thương ban hành
[2026-04-21 11:02:07] DEBUG_SAMPLE_HREF=https://thuvienphapluat.vn/cong-van/Thuong-mai/Cong-van-5430-BCT-TTTN-2017-dieu-hanh-kinh-doanh-xang-dau-352523.aspx
[2026-04-21 11:02:07] DEBUG_SAMPLE_TITLE=Văn bản gốc
[2026-04-21 11:02:07] DEBUG_SAMPLE_HREF=https://thuvienphapluat.vn/cong-van/Thuong-mai/Cong-van-5430-BCT-TTTN-2017-dieu-hanh-kinh-doanh-xang-dau-352523.aspx?tab=2
[2026-04-21 11:02:07] DEBUG_SAMPLE_TITLE=Lược đồ
[2026-04-21 11:02:07] DEBUG_SAMPLE_HREF=https://thuvienphapluat.vn/cong-van/Thuong-mai/Cong-van-5430-BCT-TTTN-2017-dieu-hanh-kinh-doanh-xang-dau-352523.aspx?tab=3
[2026-04-21 11:02:07] DISCOVERY: found 13 docs on page 17
[2026-04-21 11:02:07] DISCOVERY: page=18
[2026-04-21 11:02:07] DISCOVERY: url=https://thuvienphapluat.vn/page/tim-van-ban.aspx?keyword=%C4%91i%E1%BB%81u+h%C3%A0nh&area=0&type=3&status=0&lan=1&org=0&signer=0&match=True&sort=1&bdate=20%2F04%2F1946&edate=21%2F04%2F2026&page=18
[2026-04-21 11:02:15] PAGE_TITLE=Tra cứu Công Văn điều hành
[2026-04-21 11:02:15] BODY_PREVIEW=THƯ VIỆN PHÁP LUẬT | Trang Thông tin điện tử tổng hợp | ...loại rủi ro pháp lý, nắm cơ hội làm giàu... | Các gói dịch vụ | Chính sách Pháp luật mới | Pháp Luật | Liên hệ |  Danh mục    | Sơ đồ WebSite   Giới thiệu  Hướng dẫn sử dụng   Rss   Homepage    Widget | Tra cứu Công Văn điều hành | Từ khoá: Số Hiệu, Tiêu đề hoặc Nội dung ngắn gọn của Văn Bản...(Lưu ý khi tìm kiếm) | Tìm trong: Tất cả Tiêu đề văn bản Số hiệu văn
[2026-04-21 11:02:15] SAVED_SEARCH_HTML=D:\Do an DS108\data\raw\search_pages\page_018.html
[2026-04-21 11:02:15] PAGE_STATUS=ok
[2026-04-21 11:02:15] DEBUG: total_a=284
[2026-04-21 11:02:15] DEBUG: cong_van_a=76
[2026-04-21 11:02:15] DEBUG_SAMPLE_TITLE=Công văn 11674/BCT-TTTN năm 2016 về điều hành kinh doanh xăng dầu do Bộ Công thương ban hành
[2026-04-21 11:02:15] DEBUG_SAMPLE_HREF=https://thuvienphapluat.vn/cong-van/Thuong-mai/Cong-van-11674-BCT-TTTN-dieu-hanh-kinh-doanh-xang-dau-2016-332859.aspx
[2026-04-21 11:02:15] DEBUG_SAMPLE_TITLE=Văn bản gốc
[2026-04-21 11:02:15] DEBUG_SAMPLE_HREF=https://thuvienphapluat.vn/cong-van/Thuong-mai/Cong-van-11674-BCT-TTTN-dieu-hanh-kinh-doanh-xang-dau-2016-332859.aspx?tab=2
[2026-04-21 11:02:15] DEBUG_SAMPLE_TITLE=Lược đồ
[2026-04-21 11:02:15] DEBUG_SAMPLE_HREF=https://thuvienphapluat.vn/cong-van/Thuong-mai/Cong-van-11674-BCT-TTTN-dieu-hanh-kinh-doanh-xang-dau-2016-332859.aspx?tab=3
[2026-04-21 11:02:15] DEBUG_SAMPLE_TITLE=Tải về
[2026-04-21 11:02:15] DEBUG_SAMPLE_HREF=https://thuvienphapluat.vn/cong-van/Thuong-mai/Cong-van-11674-BCT-TTTN-dieu-hanh-kinh-doanh-xang-dau-2016-332859.aspx?tab=7
[2026-04-21 11:02:15] DEBUG_SAMPLE_TITLE=Công văn 8299/BTC-NSNN về đẩy mạnh thực hiện giải pháp điều hành thực hiện nhiệm vụ tài chính - ngân sách địa phương những tháng cuối năm 2020 do Bộ Tài chính ban hành
[2026-04-21 11:02:15] DEBUG_SAMPLE_HREF=https://thuvienphapluat.vn/cong-van/Tai-chinh-nha-nuoc/Cong-van-8299-BTC-NSNN-2020-thuc-hien-nhiem-vu-tai-chinh-dia-phuong-nhung-thang-cuoi-nam-447536.aspx
[2026-04-21 11:02:15] DEBUG_SAMPLE_TITLE=Văn bản gốc
[2026-04-21 11:02:15] DEBUG_SAMPLE_HREF=https://thuvienphapluat.vn/cong-van/Tai-chinh-nha-nuoc/Cong-van-8299-BTC-NSNN-2020-thuc-hien-nhiem-vu-tai-chinh-dia-phuong-nhung-thang-cuoi-nam-447536.aspx?tab=2
[2026-04-21 11:02:15] DEBUG_SAMPLE_TITLE=Lược đồ
[2026-04-21 11:02:15] DEBUG_SAMPLE_HREF=https://thuvienphapluat.vn/cong-van/Tai-chinh-nha-nuoc/Cong-van-8299-BTC-NSNN-2020-thuc-hien-nhiem-vu-tai-chinh-dia-phuong-nhung-thang-cuoi-nam-447536.aspx?tab=3
[2026-04-21 11:02:15] DEBUG_SAMPLE_TITLE=Tải về
[2026-04-21 11:02:15] DEBUG_SAMPLE_HREF=https://thuvienphapluat.vn/cong-van/Tai-chinh-nha-nuoc/Cong-van-8299-BTC-NSNN-2020-thuc-hien-nhiem-vu-tai-chinh-dia-phuong-nhung-thang-cuoi-nam-447536.aspx?tab=7
[2026-04-21 11:02:15] DEBUG_SAMPLE_TITLE=Công văn 11070/BCT-TTTN năm 2016 về điều hành kinh doanh xăng dầu do Bộ Công thương ban hành
[2026-04-21 11:02:15] DEBUG_SAMPLE_HREF=https://thuvienphapluat.vn/cong-van/Thuong-mai/Cong-van-11070-BCT-TTTN-dieu-hanh-kinh-doanh-xang-dau-2016-330517.aspx
[2026-04-21 11:02:15] DEBUG_SAMPLE_TITLE=Văn bản gốc
[2026-04-21 11:02:15] DEBUG_SAMPLE_HREF=https://thuvienphapluat.vn/cong-van/Thuong-mai/Cong-van-11070-BCT-TTTN-dieu-hanh-kinh-doanh-xang-dau-2016-330517.aspx?tab=2
[2026-04-21 11:02:15] DISCOVERY: found 13 docs on page 18
[2026-04-21 11:02:15] DISCOVERY: page=19
[2026-04-21 11:02:15] DISCOVERY: url=https://thuvienphapluat.vn/page/tim-van-ban.aspx?keyword=%C4%91i%E1%BB%81u+h%C3%A0nh&area=0&type=3&status=0&lan=1&org=0&signer=0&match=True&sort=1&bdate=20%2F04%2F1946&edate=21%2F04%2F2026&page=19
[2026-04-21 11:02:23] PAGE_TITLE=Tra cứu Công Văn điều hành
[2026-04-21 11:02:23] BODY_PREVIEW=THƯ VIỆN PHÁP LUẬT | Trang Thông tin điện tử tổng hợp | ...loại rủi ro pháp lý, nắm cơ hội làm giàu... | Các gói dịch vụ | Chính sách Pháp luật mới | Pháp Luật | Liên hệ |  Danh mục    | Sơ đồ WebSite   Giới thiệu  Hướng dẫn sử dụng   Rss   Homepage    Widget | Tra cứu Công Văn điều hành | Từ khoá: Số Hiệu, Tiêu đề hoặc Nội dung ngắn gọn của Văn Bản...(Lưu ý khi tìm kiếm) | Tìm trong: Tất cả Tiêu đề văn bản Số hiệu văn
[2026-04-21 11:02:23] SAVED_SEARCH_HTML=D:\Do an DS108\data\raw\search_pages\page_019.html
[2026-04-21 11:02:23] PAGE_STATUS=ok
[2026-04-21 11:02:23] DEBUG: total_a=282
[2026-04-21 11:02:23] DEBUG: cong_van_a=75
[2026-04-21 11:02:23] DEBUG_SAMPLE_TITLE=Công văn 4353/BCT-TTTN năm 2016 về điều hành kinh doanh xăng dầu do Bộ Công Thương ban hành
[2026-04-21 11:02:23] DEBUG_SAMPLE_HREF=https://thuvienphapluat.vn/cong-van/Thuong-mai/Cong-van-4353-BCT-TTTN-dieu-hanh-kinh-doanh-xang-dau-2016-311884.aspx
[2026-04-21 11:02:23] DEBUG_SAMPLE_TITLE=Văn bản gốc
[2026-04-21 11:02:23] DEBUG_SAMPLE_HREF=https://thuvienphapluat.vn/cong-van/Thuong-mai/Cong-van-4353-BCT-TTTN-dieu-hanh-kinh-doanh-xang-dau-2016-311884.aspx?tab=2
[2026-04-21 11:02:23] DEBUG_SAMPLE_TITLE=Lược đồ
[2026-04-21 11:02:23] DEBUG_SAMPLE_HREF=https://thuvienphapluat.vn/cong-van/Thuong-mai/Cong-van-4353-BCT-TTTN-dieu-hanh-kinh-doanh-xang-dau-2016-311884.aspx?tab=3
[2026-04-21 11:02:23] DEBUG_SAMPLE_TITLE=Tải về
[2026-04-21 11:02:23] DEBUG_SAMPLE_HREF=https://thuvienphapluat.vn/cong-van/Thuong-mai/Cong-van-4353-BCT-TTTN-dieu-hanh-kinh-doanh-xang-dau-2016-311884.aspx?tab=7
[2026-04-21 11:02:23] DEBUG_SAMPLE_TITLE=Công văn 11534/BTC-QLG điều hành kinh doanh xăng dầu do Bộ Tài chính ban hành
[2026-04-21 11:02:23] DEBUG_SAMPLE_HREF=https://thuvienphapluat.vn/cong-van/Thuong-mai/Cong-van-11534-BTC-QLG-dieu-hanh-kinh-doanh-xang-dau-146670.aspx
[2026-04-21 11:02:23] DEBUG_SAMPLE_TITLE=Lược đồ
[2026-04-21 11:02:23] DEBUG_SAMPLE_HREF=https://thuvienphapluat.vn/cong-van/Thuong-mai/Cong-van-11534-BTC-QLG-dieu-hanh-kinh-doanh-xang-dau-146670.aspx?tab=3
[2026-04-21 11:02:23] DEBUG_SAMPLE_TITLE=Tải về
[2026-04-21 11:02:23] DEBUG_SAMPLE_HREF=https://thuvienphapluat.vn/cong-van/Thuong-mai/Cong-van-11534-BTC-QLG-dieu-hanh-kinh-doanh-xang-dau-146670.aspx?tab=7
[2026-04-21 11:02:23] DEBUG_SAMPLE_TITLE=Công văn 3835/BCT-TTTN năm 2016 về điều hành kinh doanh xăng dầu do Bộ Công Thương ban hành
[2026-04-21 11:02:23] DEBUG_SAMPLE_HREF=https://thuvienphapluat.vn/cong-van/Thuong-mai/Cong-van-3835-BCT-TTTN-dieu-hanh-kinh-doanh-xang-dau-2016-310391.aspx
[2026-04-21 11:02:23] DEBUG_SAMPLE_TITLE=Văn bản gốc
[2026-04-21 11:02:23] DEBUG_SAMPLE_HREF=https://thuvienphapluat.vn/cong-van/Thuong-mai/Cong-van-3835-BCT-TTTN-dieu-hanh-kinh-doanh-xang-dau-2016-310391.aspx?tab=2
[2026-04-21 11:02:23] DEBUG_SAMPLE_TITLE=Lược đồ
[2026-04-21 11:02:23] DEBUG_SAMPLE_HREF=https://thuvienphapluat.vn/cong-van/Thuong-mai/Cong-van-3835-BCT-TTTN-dieu-hanh-kinh-doanh-xang-dau-2016-310391.aspx?tab=3
[2026-04-21 11:02:23] DISCOVERY: found 10 docs on page 19
[2026-04-21 11:02:23] DISCOVERY: page=20
[2026-04-21 11:02:23] DISCOVERY: url=https://thuvienphapluat.vn/page/tim-van-ban.aspx?keyword=%C4%91i%E1%BB%81u+h%C3%A0nh&area=0&type=3&status=0&lan=1&org=0&signer=0&match=True&sort=1&bdate=20%2F04%2F1946&edate=21%2F04%2F2026&page=20
[2026-04-21 11:02:28] PAGE_TITLE=THƯ VIỆN PHÁP LUẬT _ Tra cứu, Nắm bắt Pháp Luật Việt Nam
[2026-04-21 11:02:28] BODY_PREVIEW=THƯ VIỆN PHÁP LUẬT | Trang Thông tin điện tử tổng hợp | ...loại rủi ro pháp lý, nắm cơ hội làm giàu... | Các gói dịch vụ | Chính sách Pháp luật mới | Pháp Luật | Liên hệ |  Danh mục    | Sơ đồ WebSite   Giới thiệu  Hướng dẫn sử dụng   Rss   Homepage    Widget | TRA CỨU NHANH | Thời điểm Áp dụng | Tình trạng Hiệu lực | Lĩnh vực, Ngành | Thời gian Ban hành | THỐNG KÊ | 1. Văn bản pháp luật (416869) | 2. Văn bản tiếng anh (17125) | 3
[2026-04-21 11:02:28] SAVED_SEARCH_HTML=D:\Do an DS108\data\raw\search_pages\page_020.html
[2026-04-21 11:02:28] PAGE_STATUS=blocked
[2026-04-21 11:02:28] DISCOVERY WARNING: blocked/captcha detected. Please solve it in Chrome, then rerun.
[2026-04-21 11:02:28] PAGE_AUDIT_SAVED=D:\Do an DS108\data\raw\search_pages\page_audit.csv
[2026-04-21 11:02:28] DISCOVERY DONE: total=293 docs
[2026-04-21 11:03:36] FETCH STATUS: 200 | https://thuvienphapluat.vn/cong-van/Thuong-mai/Cong-van-2642-BCT-TTTN-2026-thong-bao-dieu-hanh-gia-ban-xang-dau-701937.aspx
[2026-04-21 11:03:36] FETCH OK: https://thuvienphapluat.vn/cong-van/Thuong-mai/Cong-van-2642-BCT-TTTN-2026-thong-bao-dieu-hanh-gia-ban-xang-dau-701937.aspx
[2026-04-21 11:03:37] FETCH STATUS: 200 | https://thuvienphapluat.vn/cong-van/Thuong-mai/Cong-van-2455-BCT-TTTN-2026-thong-bao-dieu-hanh-gia-ban-xang-dau-700786.aspx
[2026-04-21 11:03:37] FETCH OK: https://thuvienphapluat.vn/cong-van/Thuong-mai/Cong-van-2455-BCT-TTTN-2026-thong-bao-dieu-hanh-gia-ban-xang-dau-700786.aspx
[2026-04-21 11:03:38] FETCH STATUS: 200 | https://thuvienphapluat.vn/cong-van/Thuong-mai/Cong-van-2428-BCT-TTTN-2026-thong-bao-dieu-hanh-gia-ban-xang-dau-700615.aspx
[2026-04-21 11:03:38] FETCH OK: https://thuvienphapluat.vn/cong-van/Thuong-mai/Cong-van-2428-BCT-TTTN-2026-thong-bao-dieu-hanh-gia-ban-xang-dau-700615.aspx
[2026-04-21 11:03:39] FETCH STATUS: 200 | https://thuvienphapluat.vn/cong-van/Thuong-mai/Cong-van-1440-BCT-TTTN-2026-dieu-hanh-kinh-doanh-xang-dau-696732.aspx
[2026-04-21 11:03:39] FETCH OK: https://thuvienphapluat.vn/cong-van/Thuong-mai/Cong-van-1440-BCT-TTTN-2026-dieu-hanh-kinh-doanh-xang-dau-696732.aspx
[2026-04-21 11:03:41] FETCH STATUS: 200 | https://thuvienphapluat.vn/cong-van/Thuong-mai/Cong-van-1358-BCT-TTTN-2026-dieu-hanh-kinh-doanh-xang-dau-696497.aspx
[2026-04-21 11:03:41] FETCH OK: https://thuvienphapluat.vn/cong-van/Thuong-mai/Cong-van-1358-BCT-TTTN-2026-dieu-hanh-kinh-doanh-xang-dau-696497.aspx
[2026-04-21 11:03:42] FETCH STATUS: 200 | https://thuvienphapluat.vn/cong-van/Thuong-mai/Cong-van-1162-BCT-TTTN-2026-dieu-hanh-kinh-doanh-xang-dau-695697.aspx
[2026-04-21 11:03:42] FETCH OK: https://thuvienphapluat.vn/cong-van/Thuong-mai/Cong-van-1162-BCT-TTTN-2026-dieu-hanh-kinh-doanh-xang-dau-695697.aspx
[2026-04-21 11:03:43] FETCH STATUS: 200 | https://thuvienphapluat.vn/cong-van/Thuong-mai/Cong-van-1091-BCT-TTTN-2026-dieu-hanh-kinh-doanh-xang-dau-695095.aspx
[2026-04-21 11:03:43] FETCH OK: https://thuvienphapluat.vn/cong-van/Thuong-mai/Cong-van-1091-BCT-TTTN-2026-dieu-hanh-kinh-doanh-xang-dau-695095.aspx
[2026-04-21 11:03:44] FETCH STATUS: 200 | https://thuvienphapluat.vn/cong-van/Thuong-mai/Cong-van-971-BCT-TTTN-2026-dieu-hanh-kinh-doanh-xang-dau-694811.aspx
[2026-04-21 11:03:44] FETCH OK: https://thuvienphapluat.vn/cong-van/Thuong-mai/Cong-van-971-BCT-TTTN-2026-dieu-hanh-kinh-doanh-xang-dau-694811.aspx
[2026-04-21 11:03:45] FETCH STATUS: 200 | https://thuvienphapluat.vn/cong-van/Thuong-mai/Cong-van-797-BCT-TTTN-2026-dieu-hanh-kinh-doanh-xang-dau-693927.aspx
[2026-04-21 11:03:45] FETCH OK: https://thuvienphapluat.vn/cong-van/Thuong-mai/Cong-van-797-BCT-TTTN-2026-dieu-hanh-kinh-doanh-xang-dau-693927.aspx
[2026-04-21 11:03:47] FETCH STATUS: 200 | https://thuvienphapluat.vn/cong-van/Thuong-mai/Cong-van-619-BCT-TTTN-2026-dieu-hanh-kinh-doanh-xang-dau-692813.aspx
[2026-04-21 11:03:47] FETCH OK: https://thuvienphapluat.vn/cong-van/Thuong-mai/Cong-van-619-BCT-TTTN-2026-dieu-hanh-kinh-doanh-xang-dau-692813.aspx
[2026-04-21 11:03:48] FETCH STATUS: 200 | https://thuvienphapluat.vn/cong-van/Thuong-mai/Cong-van-464-BCT-TTTN-2026-kinh-doanh-xang-dau-690741.aspx
[2026-04-21 11:03:48] FETCH OK: https://thuvienphapluat.vn/cong-van/Thuong-mai/Cong-van-464-BCT-TTTN-2026-kinh-doanh-xang-dau-690741.aspx
[2026-04-21 11:03:49] FETCH STATUS: 200 | https://thuvienphapluat.vn/cong-van/Thuong-mai/Cong-van-83-BCT-TTTN-2026-kinh-doanh-xang-dau-688549.aspx
[2026-04-21 11:03:49] FETCH OK: https://thuvienphapluat.vn/cong-van/Thuong-mai/Cong-van-83-BCT-TTTN-2026-kinh-doanh-xang-dau-688549.aspx
[2026-04-21 11:03:50] FETCH STATUS: 200 | https://thuvienphapluat.vn/cong-van/Thuong-mai/Cong-van-10376-BCT-TTTN-2025-dieu-hanh-kinh-doanh-xang-dau-687404.aspx
[2026-04-21 11:03:50] FETCH OK: https://thuvienphapluat.vn/cong-van/Thuong-mai/Cong-van-10376-BCT-TTTN-2025-dieu-hanh-kinh-doanh-xang-dau-687404.aspx
[2026-04-21 11:03:51] FETCH STATUS: 200 | https://thuvienphapluat.vn/cong-van/Thuong-mai/Cong-van-10210-BCT-TTTN-2025-dieu-hanh-kinh-doanh-xang-dau-686382.aspx
[2026-04-21 11:03:51] FETCH OK: https://thuvienphapluat.vn/cong-van/Thuong-mai/Cong-van-10210-BCT-TTTN-2025-dieu-hanh-kinh-doanh-xang-dau-686382.aspx
[2026-04-21 11:03:53] FETCH STATUS: 200 | https://thuvienphapluat.vn/cong-van/Thuong-mai/Cong-van-9988-BCT-TTTN-2025-dieu-hanh-kinh-doanh-xang-dau-685060.aspx
[2026-04-21 11:03:53] FETCH OK: https://thuvienphapluat.vn/cong-van/Thuong-mai/Cong-van-9988-BCT-TTTN-2025-dieu-hanh-kinh-doanh-xang-dau-685060.aspx
[2026-04-21 11:03:54] FETCH STATUS: 200 | https://thuvienphapluat.vn/cong-van/Thuong-mai/Cong-van-9817-BCT-TTTN-2025-dieu-hanh-kinh-doanh-xang-dau-684156.aspx
[2026-04-21 11:03:54] FETCH OK: https://thuvienphapluat.vn/cong-van/Thuong-mai/Cong-van-9817-BCT-TTTN-2025-dieu-hanh-kinh-doanh-xang-dau-684156.aspx
[2026-04-21 11:03:55] FETCH STATUS: 200 | https://thuvienphapluat.vn/cong-van/Thuong-mai/Cong-van-9634-BCT-TTTN-2025-dieu-hanh-kinh-doanh-xang-dau-682926.aspx
[2026-04-21 11:03:55] FETCH OK: https://thuvienphapluat.vn/cong-van/Thuong-mai/Cong-van-9634-BCT-TTTN-2025-dieu-hanh-kinh-doanh-xang-dau-682926.aspx
[2026-04-21 11:03:56] FETCH STATUS: 200 | https://thuvienphapluat.vn/cong-van/Thuong-mai/Cong-van-9398-BCT-TTTN-2025-dieu-hanh-kinh-doanh-xang-dau-682957.aspx
[2026-04-21 11:03:56] FETCH OK: https://thuvienphapluat.vn/cong-van/Thuong-mai/Cong-van-9398-BCT-TTTN-2025-dieu-hanh-kinh-doanh-xang-dau-682957.aspx
[2026-04-21 11:03:57] FETCH STATUS: 200 | https://thuvienphapluat.vn/cong-van/Thuong-mai/Cong-van-9162-BCT-TTTN-2025-dieu-hanh-kinh-doanh-xang-dau-681580.aspx
[2026-04-21 11:03:57] FETCH OK: https://thuvienphapluat.vn/cong-van/Thuong-mai/Cong-van-9162-BCT-TTTN-2025-dieu-hanh-kinh-doanh-xang-dau-681580.aspx
[2026-04-21 11:03:58] FETCH STATUS: 200 | https://thuvienphapluat.vn/cong-van/Thuong-mai/Cong-van-8955-BCT-TTTN-2025-kinh-doanh-xang-dau-680559.aspx
[2026-04-21 11:03:58] FETCH OK: https://thuvienphapluat.vn/cong-van/Thuong-mai/Cong-van-8955-BCT-TTTN-2025-kinh-doanh-xang-dau-680559.aspx
[2026-04-21 11:04:00] FETCH STATUS: 200 | https://thuvienphapluat.vn/cong-van/Tai-nguyen-Moi-truong/Cong-van-8728-BCT-TTTN-2025-dieu-hanh-kinh-doanh-xang-dau-679859.aspx
[2026-04-21 11:04:00] FETCH OK: https://thuvienphapluat.vn/cong-van/Tai-nguyen-Moi-truong/Cong-van-8728-BCT-TTTN-2025-dieu-hanh-kinh-doanh-xang-dau-679859.aspx
[2026-04-21 11:04:01] FETCH STATUS: 200 | https://thuvienphapluat.vn/cong-van/Tai-nguyen-Moi-truong/Cong-van-8493-BCT-TTTN-2025-dieu-hanh-kinh-doanh-xang-dau-679166.aspx
[2026-04-21 11:04:01] FETCH OK: https://thuvienphapluat.vn/cong-van/Tai-nguyen-Moi-truong/Cong-van-8493-BCT-TTTN-2025-dieu-hanh-kinh-doanh-xang-dau-679166.aspx
[2026-04-21 11:04:02] FETCH STATUS: 200 | https://thuvienphapluat.vn/cong-van/Tai-nguyen-Moi-truong/Cong-van-8033-BCT-TTTN-2025-dieu-hanh-kinh-doanh-xang-dau-677182.aspx
[2026-04-21 11:04:02] FETCH OK: https://thuvienphapluat.vn/cong-van/Tai-nguyen-Moi-truong/Cong-van-8033-BCT-TTTN-2025-dieu-hanh-kinh-doanh-xang-dau-677182.aspx
[2026-04-21 11:04:03] FETCH STATUS: 200 | https://thuvienphapluat.vn/cong-van/Thuong-mai/Cong-van-7823-BCT-TTTN-2025-kinh-doanh-xang-dau-676161.aspx
[2026-04-21 11:04:03] FETCH OK: https://thuvienphapluat.vn/cong-van/Thuong-mai/Cong-van-7823-BCT-TTTN-2025-kinh-doanh-xang-dau-676161.aspx
[2026-04-21 11:04:04] FETCH STATUS: 200 | https://thuvienphapluat.vn/cong-van/Thuong-mai/Cong-van-7538-BCT-TTTN-2025-kinh-doanh-xang-dau-675247.aspx
[2026-04-21 11:04:04] FETCH OK: https://thuvienphapluat.vn/cong-van/Thuong-mai/Cong-van-7538-BCT-TTTN-2025-kinh-doanh-xang-dau-675247.aspx
[2026-04-21 11:04:05] FETCH STATUS: 200 | https://thuvienphapluat.vn/cong-van/Thuong-mai/Cong-van-7336-BCT-TTTN-2025-dieu-hanh-kinh-doanh-xang-dau-674140.aspx
[2026-04-21 11:04:06] FETCH OK: https://thuvienphapluat.vn/cong-van/Thuong-mai/Cong-van-7336-BCT-TTTN-2025-dieu-hanh-kinh-doanh-xang-dau-674140.aspx
[2026-04-21 11:04:07] FETCH STATUS: 200 | https://thuvienphapluat.vn/cong-van/Thuong-mai/Cong-van-7068-BCT-TTTN-2025-dieu-hanh-kinh-doanh-xang-dau-673172.aspx
[2026-04-21 11:04:07] FETCH OK: https://thuvienphapluat.vn/cong-van/Thuong-mai/Cong-van-7068-BCT-TTTN-2025-dieu-hanh-kinh-doanh-xang-dau-673172.aspx
[2026-04-21 11:04:08] FETCH STATUS: 200 | https://thuvienphapluat.vn/cong-van/Thuong-mai/Cong-van-6869-BCT-TTTN-2025-dieu-hanh-kinh-doanh-xang-dau-672365.aspx
[2026-04-21 11:04:08] FETCH OK: https://thuvienphapluat.vn/cong-van/Thuong-mai/Cong-van-6869-BCT-TTTN-2025-dieu-hanh-kinh-doanh-xang-dau-672365.aspx
[2026-04-21 11:04:09] FETCH STATUS: 200 | https://thuvienphapluat.vn/cong-van/Tai-nguyen-Moi-truong/Cong-van-6652-BCT-TTTN-2025-dieu-hanh-kinh-doanh-xang-dau-671492.aspx
[2026-04-21 11:04:09] FETCH OK: https://thuvienphapluat.vn/cong-van/Tai-nguyen-Moi-truong/Cong-van-6652-BCT-TTTN-2025-dieu-hanh-kinh-doanh-xang-dau-671492.aspx
[2026-04-21 11:04:10] FETCH STATUS: 200 | https://thuvienphapluat.vn/cong-van/Thuong-mai/Cong-van-6495-BCT-TTTN-2025-dieu-hanh-kinh-doanh-xang-dau-670907.aspx
[2026-04-21 11:04:10] FETCH OK: https://thuvienphapluat.vn/cong-van/Thuong-mai/Cong-van-6495-BCT-TTTN-2025-dieu-hanh-kinh-doanh-xang-dau-670907.aspx
[2026-04-21 11:04:12] FETCH STATUS: 200 | https://thuvienphapluat.vn/cong-van/Tai-nguyen-Moi-truong/Cong-van-6269-BCT-TTTN-2025-dieu-hanh-kinh-doanh-xang-dau-670097.aspx
[2026-04-21 11:04:12] FETCH OK: https://thuvienphapluat.vn/cong-van/Tai-nguyen-Moi-truong/Cong-van-6269-BCT-TTTN-2025-dieu-hanh-kinh-doanh-xang-dau-670097.aspx
[2026-04-21 11:04:13] FETCH STATUS: 200 | https://thuvienphapluat.vn/cong-van/Thuong-mai/Cong-van-6042-BCT-TTTN-2025-dieu-hanh-kinh-doanh-xang-dau-669217.aspx
[2026-04-21 11:04:13] FETCH OK: https://thuvienphapluat.vn/cong-van/Thuong-mai/Cong-van-6042-BCT-TTTN-2025-dieu-hanh-kinh-doanh-xang-dau-669217.aspx
[2026-04-21 11:04:14] FETCH STATUS: 200 | https://thuvienphapluat.vn/cong-van/Thuong-mai/Cong-van-5891-BCT-TTTN-2025-dieu-hanh-kinh-doanh-xang-dau-668376.aspx
[2026-04-21 11:04:14] FETCH OK: https://thuvienphapluat.vn/cong-van/Thuong-mai/Cong-van-5891-BCT-TTTN-2025-dieu-hanh-kinh-doanh-xang-dau-668376.aspx
[2026-04-21 11:04:15] FETCH STATUS: 200 | https://thuvienphapluat.vn/cong-van/Thuong-mai/Cong-van-5664-BCT-TTTN-2025-dieu-hanh-kinh-doanh-xang-dau-667381.aspx
[2026-04-21 11:04:15] FETCH OK: https://thuvienphapluat.vn/cong-van/Thuong-mai/Cong-van-5664-BCT-TTTN-2025-dieu-hanh-kinh-doanh-xang-dau-667381.aspx
[2026-04-21 11:04:16] FETCH STATUS: 200 | https://thuvienphapluat.vn/cong-van/Thuong-mai/Cong-van-5515-BCT-TTTN-2025-dieu-hanh-kinh-doanh-xang-dau-666441.aspx
[2026-04-21 11:04:16] FETCH OK: https://thuvienphapluat.vn/cong-van/Thuong-mai/Cong-van-5515-BCT-TTTN-2025-dieu-hanh-kinh-doanh-xang-dau-666441.aspx
[2026-04-21 11:04:18] FETCH STATUS: 200 | https://thuvienphapluat.vn/cong-van/Thuong-mai/Cong-van-5285-BCT-TTTN-2025-dieu-hanh-kinh-doanh-xang-dau-665388.aspx
[2026-04-21 11:04:18] FETCH OK: https://thuvienphapluat.vn/cong-van/Thuong-mai/Cong-van-5285-BCT-TTTN-2025-dieu-hanh-kinh-doanh-xang-dau-665388.aspx
[2026-04-21 11:04:19] FETCH STATUS: 200 | https://thuvienphapluat.vn/cong-van/Thuong-mai/Cong-van-5121-BCT-TTTN-2025-dieu-hanh-kinh-doanh-xang-dau-664471.aspx
[2026-04-21 11:04:19] FETCH OK: https://thuvienphapluat.vn/cong-van/Thuong-mai/Cong-van-5121-BCT-TTTN-2025-dieu-hanh-kinh-doanh-xang-dau-664471.aspx
[2026-04-21 11:04:20] FETCH STATUS: 403 | https://thuvienphapluat.vn/cong-van/Thuong-mai/Cong-van-4904-BCT-TTTN-2025-dieu-hanh-kinh-doanh-xang-dau-663531.aspx
[2026-04-21 11:04:21] FETCH STATUS: 200 | https://thuvienphapluat.vn/cong-van/Thuong-mai/Cong-van-4684-BCT-TTTN-2025-dieu-hanh-kinh-doanh-xang-dau-662580.aspx
[2026-04-21 11:04:21] FETCH OK: https://thuvienphapluat.vn/cong-van/Thuong-mai/Cong-van-4684-BCT-TTTN-2025-dieu-hanh-kinh-doanh-xang-dau-662580.aspx
[2026-04-21 11:04:22] FETCH STATUS: 200 | https://thuvienphapluat.vn/cong-van/Thuong-mai/Cong-van-4443-BCT-TTTN-2025-dieu-hanh-kinh-doanh-xang-dau-661558.aspx
[2026-04-21 11:04:22] FETCH OK: https://thuvienphapluat.vn/cong-van/Thuong-mai/Cong-van-4443-BCT-TTTN-2025-dieu-hanh-kinh-doanh-xang-dau-661558.aspx
[2026-04-21 11:04:23] FETCH STATUS: 200 | https://thuvienphapluat.vn/cong-van/Thuong-mai/Cong-van-4217-BCT-TTTN-2025-dieu-hanh-kinh-doanh-xang-dau-660593.aspx
[2026-04-21 11:04:23] FETCH OK: https://thuvienphapluat.vn/cong-van/Thuong-mai/Cong-van-4217-BCT-TTTN-2025-dieu-hanh-kinh-doanh-xang-dau-660593.aspx
[2026-04-21 11:04:24] FETCH STATUS: 200 | https://thuvienphapluat.vn/cong-van/Tai-nguyen-Moi-truong/Cong-van-4069-BCT-TTTN-2025-dieu-hanh-kinh-doanh-xang-dau-659769.aspx
[2026-04-21 11:04:25] FETCH OK: https://thuvienphapluat.vn/cong-van/Tai-nguyen-Moi-truong/Cong-van-4069-BCT-TTTN-2025-dieu-hanh-kinh-doanh-xang-dau-659769.aspx
[2026-04-21 11:04:26] FETCH STATUS: 200 | https://thuvienphapluat.vn/cong-van/Thuong-mai/Cong-van-3838-BCT-TTTN-2025-dieu-hanh-kinh-doanh-xang-dau-658787.aspx
[2026-04-21 11:04:26] FETCH OK: https://thuvienphapluat.vn/cong-van/Thuong-mai/Cong-van-3838-BCT-TTTN-2025-dieu-hanh-kinh-doanh-xang-dau-658787.aspx
[2026-04-21 11:04:27] FETCH STATUS: 200 | https://thuvienphapluat.vn/cong-van/Thuong-mai/Cong-van-3669-BCT-TTTN-2025-dieu-hanh-kinh-doanh-xang-dau-657838.aspx
[2026-04-21 11:04:27] FETCH OK: https://thuvienphapluat.vn/cong-van/Thuong-mai/Cong-van-3669-BCT-TTTN-2025-dieu-hanh-kinh-doanh-xang-dau-657838.aspx
[2026-04-21 11:04:28] FETCH STATUS: 200 | https://thuvienphapluat.vn/cong-van/Thuong-mai/Cong-van-3462-BCT-TTTN-2025-dieu-hanh-kinh-doanh-xang-dau-656806.aspx
[2026-04-21 11:04:28] FETCH OK: https://thuvienphapluat.vn/cong-van/Thuong-mai/Cong-van-3462-BCT-TTTN-2025-dieu-hanh-kinh-doanh-xang-dau-656806.aspx
[2026-04-21 11:04:29] FETCH STATUS: 200 | https://thuvienphapluat.vn/cong-van/Thuong-mai/Cong-van-3266-BCT-TTTN-2025-dieu-hanh-kinh-doanh-xang-dau-655900.aspx
[2026-04-21 11:04:29] FETCH OK: https://thuvienphapluat.vn/cong-van/Thuong-mai/Cong-van-3266-BCT-TTTN-2025-dieu-hanh-kinh-doanh-xang-dau-655900.aspx
[2026-04-21 11:04:30] FETCH STATUS: 200 | https://thuvienphapluat.vn/cong-van/Thuong-mai/Cong-van-3159-BCT-TTTN-2025-dieu-hanh-kinh-doanh-xang-dau-655304.aspx
[2026-04-21 11:04:30] FETCH OK: https://thuvienphapluat.vn/cong-van/Thuong-mai/Cong-van-3159-BCT-TTTN-2025-dieu-hanh-kinh-doanh-xang-dau-655304.aspx
[2026-04-21 11:04:31] FETCH STATUS: 200 | https://thuvienphapluat.vn/cong-van/Thuong-mai/Cong-van-2954-BCT-TTTN-2025-dieu-hanh-kinh-doanh-xang-dau-654108.aspx
[2026-04-21 11:04:32] FETCH OK: https://thuvienphapluat.vn/cong-van/Thuong-mai/Cong-van-2954-BCT-TTTN-2025-dieu-hanh-kinh-doanh-xang-dau-654108.aspx
[2026-04-21 11:04:33] FETCH STATUS: 200 | https://thuvienphapluat.vn/cong-van/Thuong-mai/Cong-van-2707-BCT-TTTN-2025-dieu-hanh-kinh-doanh-xang-dau-652158.aspx
[2026-04-21 11:04:33] FETCH OK: https://thuvienphapluat.vn/cong-van/Thuong-mai/Cong-van-2707-BCT-TTTN-2025-dieu-hanh-kinh-doanh-xang-dau-652158.aspx
[2026-04-21 11:04:34] FETCH STATUS: 200 | https://thuvienphapluat.vn/cong-van/Tai-nguyen-Moi-truong/Cong-van-2507-BCT-TTTN-2025-dieu-hanh-kinh-doanh-xang-dau-651065.aspx
[2026-04-21 11:04:34] FETCH OK: https://thuvienphapluat.vn/cong-van/Tai-nguyen-Moi-truong/Cong-van-2507-BCT-TTTN-2025-dieu-hanh-kinh-doanh-xang-dau-651065.aspx
[2026-04-21 11:04:35] FETCH STATUS: 200 | https://thuvienphapluat.vn/cong-van/Tai-nguyen-Moi-truong/Cong-van-2144-BCT-TTTN-2025-dieu-hanh-kinh-doanh-xang-dau-649396.aspx
[2026-04-21 11:04:35] FETCH OK: https://thuvienphapluat.vn/cong-van/Tai-nguyen-Moi-truong/Cong-van-2144-BCT-TTTN-2025-dieu-hanh-kinh-doanh-xang-dau-649396.aspx
[2026-04-21 11:04:36] FETCH STATUS: 200 | https://thuvienphapluat.vn/cong-van/Thuong-mai/Cong-van-1905-BCT-TTTN-2025-dieu-hanh-kinh-doanh-xang-dau-648421.aspx
[2026-04-21 11:04:36] FETCH OK: https://thuvienphapluat.vn/cong-van/Thuong-mai/Cong-van-1905-BCT-TTTN-2025-dieu-hanh-kinh-doanh-xang-dau-648421.aspx
[2026-04-21 11:04:37] FETCH STATUS: 200 | https://thuvienphapluat.vn/cong-van/Thuong-mai/Cong-van-1791-BCT-TTTN-2025-dieu-hanh-kinh-doanh-xang-dau-647009.aspx
[2026-04-21 11:04:37] FETCH OK: https://thuvienphapluat.vn/cong-van/Thuong-mai/Cong-van-1791-BCT-TTTN-2025-dieu-hanh-kinh-doanh-xang-dau-647009.aspx
[2026-04-21 11:04:39] FETCH STATUS: 200 | https://thuvienphapluat.vn/cong-van/Tai-nguyen-Moi-truong/Cong-van-1671-BCT-TTTN-2025-dieu-hanh-kinh-doanh-xang-dau-646103.aspx
[2026-04-21 11:04:39] FETCH OK: https://thuvienphapluat.vn/cong-van/Tai-nguyen-Moi-truong/Cong-van-1671-BCT-TTTN-2025-dieu-hanh-kinh-doanh-xang-dau-646103.aspx
[2026-04-21 11:04:40] FETCH STATUS: 200 | https://thuvienphapluat.vn/cong-van/Tai-nguyen-Moi-truong/Cong-van-1423-BCT-TTTN-2025-dieu-hanh-kinh-doanh-xang-dau-645041.aspx
[2026-04-21 11:04:40] FETCH OK: https://thuvienphapluat.vn/cong-van/Tai-nguyen-Moi-truong/Cong-van-1423-BCT-TTTN-2025-dieu-hanh-kinh-doanh-xang-dau-645041.aspx
[2026-04-21 11:04:41] FETCH STATUS: 200 | https://thuvienphapluat.vn/cong-van/Thuong-mai/Cong-van-1243-BCT-TTTN-2025-dieu-hanh-kinh-doanh-xang-dau-643806.aspx
[2026-04-21 11:04:41] FETCH OK: https://thuvienphapluat.vn/cong-van/Thuong-mai/Cong-van-1243-BCT-TTTN-2025-dieu-hanh-kinh-doanh-xang-dau-643806.aspx
[2026-04-21 11:04:42] FETCH STATUS: 200 | https://thuvienphapluat.vn/cong-van/Thuong-mai/Cong-van-1020-BCT-TTTN-2025-dieu-hanh-kinh-doanh-xang-dau-643141.aspx
[2026-04-21 11:04:42] FETCH OK: https://thuvienphapluat.vn/cong-van/Thuong-mai/Cong-van-1020-BCT-TTTN-2025-dieu-hanh-kinh-doanh-xang-dau-643141.aspx
[2026-04-21 11:04:43] FETCH STATUS: 200 | https://thuvienphapluat.vn/cong-van/Thuong-mai/Cong-van-837-BCT-TTTN-2025-dieu-hanh-kinh-doanh-xang-dau-641987.aspx
[2026-04-21 11:04:43] FETCH OK: https://thuvienphapluat.vn/cong-van/Thuong-mai/Cong-van-837-BCT-TTTN-2025-dieu-hanh-kinh-doanh-xang-dau-641987.aspx
[2026-04-21 11:04:44] FETCH STATUS: 200 | https://thuvienphapluat.vn/cong-van/Thuong-mai/Cong-van-727-BCT-TTTN-2025-dieu-hanh-kinh-doanh-xang-dau-641787.aspx
[2026-04-21 11:04:44] FETCH OK: https://thuvienphapluat.vn/cong-van/Thuong-mai/Cong-van-727-BCT-TTTN-2025-dieu-hanh-kinh-doanh-xang-dau-641787.aspx
[2026-04-21 11:04:46] FETCH STATUS: 200 | https://thuvienphapluat.vn/cong-van/Thuong-mai/Cong-van-610-BCT-TTTN-2025-dieu-hanh-kinh-doanh-xang-dau-641484.aspx
[2026-04-21 11:04:46] FETCH OK: https://thuvienphapluat.vn/cong-van/Thuong-mai/Cong-van-610-BCT-TTTN-2025-dieu-hanh-kinh-doanh-xang-dau-641484.aspx
[2026-04-21 11:04:47] FETCH STATUS: 200 | https://thuvienphapluat.vn/cong-van/Thuong-mai/Cong-van-437-BCT-TTTN-2025-kinh-doanh-xang-dau-640105.aspx
[2026-04-21 11:04:47] FETCH OK: https://thuvienphapluat.vn/cong-van/Thuong-mai/Cong-van-437-BCT-TTTN-2025-kinh-doanh-xang-dau-640105.aspx
[2026-04-21 11:04:48] FETCH STATUS: 200 | https://thuvienphapluat.vn/cong-van/Thuong-mai/Cong-van-10607-BCT-TTTN-2024-dieu-hanh-kinh-doanh-xang-dau-637427.aspx
[2026-04-21 11:04:48] FETCH OK: https://thuvienphapluat.vn/cong-van/Thuong-mai/Cong-van-10607-BCT-TTTN-2024-dieu-hanh-kinh-doanh-xang-dau-637427.aspx
[2026-04-21 11:04:49] FETCH STATUS: 200 | https://thuvienphapluat.vn/cong-van/Tai-nguyen-Moi-truong/Cong-van-10388-BCT-TTTN-2024-dieu-hanh-kinh-doanh-xang-dau-636267.aspx
[2026-04-21 11:04:50] FETCH OK: https://thuvienphapluat.vn/cong-van/Tai-nguyen-Moi-truong/Cong-van-10388-BCT-TTTN-2024-dieu-hanh-kinh-doanh-xang-dau-636267.aspx
[2026-04-21 11:04:51] FETCH STATUS: 200 | https://thuvienphapluat.vn/cong-van/Thuong-mai/Cong-van-9885-BCT-TTTN-2024-dieu-hanh-kinh-doanh-xang-dau-634268.aspx
[2026-04-21 11:04:51] FETCH OK: https://thuvienphapluat.vn/cong-van/Thuong-mai/Cong-van-9885-BCT-TTTN-2024-dieu-hanh-kinh-doanh-xang-dau-634268.aspx
[2026-04-21 11:04:52] FETCH STATUS: 200 | https://thuvienphapluat.vn/cong-van/Thuong-mai/Cong-van-9690-BCT-TTTN-2024-dieu-hanh-kinh-doanh-xang-dau-633319.aspx
[2026-04-21 11:04:52] FETCH OK: https://thuvienphapluat.vn/cong-van/Thuong-mai/Cong-van-9690-BCT-TTTN-2024-dieu-hanh-kinh-doanh-xang-dau-633319.aspx
[2026-04-21 11:04:53] FETCH STATUS: 200 | https://thuvienphapluat.vn/cong-van/Thuong-mai/Cong-van-9460-BCT-TTTN-2024-dieu-hanh-kinh-doanh-xang-dau-632383.aspx
[2026-04-21 11:04:53] FETCH OK: https://thuvienphapluat.vn/cong-van/Thuong-mai/Cong-van-9460-BCT-TTTN-2024-dieu-hanh-kinh-doanh-xang-dau-632383.aspx
[2026-04-21 11:04:54] FETCH STATUS: 200 | https://thuvienphapluat.vn/cong-van/Thuong-mai/Cong-van-9214-BCT-TTTN-2024-dieu-hanh-kinh-doanh-xang-dau-631509.aspx
[2026-04-21 11:04:54] FETCH OK: https://thuvienphapluat.vn/cong-van/Thuong-mai/Cong-van-9214-BCT-TTTN-2024-dieu-hanh-kinh-doanh-xang-dau-631509.aspx
[2026-04-21 11:04:55] FETCH STATUS: 200 | https://thuvienphapluat.vn/cong-van/Thuong-mai/Cong-van-8984-BCT-TTTN-2024-dieu-hanh-kinh-doanh-xang-dau-630660.aspx
[2026-04-21 11:04:55] FETCH OK: https://thuvienphapluat.vn/cong-van/Thuong-mai/Cong-van-8984-BCT-TTTN-2024-dieu-hanh-kinh-doanh-xang-dau-630660.aspx
[2026-04-21 11:04:57] FETCH STATUS: 200 | https://thuvienphapluat.vn/cong-van/Thuong-mai/Cong-van-8729-BCT-TTTN-2024-dieu-hanh-kinh-doanh-xang-dau-629569.aspx
[2026-04-21 11:04:57] FETCH OK: https://thuvienphapluat.vn/cong-van/Thuong-mai/Cong-van-8729-BCT-TTTN-2024-dieu-hanh-kinh-doanh-xang-dau-629569.aspx
[2026-04-21 11:04:58] FETCH STATUS: 200 | https://thuvienphapluat.vn/cong-van/Thuong-mai/Cong-van-8505-BCT-TTTN-2024-dieu-hanh-kinh-doanh-xang-dau-628829.aspx
[2026-04-21 11:04:58] FETCH OK: https://thuvienphapluat.vn/cong-van/Thuong-mai/Cong-van-8505-BCT-TTTN-2024-dieu-hanh-kinh-doanh-xang-dau-628829.aspx
[2026-04-21 11:04:59] FETCH STATUS: 200 | https://thuvienphapluat.vn/cong-van/Thuong-mai/Cong-van-8296-BCT-TTTN-2024-dieu-hanh-kinh-doanh-xang-dau-627935.aspx
[2026-04-21 11:04:59] FETCH OK: https://thuvienphapluat.vn/cong-van/Thuong-mai/Cong-van-8296-BCT-TTTN-2024-dieu-hanh-kinh-doanh-xang-dau-627935.aspx
[2026-04-21 11:05:00] FETCH STATUS: 200 | https://thuvienphapluat.vn/cong-van/Thuong-mai/Cong-van-8066-BCT-TTTN-2024-dieu-hanh-kinh-doanh-xang-dau-627047.aspx
[2026-04-21 11:05:00] FETCH OK: https://thuvienphapluat.vn/cong-van/Thuong-mai/Cong-van-8066-BCT-TTTN-2024-dieu-hanh-kinh-doanh-xang-dau-627047.aspx
[2026-04-21 11:05:01] FETCH STATUS: 200 | https://thuvienphapluat.vn/cong-van/Thuong-mai/Cong-van-7771-BCT-TTTN-2024-dieu-hanh-kinh-doanh-xang-dau-626349.aspx
[2026-04-21 11:05:01] FETCH OK: https://thuvienphapluat.vn/cong-van/Thuong-mai/Cong-van-7771-BCT-TTTN-2024-dieu-hanh-kinh-doanh-xang-dau-626349.aspx
[2026-04-21 11:05:03] FETCH STATUS: 200 | https://thuvienphapluat.vn/cong-van/Thuong-mai/Cong-van-7558-BCT-TTTN-2024-dieu-hanh-kinh-doanh-xang-dau-625661.aspx
[2026-04-21 11:05:03] FETCH OK: https://thuvienphapluat.vn/cong-van/Thuong-mai/Cong-van-7558-BCT-TTTN-2024-dieu-hanh-kinh-doanh-xang-dau-625661.aspx
[2026-04-21 11:05:04] FETCH STATUS: 200 | https://thuvienphapluat.vn/cong-van/Thuong-mai/Cong-van-7281-BCT-TTTN-2024-dieu-hanh-kinh-doanh-xang-dau-624979.aspx
[2026-04-21 11:05:04] FETCH OK: https://thuvienphapluat.vn/cong-van/Thuong-mai/Cong-van-7281-BCT-TTTN-2024-dieu-hanh-kinh-doanh-xang-dau-624979.aspx
[2026-04-21 11:05:05] FETCH STATUS: 200 | https://thuvienphapluat.vn/cong-van/Thuong-mai/Cong-van-6996-BCT-TTTN-2024-dieu-hanh-kinh-doanh-xang-dau-624096.aspx
[2026-04-21 11:05:05] FETCH OK: https://thuvienphapluat.vn/cong-van/Thuong-mai/Cong-van-6996-BCT-TTTN-2024-dieu-hanh-kinh-doanh-xang-dau-624096.aspx
[2026-04-21 11:05:06] FETCH STATUS: 200 | https://thuvienphapluat.vn/cong-van/Thuong-mai/Cong-van-6323-BCT-TTTN-2024-dieu-hanh-kinh-doanh-xang-dau-622040.aspx
[2026-04-21 11:05:06] FETCH OK: https://thuvienphapluat.vn/cong-van/Thuong-mai/Cong-van-6323-BCT-TTTN-2024-dieu-hanh-kinh-doanh-xang-dau-622040.aspx
[2026-04-21 11:05:07] FETCH STATUS: 200 | https://thuvienphapluat.vn/cong-van/Thuong-mai/Cong-van-6040-BCT-TTTN-2024-dieu-hanh-kinh-doanh-xang-dau-621211.aspx
[2026-04-21 11:05:07] FETCH OK: https://thuvienphapluat.vn/cong-van/Thuong-mai/Cong-van-6040-BCT-TTTN-2024-dieu-hanh-kinh-doanh-xang-dau-621211.aspx
[2026-04-21 11:05:08] FETCH STATUS: 200 | https://thuvienphapluat.vn/cong-van/Thuong-mai/Cong-van-5843-BCT-TTTN-2024-dieu-hanh-kinh-doanh-xang-dau-620409.aspx
[2026-04-21 11:05:08] FETCH OK: https://thuvienphapluat.vn/cong-van/Thuong-mai/Cong-van-5843-BCT-TTTN-2024-dieu-hanh-kinh-doanh-xang-dau-620409.aspx
[2026-04-21 11:05:10] FETCH STATUS: 200 | https://thuvienphapluat.vn/cong-van/Thuong-mai/Cong-van-5599-BCT-TTTN-2024-dieu-hanh-kinh-doanh-xang-dau-620406.aspx
[2026-04-21 11:05:10] FETCH OK: https://thuvienphapluat.vn/cong-van/Thuong-mai/Cong-van-5599-BCT-TTTN-2024-dieu-hanh-kinh-doanh-xang-dau-620406.aspx
[2026-04-21 11:05:11] FETCH STATUS: 200 | https://thuvienphapluat.vn/cong-van/Thuong-mai/Cong-van-5345-BCT-TTTN-2024-dieu-hanh-kinh-doanh-xang-dau-618605.aspx
[2026-04-21 11:05:11] FETCH OK: https://thuvienphapluat.vn/cong-van/Thuong-mai/Cong-van-5345-BCT-TTTN-2024-dieu-hanh-kinh-doanh-xang-dau-618605.aspx
[2026-04-21 11:05:12] FETCH STATUS: 200 | https://thuvienphapluat.vn/cong-van/Thuong-mai/Cong-van-5129-BCT-TTTN-2024-quy-dinh-dieu-hanh-kinh-doanh-xang-dau-617656.aspx
[2026-04-21 11:05:12] FETCH OK: https://thuvienphapluat.vn/cong-van/Thuong-mai/Cong-van-5129-BCT-TTTN-2024-quy-dinh-dieu-hanh-kinh-doanh-xang-dau-617656.aspx
[2026-04-21 11:05:13] FETCH STATUS: 200 | https://thuvienphapluat.vn/cong-van/Thuong-mai/Cong-van-4896-BCT-TTTN-2024-dieu-hanh-kinh-doanh-xang-dau-616779.aspx
[2026-04-21 11:05:13] FETCH OK: https://thuvienphapluat.vn/cong-van/Thuong-mai/Cong-van-4896-BCT-TTTN-2024-dieu-hanh-kinh-doanh-xang-dau-616779.aspx
[2026-04-21 11:05:14] FETCH STATUS: 200 | https://thuvienphapluat.vn/cong-van/Thuong-mai/Cong-van-4662-BCT-TTTN-2024-quy-dinh-dieu-hanh-kinh-doanh-xang-dau-615930.aspx
[2026-04-21 11:05:14] FETCH OK: https://thuvienphapluat.vn/cong-van/Thuong-mai/Cong-van-4662-BCT-TTTN-2024-quy-dinh-dieu-hanh-kinh-doanh-xang-dau-615930.aspx
[2026-04-21 11:05:15] FETCH STATUS: 200 | https://thuvienphapluat.vn/cong-van/Thuong-mai/Cong-van-4477-BCT-TTTN-2024-dieu-hanh-kinh-doanh-xang-dau-615080.aspx
[2026-04-21 11:05:15] FETCH OK: https://thuvienphapluat.vn/cong-van/Thuong-mai/Cong-van-4477-BCT-TTTN-2024-dieu-hanh-kinh-doanh-xang-dau-615080.aspx
[2026-04-21 11:05:17] FETCH STATUS: 200 | https://thuvienphapluat.vn/cong-van/Thuong-mai/Cong-van-4280-BCT-TTTN-2024-quy-dinh-dieu-hanh-kinh-doanh-xang-dau-614903.aspx
[2026-04-21 11:05:17] FETCH OK: https://thuvienphapluat.vn/cong-van/Thuong-mai/Cong-van-4280-BCT-TTTN-2024-quy-dinh-dieu-hanh-kinh-doanh-xang-dau-614903.aspx
[2026-04-21 11:05:18] FETCH STATUS: 403 | https://thuvienphapluat.vn/cong-van/Thuong-mai/Cong-van-4065-BCT-TTTN-2024-dieu-hanh-kinh-doanh-xang-dau-613437.aspx
[2026-04-21 11:05:18] FETCH STATUS: 403 | https://thuvienphapluat.vn/cong-van/Thuong-mai/Cong-van-3845-BCT-TTTN-2024-quy-dinh-dieu-hanh-kinh-doanh-xang-dau-612766.aspx
[2026-04-21 11:05:19] FETCH STATUS: 200 | https://thuvienphapluat.vn/cong-van/Thuong-mai/Cong-van-3640-BCT-TTTN-2024-quy-dinh-dieu-hanh-kinh-doanh-xang-dau-611610.aspx
[2026-04-21 11:05:19] FETCH OK: https://thuvienphapluat.vn/cong-van/Thuong-mai/Cong-van-3640-BCT-TTTN-2024-quy-dinh-dieu-hanh-kinh-doanh-xang-dau-611610.aspx
[2026-04-21 11:05:20] FETCH STATUS: 200 | https://thuvienphapluat.vn/cong-van/Thuong-mai/Cong-van-3469-BCT-TTTN-2024-dieu-hanh-kinh-doanh-xang-dau-610886.aspx
[2026-04-21 11:05:20] FETCH OK: https://thuvienphapluat.vn/cong-van/Thuong-mai/Cong-van-3469-BCT-TTTN-2024-dieu-hanh-kinh-doanh-xang-dau-610886.aspx
[2026-04-21 11:05:21] FETCH STATUS: 200 | https://thuvienphapluat.vn/cong-van/Thuong-mai/Cong-van-3250-BCT-TTTN-2024-dieu-hanh-kinh-doanh-xang-dau-610045.aspx
[2026-04-21 11:05:21] FETCH OK: https://thuvienphapluat.vn/cong-van/Thuong-mai/Cong-van-3250-BCT-TTTN-2024-dieu-hanh-kinh-doanh-xang-dau-610045.aspx
[2026-04-21 11:05:22] FETCH STATUS: 200 | https://thuvienphapluat.vn/cong-van/Thuong-mai/Cong-van-3084-BCT-TTTN-2024-dieu-hanh-kinh-doanh-xang-dau-609155.aspx
[2026-04-21 11:05:23] FETCH OK: https://thuvienphapluat.vn/cong-van/Thuong-mai/Cong-van-3084-BCT-TTTN-2024-dieu-hanh-kinh-doanh-xang-dau-609155.aspx
[2026-04-21 11:05:24] FETCH STATUS: 200 | https://thuvienphapluat.vn/cong-van/Thuong-mai/Cong-van-2846-BCT-TTTN-2024-dieu-hanh-kinh-doanh-xang-dau-608386.aspx
[2026-04-21 11:05:24] FETCH OK: https://thuvienphapluat.vn/cong-van/Thuong-mai/Cong-van-2846-BCT-TTTN-2024-dieu-hanh-kinh-doanh-xang-dau-608386.aspx
[2026-04-21 11:05:25] FETCH STATUS: 200 | https://thuvienphapluat.vn/cong-van/Thuong-mai/Cong-van-2749-BCT-TTTN-2024-dieu-hanh-kinh-doanh-xang-dau-607881.aspx
[2026-04-21 11:05:25] FETCH OK: https://thuvienphapluat.vn/cong-van/Thuong-mai/Cong-van-2749-BCT-TTTN-2024-dieu-hanh-kinh-doanh-xang-dau-607881.aspx
[2026-04-21 11:05:26] FETCH STATUS: 200 | https://thuvienphapluat.vn/cong-van/Thuong-mai/Cong-van-2557-BCT-TTTN-2024-dieu-hanh-kinh-doanh-xang-dau-607880.aspx
[2026-04-21 11:05:26] FETCH OK: https://thuvienphapluat.vn/cong-van/Thuong-mai/Cong-van-2557-BCT-TTTN-2024-dieu-hanh-kinh-doanh-xang-dau-607880.aspx
[2026-04-21 11:05:27] FETCH STATUS: 200 | https://thuvienphapluat.vn/cong-van/Thuong-mai/Cong-van-2384-BCT-TTTN-2024-dieu-hanh-kinh-doanh-xang-dau-607538.aspx
[2026-04-21 11:05:27] FETCH OK: https://thuvienphapluat.vn/cong-van/Thuong-mai/Cong-van-2384-BCT-TTTN-2024-dieu-hanh-kinh-doanh-xang-dau-607538.aspx
[2026-04-21 11:05:29] FETCH STATUS: 200 | https://thuvienphapluat.vn/cong-van/Thuong-mai/Cong-van-1987-BCT-TTTN-2024-dieu-hanh-kinh-doanh-xang-dau-604211.aspx
[2026-04-21 11:05:29] FETCH OK: https://thuvienphapluat.vn/cong-van/Thuong-mai/Cong-van-1987-BCT-TTTN-2024-dieu-hanh-kinh-doanh-xang-dau-604211.aspx
[2026-04-21 11:05:30] FETCH STATUS: 200 | https://thuvienphapluat.vn/cong-van/Thuong-mai/Cong-van-1785-BCT-TTTN-2024-dieu-hanh-kinh-doanh-xang-dau-603041.aspx
[2026-04-21 11:05:30] FETCH OK: https://thuvienphapluat.vn/cong-van/Thuong-mai/Cong-van-1785-BCT-TTTN-2024-dieu-hanh-kinh-doanh-xang-dau-603041.aspx
[2026-04-21 11:05:31] FETCH STATUS: 200 | https://thuvienphapluat.vn/cong-van/Thuong-mai/Cong-van-1613-BCT-TTTN-2024-dieu-hanh-kinh-doanh-xang-dau-603040.aspx
[2026-04-21 11:05:31] FETCH OK: https://thuvienphapluat.vn/cong-van/Thuong-mai/Cong-van-1613-BCT-TTTN-2024-dieu-hanh-kinh-doanh-xang-dau-603040.aspx
[2026-04-21 11:05:32] FETCH STATUS: 200 | https://thuvienphapluat.vn/cong-van/Thuong-mai/Cong-van-1460-BCT-TTTN-2024-dieu-hanh-kinh-doanh-xang-dau-601336.aspx
[2026-04-21 11:05:32] FETCH OK: https://thuvienphapluat.vn/cong-van/Thuong-mai/Cong-van-1460-BCT-TTTN-2024-dieu-hanh-kinh-doanh-xang-dau-601336.aspx
[2026-04-21 11:05:33] FETCH STATUS: 200 | https://thuvienphapluat.vn/cong-van/Thuong-mai/Cong-van-1258-BCT-TTTN-2024-dieu-hanh-kinh-doanh-xang-dau-600274.aspx
[2026-04-21 11:05:33] FETCH OK: https://thuvienphapluat.vn/cong-van/Thuong-mai/Cong-van-1258-BCT-TTTN-2024-dieu-hanh-kinh-doanh-xang-dau-600274.aspx
[2026-04-21 11:05:34] FETCH STATUS: 200 | https://thuvienphapluat.vn/cong-van/Thuong-mai/Cong-van-1081-BCT-TTTN-2024-dieu-hanh-kinh-doanh-xang-dau-599429.aspx
[2026-04-21 11:05:35] FETCH OK: https://thuvienphapluat.vn/cong-van/Thuong-mai/Cong-van-1081-BCT-TTTN-2024-dieu-hanh-kinh-doanh-xang-dau-599429.aspx
[2026-04-21 11:05:36] FETCH STATUS: 200 | https://thuvienphapluat.vn/cong-van/Thuong-mai/Cong-van-940-BCT-TTTN-2024-dieu-hanh-kinh-doanh-xang-dau-598991.aspx
[2026-04-21 11:05:36] FETCH OK: https://thuvienphapluat.vn/cong-van/Thuong-mai/Cong-van-940-BCT-TTTN-2024-dieu-hanh-kinh-doanh-xang-dau-598991.aspx
[2026-04-21 11:05:37] FETCH STATUS: 200 | https://thuvienphapluat.vn/cong-van/Thuong-mai/Cong-van-932-BCT-TTTN-2024-dieu-hanh-kinh-doanh-xang-dau-598625.aspx
[2026-04-21 11:05:37] FETCH OK: https://thuvienphapluat.vn/cong-van/Thuong-mai/Cong-van-932-BCT-TTTN-2024-dieu-hanh-kinh-doanh-xang-dau-598625.aspx
[2026-04-21 11:05:39] FETCH STATUS: 200 | https://thuvienphapluat.vn/cong-van/Thuong-mai/Cong-van-734-BCT-TTTN-2024-dieu-hanh-kinh-doanh-xang-dau-598990.aspx
[2026-04-21 11:05:39] FETCH OK: https://thuvienphapluat.vn/cong-van/Thuong-mai/Cong-van-734-BCT-TTTN-2024-dieu-hanh-kinh-doanh-xang-dau-598990.aspx
[2026-04-21 11:05:40] FETCH STATUS: 200 | https://thuvienphapluat.vn/cong-van/Thuong-mai/Cong-van-580-BCT-TTTN-2024-dieu-hanh-kinh-doanh-xang-dau-596842.aspx
[2026-04-21 11:05:40] FETCH OK: https://thuvienphapluat.vn/cong-van/Thuong-mai/Cong-van-580-BCT-TTTN-2024-dieu-hanh-kinh-doanh-xang-dau-596842.aspx
[2026-04-21 11:05:41] FETCH STATUS: 200 | https://thuvienphapluat.vn/cong-van/Thuong-mai/Cong-van-399-BCT-TTTN-2024-dieu-hanh-kinh-doanh-xang-dau-596841.aspx
[2026-04-21 11:05:41] FETCH OK: https://thuvienphapluat.vn/cong-van/Thuong-mai/Cong-van-399-BCT-TTTN-2024-dieu-hanh-kinh-doanh-xang-dau-596841.aspx
[2026-04-21 11:05:42] FETCH STATUS: 200 | https://thuvienphapluat.vn/cong-van/Thuong-mai/Cong-van-242-BCT-TTTN-2024-dieu-hanh-kinh-doanh-xang-dau-594919.aspx
[2026-04-21 11:05:42] FETCH OK: https://thuvienphapluat.vn/cong-van/Thuong-mai/Cong-van-242-BCT-TTTN-2024-dieu-hanh-kinh-doanh-xang-dau-594919.aspx
[2026-04-21 11:05:43] FETCH STATUS: 200 | https://thuvienphapluat.vn/cong-van/Thuong-mai/Cong-van-43-BCT-TTTN-2024-dieu-hanh-kinh-doanh-xang-dau-594917.aspx
[2026-04-21 11:05:43] FETCH OK: https://thuvienphapluat.vn/cong-van/Thuong-mai/Cong-van-43-BCT-TTTN-2024-dieu-hanh-kinh-doanh-xang-dau-594917.aspx
[2026-04-21 11:05:45] FETCH STATUS: 200 | https://thuvienphapluat.vn/cong-van/Thuong-mai/Cong-van-9275-BCT-TTTN-2023-dieu-hanh-kinh-doanh-xang-dau-592984.aspx
[2026-04-21 11:05:45] FETCH OK: https://thuvienphapluat.vn/cong-van/Thuong-mai/Cong-van-9275-BCT-TTTN-2023-dieu-hanh-kinh-doanh-xang-dau-592984.aspx
[2026-04-21 11:05:46] FETCH STATUS: 200 | https://thuvienphapluat.vn/cong-van/Thuong-mai/Cong-van-9088-BCT-TTTN-2023-dieu-hanh-kinh-doanh-xang-dau-591859.aspx
[2026-04-21 11:05:46] FETCH OK: https://thuvienphapluat.vn/cong-van/Thuong-mai/Cong-van-9088-BCT-TTTN-2023-dieu-hanh-kinh-doanh-xang-dau-591859.aspx
[2026-04-21 11:05:47] FETCH STATUS: 200 | https://thuvienphapluat.vn/cong-van/Thuong-mai/Cong-van-8909-BCT-TTTN-2023-dieu-hanh-kinh-doanh-xang-dau-590773.aspx
[2026-04-21 11:05:47] FETCH OK: https://thuvienphapluat.vn/cong-van/Thuong-mai/Cong-van-8909-BCT-TTTN-2023-dieu-hanh-kinh-doanh-xang-dau-590773.aspx
[2026-04-21 11:05:48] FETCH STATUS: 200 | https://thuvienphapluat.vn/cong-van/Thuong-mai/Cong-van-8746-BCT-TTTN-2023-dieu-hanh-kinh-doanh-xang-dau-589726.aspx
[2026-04-21 11:05:48] FETCH OK: https://thuvienphapluat.vn/cong-van/Thuong-mai/Cong-van-8746-BCT-TTTN-2023-dieu-hanh-kinh-doanh-xang-dau-589726.aspx
[2026-04-21 11:05:49] FETCH STATUS: 200 | https://thuvienphapluat.vn/cong-van/Thuong-mai/Cong-van-8292-BCT-TTTN-2023-dieu-hanh-kinh-doanh-xang-dau-587724.aspx
[2026-04-21 11:05:49] FETCH OK: https://thuvienphapluat.vn/cong-van/Thuong-mai/Cong-van-8292-BCT-TTTN-2023-dieu-hanh-kinh-doanh-xang-dau-587724.aspx
[2026-04-21 11:05:50] FETCH STATUS: 200 | https://thuvienphapluat.vn/cong-van/Thuong-mai/Cong-van-8035-BCT-TTTN-2023-dieu-hanh-kinh-doanh-xang-dau-586264.aspx
[2026-04-21 11:05:50] FETCH OK: https://thuvienphapluat.vn/cong-van/Thuong-mai/Cong-van-8035-BCT-TTTN-2023-dieu-hanh-kinh-doanh-xang-dau-586264.aspx
[2026-04-21 11:05:52] FETCH STATUS: 200 | https://thuvienphapluat.vn/cong-van/Thuong-mai/Cong-van-7660-BCT-TTTN-2023-dieu-hanh-kinh-doanh-xang-dau-584704.aspx
[2026-04-21 11:05:52] FETCH OK: https://thuvienphapluat.vn/cong-van/Thuong-mai/Cong-van-7660-BCT-TTTN-2023-dieu-hanh-kinh-doanh-xang-dau-584704.aspx
[2026-04-21 11:05:53] FETCH STATUS: 200 | https://thuvienphapluat.vn/cong-van/Thuong-mai/Cong-van-7378-BCT-TTTN-2023-dieu-hanh-kinh-doanh-xang-dau-583310.aspx
[2026-04-21 11:05:53] FETCH OK: https://thuvienphapluat.vn/cong-van/Thuong-mai/Cong-van-7378-BCT-TTTN-2023-dieu-hanh-kinh-doanh-xang-dau-583310.aspx
[2026-04-21 11:05:54] FETCH STATUS: 403 | https://thuvienphapluat.vn/cong-van/Thuong-mai/Cong-van-7075-BCT-TTTN-2023-dieu-hanh-kinh-doanh-xang-dau-581994.aspx
[2026-04-21 11:05:55] FETCH STATUS: 200 | https://thuvienphapluat.vn/cong-van/Thuong-mai/Cong-van-6787-BCT-TTTN-2023-dieu-hanh-kinh-doanh-xang-dau-583978.aspx
[2026-04-21 11:05:55] FETCH OK: https://thuvienphapluat.vn/cong-van/Thuong-mai/Cong-van-6787-BCT-TTTN-2023-dieu-hanh-kinh-doanh-xang-dau-583978.aspx
[2026-04-21 11:05:56] FETCH STATUS: 200 | https://thuvienphapluat.vn/cong-van/Thuong-mai/Cong-van-6237-BCT-TTTN-2023-dieu-hanh-kinh-doanh-gia-xang-dau-578781.aspx
[2026-04-21 11:05:56] FETCH OK: https://thuvienphapluat.vn/cong-van/Thuong-mai/Cong-van-6237-BCT-TTTN-2023-dieu-hanh-kinh-doanh-gia-xang-dau-578781.aspx
[2026-04-21 11:05:57] FETCH STATUS: 200 | https://thuvienphapluat.vn/cong-van/Thuong-mai/Cong-van-6083-BCT-TTTN-2023-dieu-hanh-kinh-doanh-xang-dau-577971.aspx
[2026-04-21 11:05:57] FETCH OK: https://thuvienphapluat.vn/cong-van/Thuong-mai/Cong-van-6083-BCT-TTTN-2023-dieu-hanh-kinh-doanh-xang-dau-577971.aspx
[2026-04-21 11:05:58] FETCH STATUS: 200 | https://thuvienphapluat.vn/cong-van/Thuong-mai/Cong-van-5655-BCT-TTTN-2023-dieu-hanh-kinh-doanh-xang-dau-576412.aspx
[2026-04-21 11:05:58] FETCH OK: https://thuvienphapluat.vn/cong-van/Thuong-mai/Cong-van-5655-BCT-TTTN-2023-dieu-hanh-kinh-doanh-xang-dau-576412.aspx
[2026-04-21 11:05:59] FETCH STATUS: 200 | https://thuvienphapluat.vn/cong-van/Thuong-mai/Cong-van-5345-BCT-TTTN-2023-dieu-hanh-kinh-doanh-xang-dau-575532.aspx
[2026-04-21 11:05:59] FETCH OK: https://thuvienphapluat.vn/cong-van/Thuong-mai/Cong-van-5345-BCT-TTTN-2023-dieu-hanh-kinh-doanh-xang-dau-575532.aspx
[2026-04-21 11:06:01] FETCH STATUS: 200 | https://thuvienphapluat.vn/cong-van/Thuong-mai/Cong-van-5041-BCT-TTTN-2023-dieu-hanh-kinh-doanh-xang-dau-574286.aspx
[2026-04-21 11:06:01] FETCH OK: https://thuvienphapluat.vn/cong-van/Thuong-mai/Cong-van-5041-BCT-TTTN-2023-dieu-hanh-kinh-doanh-xang-dau-574286.aspx
[2026-04-21 11:06:02] FETCH STATUS: 200 | https://thuvienphapluat.vn/cong-van/Thuong-mai/Cong-van-4790-BCT-TTTN-2023-dieu-hanh-kinh-doanh-xang-dau-573180.aspx
[2026-04-21 11:06:02] FETCH OK: https://thuvienphapluat.vn/cong-van/Thuong-mai/Cong-van-4790-BCT-TTTN-2023-dieu-hanh-kinh-doanh-xang-dau-573180.aspx
[2026-04-21 11:06:03] FETCH STATUS: 200 | https://thuvienphapluat.vn/cong-van/Thuong-mai/Cong-van-4506-BCT-TTTN-2023-dieu-hanh-kinh-doanh-xang-dau-572235.aspx
[2026-04-21 11:06:03] FETCH OK: https://thuvienphapluat.vn/cong-van/Thuong-mai/Cong-van-4506-BCT-TTTN-2023-dieu-hanh-kinh-doanh-xang-dau-572235.aspx
[2026-04-21 11:06:04] FETCH STATUS: 200 | https://thuvienphapluat.vn/cong-van/Thuong-mai/Cong-van-4228-BCT-TTTN-2023-dieu-hanh-kinh-doanh-xang-dau-571491.aspx
[2026-04-21 11:06:04] FETCH OK: https://thuvienphapluat.vn/cong-van/Thuong-mai/Cong-van-4228-BCT-TTTN-2023-dieu-hanh-kinh-doanh-xang-dau-571491.aspx
[2026-04-21 11:06:06] FETCH STATUS: 200 | https://thuvienphapluat.vn/cong-van/Thuong-mai/Cong-van-3862-BCT-TTTN-2023-dieu-hanh-kinh-doanh-xang-dau-570369.aspx
[2026-04-21 11:06:06] FETCH OK: https://thuvienphapluat.vn/cong-van/Thuong-mai/Cong-van-3862-BCT-TTTN-2023-dieu-hanh-kinh-doanh-xang-dau-570369.aspx
[2026-04-21 11:06:07] FETCH STATUS: 200 | https://thuvienphapluat.vn/cong-van/Thuong-mai/Cong-van-3620-BCT-TTTN-2023-dieu-hanh-kinh-doanh-xang-dau-569311.aspx
[2026-04-21 11:06:07] FETCH OK: https://thuvienphapluat.vn/cong-van/Thuong-mai/Cong-van-3620-BCT-TTTN-2023-dieu-hanh-kinh-doanh-xang-dau-569311.aspx
[2026-04-21 11:06:08] FETCH STATUS: 200 | https://thuvienphapluat.vn/cong-van/Thuong-mai/Cong-van-3380-BCT-TTTN-2023-dieu-hanh-kinh-doanh-xang-dau-568203.aspx
[2026-04-21 11:06:08] FETCH OK: https://thuvienphapluat.vn/cong-van/Thuong-mai/Cong-van-3380-BCT-TTTN-2023-dieu-hanh-kinh-doanh-xang-dau-568203.aspx
[2026-04-21 11:06:09] FETCH STATUS: 200 | https://thuvienphapluat.vn/cong-van/Thuong-mai/Cong-van-3080-BCT-TTTN-2023-dieu-hanh-kinh-doanh-xang-dau-567088.aspx
[2026-04-21 11:06:09] FETCH OK: https://thuvienphapluat.vn/cong-van/Thuong-mai/Cong-van-3080-BCT-TTTN-2023-dieu-hanh-kinh-doanh-xang-dau-567088.aspx
[2026-04-21 11:06:11] FETCH STATUS: 200 | https://thuvienphapluat.vn/cong-van/Thuong-mai/Cong-van-2789-BCT-TTTN-2023-dieu-hanh-kinh-doanh-xang-dau-565898.aspx
[2026-04-21 11:06:11] FETCH OK: https://thuvienphapluat.vn/cong-van/Thuong-mai/Cong-van-2789-BCT-TTTN-2023-dieu-hanh-kinh-doanh-xang-dau-565898.aspx
[2026-04-21 11:06:12] FETCH STATUS: 200 | https://thuvienphapluat.vn/cong-van/Thuong-mai/Cong-van-2588-BCT-TTTN-2023-dieu-hanh-kinh-doanh-xang-dau-565131.aspx
[2026-04-21 11:06:12] FETCH OK: https://thuvienphapluat.vn/cong-van/Thuong-mai/Cong-van-2588-BCT-TTTN-2023-dieu-hanh-kinh-doanh-xang-dau-565131.aspx
[2026-04-21 11:06:13] FETCH STATUS: 200 | https://thuvienphapluat.vn/cong-van/Thuong-mai/Cong-van-2390-BCT-TTTN-2023-dieu-hanh-kinh-doanh-xang-dau-564078.aspx
[2026-04-21 11:06:13] FETCH OK: https://thuvienphapluat.vn/cong-van/Thuong-mai/Cong-van-2390-BCT-TTTN-2023-dieu-hanh-kinh-doanh-xang-dau-564078.aspx
[2026-04-21 11:06:15] FETCH STATUS: 200 | https://thuvienphapluat.vn/cong-van/Thuong-mai/Cong-van-2075-BCT-TTTN-2023-dieu-hanh-kinh-doanh-xang-dau-562689.aspx
[2026-04-21 11:06:15] FETCH OK: https://thuvienphapluat.vn/cong-van/Thuong-mai/Cong-van-2075-BCT-TTTN-2023-dieu-hanh-kinh-doanh-xang-dau-562689.aspx
[2026-04-21 11:06:16] FETCH STATUS: 200 | https://thuvienphapluat.vn/cong-van/Thuong-mai/Cong-van-1886-BCT-TTTN-2023-dieu-hanh-kinh-doanh-xang-dau-561646.aspx
[2026-04-21 11:06:16] FETCH OK: https://thuvienphapluat.vn/cong-van/Thuong-mai/Cong-van-1886-BCT-TTTN-2023-dieu-hanh-kinh-doanh-xang-dau-561646.aspx
[2026-04-21 11:06:17] FETCH STATUS: 200 | https://thuvienphapluat.vn/cong-van/Thuong-mai/Cong-van-1576-BCT-TTTN-2023-dieu-hanh-kinh-doanh-xang-dau-560186.aspx
[2026-04-21 11:06:17] FETCH OK: https://thuvienphapluat.vn/cong-van/Thuong-mai/Cong-van-1576-BCT-TTTN-2023-dieu-hanh-kinh-doanh-xang-dau-560186.aspx
[2026-04-21 11:06:18] FETCH STATUS: 200 | https://thuvienphapluat.vn/cong-van/Thuong-mai/Cong-van-1325-BCT-TTTN-2023-dieu-hanh-kinh-doanh-xang-dau-559180.aspx
[2026-04-21 11:06:18] FETCH OK: https://thuvienphapluat.vn/cong-van/Thuong-mai/Cong-van-1325-BCT-TTTN-2023-dieu-hanh-kinh-doanh-xang-dau-559180.aspx
[2026-04-21 11:06:19] FETCH STATUS: 200 | https://thuvienphapluat.vn/cong-van/Thuong-mai/Cong-van-1051-BCT-TTTN-2023-dieu-hanh-kinh-doanh-xang-dau-557007.aspx
[2026-04-21 11:06:19] FETCH OK: https://thuvienphapluat.vn/cong-van/Thuong-mai/Cong-van-1051-BCT-TTTN-2023-dieu-hanh-kinh-doanh-xang-dau-557007.aspx
[2026-04-21 11:06:21] FETCH STATUS: 200 | https://thuvienphapluat.vn/cong-van/Thuong-mai/Cong-van-831-BCT-TTTN-2023-dieu-hanh-kinh-doanh-xang-dau-555905.aspx
[2026-04-21 11:06:21] FETCH OK: https://thuvienphapluat.vn/cong-van/Thuong-mai/Cong-van-831-BCT-TTTN-2023-dieu-hanh-kinh-doanh-xang-dau-555905.aspx
[2026-04-21 11:06:22] FETCH STATUS: 200 | https://thuvienphapluat.vn/cong-van/Thuong-mai/Cong-van-639-BCT-TTTN-2023-dieu-hanh-kinh-doanh-xang-dau-554630.aspx
[2026-04-21 11:06:22] FETCH OK: https://thuvienphapluat.vn/cong-van/Thuong-mai/Cong-van-639-BCT-TTTN-2023-dieu-hanh-kinh-doanh-xang-dau-554630.aspx
[2026-04-21 11:06:23] FETCH STATUS: 200 | https://thuvienphapluat.vn/cong-van/Thuong-mai/Cong-van-413-BCT-TTTN-2023-dieu-hanh-kinh-doanh-xang-dau-552133.aspx
[2026-04-21 11:06:23] FETCH OK: https://thuvienphapluat.vn/cong-van/Thuong-mai/Cong-van-413-BCT-TTTN-2023-dieu-hanh-kinh-doanh-xang-dau-552133.aspx
[2026-04-21 11:06:24] FETCH STATUS: 200 | https://thuvienphapluat.vn/cong-van/Thuong-mai/Cong-van-10-BCT-TTTN-2023-dieu-hanh-kinh-doanh-xang-dau-548622.aspx
[2026-04-21 11:06:24] FETCH OK: https://thuvienphapluat.vn/cong-van/Thuong-mai/Cong-van-10-BCT-TTTN-2023-dieu-hanh-kinh-doanh-xang-dau-548622.aspx
[2026-04-21 11:06:25] FETCH STATUS: 200 | https://thuvienphapluat.vn/cong-van/Thuong-mai/Cong-van-8243-BCT-TTTN-2022-dieu-hanh-kinh-doanh-xang-dau-546815.aspx
[2026-04-21 11:06:25] FETCH OK: https://thuvienphapluat.vn/cong-van/Thuong-mai/Cong-van-8243-BCT-TTTN-2022-dieu-hanh-kinh-doanh-xang-dau-546815.aspx
[2026-04-21 11:06:26] FETCH STATUS: 200 | https://thuvienphapluat.vn/cong-van/Thuong-mai/Cong-van-7938-BCT-TTTN-2022-dieu-hanh-kinh-doanh-xang-dau-545017.aspx
[2026-04-21 11:06:26] FETCH OK: https://thuvienphapluat.vn/cong-van/Thuong-mai/Cong-van-7938-BCT-TTTN-2022-dieu-hanh-kinh-doanh-xang-dau-545017.aspx
[2026-04-21 11:06:27] FETCH STATUS: 200 | https://thuvienphapluat.vn/cong-van/Thuong-mai/Cong-van-7706-BCT-TTTN-2022-dieu-hanh-kinh-doanh-xang-dau-542258.aspx
[2026-04-21 11:06:27] FETCH OK: https://thuvienphapluat.vn/cong-van/Thuong-mai/Cong-van-7706-BCT-TTTN-2022-dieu-hanh-kinh-doanh-xang-dau-542258.aspx
[2026-04-21 11:06:29] FETCH STATUS: 200 | https://thuvienphapluat.vn/cong-van/Thuong-mai/Cong-van-7376-BCT-TTTN-2022-dieu-hanh-kinh-doanh-xang-dau-539748.aspx
[2026-04-21 11:06:29] FETCH OK: https://thuvienphapluat.vn/cong-van/Thuong-mai/Cong-van-7376-BCT-TTTN-2022-dieu-hanh-kinh-doanh-xang-dau-539748.aspx
[2026-04-21 11:06:30] FETCH STATUS: 200 | https://thuvienphapluat.vn/cong-van/Thuong-mai/Cong-van-7180-BCT-TTTN-2022-dieu-hanh-kinh-doanh-xang-dau-538097.aspx
[2026-04-21 11:06:30] FETCH OK: https://thuvienphapluat.vn/cong-van/Thuong-mai/Cong-van-7180-BCT-TTTN-2022-dieu-hanh-kinh-doanh-xang-dau-538097.aspx
[2026-04-21 11:06:31] FETCH STATUS: 200 | https://thuvienphapluat.vn/cong-van/Thuong-mai/Cong-van-6853-BCT-TTTN-2022-dieu-hanh-kinh-doanh-xang-dau-535928.aspx
[2026-04-21 11:06:31] FETCH OK: https://thuvienphapluat.vn/cong-van/Thuong-mai/Cong-van-6853-BCT-TTTN-2022-dieu-hanh-kinh-doanh-xang-dau-535928.aspx
[2026-04-21 11:06:32] FETCH STATUS: 200 | https://thuvienphapluat.vn/cong-van/Thuong-mai/Cong-van-6501-BCT-TTTN-2022-dieu-hanh-kinh-doanh-xang-dau-533572.aspx
[2026-04-21 11:06:32] FETCH OK: https://thuvienphapluat.vn/cong-van/Thuong-mai/Cong-van-6501-BCT-TTTN-2022-dieu-hanh-kinh-doanh-xang-dau-533572.aspx
[2026-04-21 11:06:33] FETCH STATUS: 200 | https://thuvienphapluat.vn/cong-van/Thuong-mai/Cong-van-6253-BCT-TTTN-2022-dieu-hanh-kinh-doanh-xang-dau-531921.aspx
[2026-04-21 11:06:33] FETCH OK: https://thuvienphapluat.vn/cong-van/Thuong-mai/Cong-van-6253-BCT-TTTN-2022-dieu-hanh-kinh-doanh-xang-dau-531921.aspx
[2026-04-21 11:06:34] FETCH STATUS: 403 | https://thuvienphapluat.vn/cong-van/Thuong-mai/Cong-van-5938-BCT-TTTN-2022-dieu-hanh-kinh-doanh-xang-dau-531074.aspx
[2026-04-21 11:06:35] FETCH STATUS: 200 | https://thuvienphapluat.vn/cong-van/Thuong-mai/Cong-van-5621-BCT-TTTN-2022-dieu-hanh-kinh-doanh-xang-dau-530111.aspx
[2026-04-21 11:06:35] FETCH OK: https://thuvienphapluat.vn/cong-van/Thuong-mai/Cong-van-5621-BCT-TTTN-2022-dieu-hanh-kinh-doanh-xang-dau-530111.aspx
[2026-04-21 11:06:36] FETCH STATUS: 200 | https://thuvienphapluat.vn/cong-van/Thuong-mai/Cong-van-5404-BCT-TTTN-2022-dieu-hanh-kinh-doanh-xang-dau-529151.aspx
[2026-04-21 11:06:36] FETCH OK: https://thuvienphapluat.vn/cong-van/Thuong-mai/Cong-van-5404-BCT-TTTN-2022-dieu-hanh-kinh-doanh-xang-dau-529151.aspx
[2026-04-21 11:06:37] FETCH STATUS: 200 | https://thuvienphapluat.vn/cong-van/Thuong-mai/Cong-van-5274-BCT-TTTN-2022-dieu-hanh-kinh-doanh-xang-dau-528312.aspx
[2026-04-21 11:06:37] FETCH OK: https://thuvienphapluat.vn/cong-van/Thuong-mai/Cong-van-5274-BCT-TTTN-2022-dieu-hanh-kinh-doanh-xang-dau-528312.aspx
[2026-04-21 11:06:38] FETCH STATUS: 200 | https://thuvienphapluat.vn/cong-van/Thuong-mai/Cong-van-5011-BCT-TTTN-2022-dieu-hanh-kinh-doanh-xang-dau-526946.aspx
[2026-04-21 11:06:38] FETCH OK: https://thuvienphapluat.vn/cong-van/Thuong-mai/Cong-van-5011-BCT-TTTN-2022-dieu-hanh-kinh-doanh-xang-dau-526946.aspx
[2026-04-21 11:06:40] FETCH STATUS: 200 | https://thuvienphapluat.vn/cong-van/Thuong-mai/Cong-van-4750-BCT-TTTN-2022-dieu-hanh-kinh-doanh-xang-dau-525613.aspx
[2026-04-21 11:06:40] FETCH OK: https://thuvienphapluat.vn/cong-van/Thuong-mai/Cong-van-4750-BCT-TTTN-2022-dieu-hanh-kinh-doanh-xang-dau-525613.aspx
[2026-04-21 11:06:41] FETCH STATUS: 200 | https://thuvienphapluat.vn/cong-van/Thuong-mai/Cong-van-4479-BCT-TTTN-2022-dieu-hanh-kinh-doanh-xang-dau-524279.aspx
[2026-04-21 11:06:41] FETCH OK: https://thuvienphapluat.vn/cong-van/Thuong-mai/Cong-van-4479-BCT-TTTN-2022-dieu-hanh-kinh-doanh-xang-dau-524279.aspx
[2026-04-21 11:06:42] FETCH STATUS: 200 | https://thuvienphapluat.vn/cong-van/Thuong-mai/Cong-van-4202-BCT-TTTN-2022-dieu-hanh-kinh-doanh-xang-dau-522853.aspx
[2026-04-21 11:06:42] FETCH OK: https://thuvienphapluat.vn/cong-van/Thuong-mai/Cong-van-4202-BCT-TTTN-2022-dieu-hanh-kinh-doanh-xang-dau-522853.aspx
[2026-04-21 11:06:43] FETCH STATUS: 200 | https://thuvienphapluat.vn/cong-van/Thuong-mai/Cong-van-3942-BCT-TTTN-2022-dieu-hanh-kinh-doanh-xang-dau-521362.aspx
[2026-04-21 11:06:43] FETCH OK: https://thuvienphapluat.vn/cong-van/Thuong-mai/Cong-van-3942-BCT-TTTN-2022-dieu-hanh-kinh-doanh-xang-dau-521362.aspx
[2026-04-21 11:06:44] FETCH STATUS: 200 | https://thuvienphapluat.vn/cong-van/Thuong-mai/Cong-van-3742-BCT-TTTN-2022-dieu-hanh-kinh-doanh-xang-dau-520050.aspx
[2026-04-21 11:06:44] FETCH OK: https://thuvienphapluat.vn/cong-van/Thuong-mai/Cong-van-3742-BCT-TTTN-2022-dieu-hanh-kinh-doanh-xang-dau-520050.aspx
[2026-04-21 11:06:46] FETCH STATUS: 200 | https://thuvienphapluat.vn/cong-van/Thuong-mai/Cong-van-3460-BCT-TTTN-2022-dieu-hanh-kinh-doanh-xang-dau-518234.aspx
[2026-04-21 11:06:46] FETCH OK: https://thuvienphapluat.vn/cong-van/Thuong-mai/Cong-van-3460-BCT-TTTN-2022-dieu-hanh-kinh-doanh-xang-dau-518234.aspx
[2026-04-21 11:06:47] FETCH STATUS: 200 | https://thuvienphapluat.vn/cong-van/Thuong-mai/Cong-van-3309-BCT-TTTN-2022-dieu-hanh-kinh-doanh-xang-dau-516842.aspx
[2026-04-21 11:06:47] FETCH OK: https://thuvienphapluat.vn/cong-van/Thuong-mai/Cong-van-3309-BCT-TTTN-2022-dieu-hanh-kinh-doanh-xang-dau-516842.aspx
[2026-04-21 11:06:48] FETCH STATUS: 200 | https://thuvienphapluat.vn/cong-van/Thuong-mai/Cong-van-3011-BCT-TTTN-2022-dieu-hanh-kinh-doanh-xang-dau-515381.aspx
[2026-04-21 11:06:48] FETCH OK: https://thuvienphapluat.vn/cong-van/Thuong-mai/Cong-van-3011-BCT-TTTN-2022-dieu-hanh-kinh-doanh-xang-dau-515381.aspx
[2026-04-21 11:06:49] FETCH STATUS: 200 | https://thuvienphapluat.vn/cong-van/Thuong-mai/Cong-van-2738-BCT-TTTN-2022-dieu-hanh-kinh-doanh-xang-dau-514153.aspx
[2026-04-21 11:06:49] FETCH OK: https://thuvienphapluat.vn/cong-van/Thuong-mai/Cong-van-2738-BCT-TTTN-2022-dieu-hanh-kinh-doanh-xang-dau-514153.aspx
[2026-04-21 11:06:50] FETCH STATUS: 200 | https://thuvienphapluat.vn/cong-van/Thuong-mai/Cong-van-2531-BCT-TTTN-2022-dieu-hanh-kinh-doanh-xang-dau-512856.aspx
[2026-04-21 11:06:50] FETCH OK: https://thuvienphapluat.vn/cong-van/Thuong-mai/Cong-van-2531-BCT-TTTN-2022-dieu-hanh-kinh-doanh-xang-dau-512856.aspx
[2026-04-21 11:06:51] FETCH STATUS: 200 | https://thuvienphapluat.vn/cong-van/Thuong-mai/Cong-van-2293-BCT-TTTN-2022-dieu-hanh-kinh-doanh-xang-dau-512102.aspx
[2026-04-21 11:06:51] FETCH OK: https://thuvienphapluat.vn/cong-van/Thuong-mai/Cong-van-2293-BCT-TTTN-2022-dieu-hanh-kinh-doanh-xang-dau-512102.aspx
[2026-04-21 11:06:53] FETCH STATUS: 200 | https://thuvienphapluat.vn/cong-van/Thuong-mai/Cong-van-2078-BCT-TTTN-2022-dieu-hanh-kinh-doanh-xang-dau-510931.aspx
[2026-04-21 11:06:53] FETCH OK: https://thuvienphapluat.vn/cong-van/Thuong-mai/Cong-van-2078-BCT-TTTN-2022-dieu-hanh-kinh-doanh-xang-dau-510931.aspx
[2026-04-21 11:06:54] FETCH STATUS: 200 | https://thuvienphapluat.vn/cong-van/Thuong-mai/Cong-van-1846-BCT-TTTN-2022-dieu-hanh-kinh-doanh-xang-dau-509818.aspx
[2026-04-21 11:06:54] FETCH OK: https://thuvienphapluat.vn/cong-van/Thuong-mai/Cong-van-1846-BCT-TTTN-2022-dieu-hanh-kinh-doanh-xang-dau-509818.aspx
[2026-04-21 11:06:55] FETCH STATUS: 200 | https://thuvienphapluat.vn/cong-van/Thuong-mai/Cong-van-1674-BCT-TTTN-2022-dieu-hanh-kinh-doanh-xang-dau-508669.aspx
[2026-04-21 11:06:55] FETCH OK: https://thuvienphapluat.vn/cong-van/Thuong-mai/Cong-van-1674-BCT-TTTN-2022-dieu-hanh-kinh-doanh-xang-dau-508669.aspx
[2026-04-21 11:06:57] FETCH STATUS: 200 | https://thuvienphapluat.vn/cong-van/Thuong-mai/Cong-van-1403-BCT-TTTN-2022-dieu-hanh-kinh-doanh-xang-dau-507357.aspx
[2026-04-21 11:06:57] FETCH OK: https://thuvienphapluat.vn/cong-van/Thuong-mai/Cong-van-1403-BCT-TTTN-2022-dieu-hanh-kinh-doanh-xang-dau-507357.aspx
[2026-04-21 11:06:58] FETCH STATUS: 200 | https://thuvienphapluat.vn/cong-van/Thuong-mai/Cong-van-1214-BCT-TTTN-2022-dieu-hanh-kinh-doanh-xang-dau-506242.aspx
[2026-04-21 11:06:58] FETCH OK: https://thuvienphapluat.vn/cong-van/Thuong-mai/Cong-van-1214-BCT-TTTN-2022-dieu-hanh-kinh-doanh-xang-dau-506242.aspx
[2026-04-21 11:06:59] FETCH STATUS: 200 | https://thuvienphapluat.vn/cong-van/Thuong-mai/Cong-van-961-BCT-TTTN-2022-dieu-hanh-kinh-doanh-xang-dau-505020.aspx
[2026-04-21 11:06:59] FETCH OK: https://thuvienphapluat.vn/cong-van/Thuong-mai/Cong-van-961-BCT-TTTN-2022-dieu-hanh-kinh-doanh-xang-dau-505020.aspx
[2026-04-21 11:07:00] FETCH STATUS: 200 | https://thuvienphapluat.vn/cong-van/Thuong-mai/Cong-van-791-BCT-TTTN-2022-dieu-hanh-kinh-doanh-xang-dau-503958.aspx
[2026-04-21 11:07:00] FETCH OK: https://thuvienphapluat.vn/cong-van/Thuong-mai/Cong-van-791-BCT-TTTN-2022-dieu-hanh-kinh-doanh-xang-dau-503958.aspx
[2026-04-21 11:07:01] FETCH STATUS: 200 | https://thuvienphapluat.vn/cong-van/Thuong-mai/Cong-van-603-BCT-TTTN-2022-dieu-hanh-kinh-doanh-xang-dau-502751.aspx
[2026-04-21 11:07:01] FETCH OK: https://thuvienphapluat.vn/cong-van/Thuong-mai/Cong-van-603-BCT-TTTN-2022-dieu-hanh-kinh-doanh-xang-dau-502751.aspx
[2026-04-21 11:07:02] FETCH STATUS: 200 | https://thuvienphapluat.vn/cong-van/Thuong-mai/Cong-van-326-BCT-TTTN-2022-dieu-hanh-kinh-doanh-xang-dau-501241.aspx
[2026-04-21 11:07:02] FETCH OK: https://thuvienphapluat.vn/cong-van/Thuong-mai/Cong-van-326-BCT-TTTN-2022-dieu-hanh-kinh-doanh-xang-dau-501241.aspx
[2026-04-21 11:07:04] FETCH STATUS: 200 | https://thuvienphapluat.vn/cong-van/Thuong-mai/Cong-van-162-BCT-TTTN-2022-dieu-hanh-kinh-doanh-xang-dau-500175.aspx
[2026-04-21 11:07:04] FETCH OK: https://thuvienphapluat.vn/cong-van/Thuong-mai/Cong-van-162-BCT-TTTN-2022-dieu-hanh-kinh-doanh-xang-dau-500175.aspx
[2026-04-21 11:07:05] FETCH STATUS: 200 | https://thuvienphapluat.vn/cong-van/Thuong-mai/Cong-van-8362-BCT-TTTN-2021-dieu-hanh-kinh-doanh-xang-dau-498704.aspx
[2026-04-21 11:07:06] FETCH OK: https://thuvienphapluat.vn/cong-van/Thuong-mai/Cong-van-8362-BCT-TTTN-2021-dieu-hanh-kinh-doanh-xang-dau-498704.aspx
[2026-04-21 11:07:07] FETCH STATUS: 200 | https://thuvienphapluat.vn/cong-van/Thuong-mai/Cong-van-7877-BCT-TTTN-2021-dieu-hanh-kinh-doanh-xang-dau-497107.aspx
[2026-04-21 11:07:07] FETCH OK: https://thuvienphapluat.vn/cong-van/Thuong-mai/Cong-van-7877-BCT-TTTN-2021-dieu-hanh-kinh-doanh-xang-dau-497107.aspx
[2026-04-21 11:07:08] FETCH STATUS: 200 | https://thuvienphapluat.vn/cong-van/Thuong-mai/Cong-van-7477-BCT-TTTN-2021-dieu-hanh-kinh-doanh-xang-dau-495582.aspx
[2026-04-21 11:07:08] FETCH OK: https://thuvienphapluat.vn/cong-van/Thuong-mai/Cong-van-7477-BCT-TTTN-2021-dieu-hanh-kinh-doanh-xang-dau-495582.aspx
[2026-04-21 11:07:09] FETCH STATUS: 200 | https://thuvienphapluat.vn/cong-van/Thuong-mai/Cong-van-7101-BCT-TTTN-2021-dieu-hanh-kinh-doanh-xang-dau-493968.aspx
[2026-04-21 11:07:09] FETCH OK: https://thuvienphapluat.vn/cong-van/Thuong-mai/Cong-van-7101-BCT-TTTN-2021-dieu-hanh-kinh-doanh-xang-dau-493968.aspx
[2026-04-21 11:07:10] FETCH STATUS: 200 | https://thuvienphapluat.vn/cong-van/Thuong-mai/Cong-van-6716-BCT-TTTN-2021-dieu-hanh-kinh-doanh-xang-dau-492469.aspx
[2026-04-21 11:07:10] FETCH OK: https://thuvienphapluat.vn/cong-van/Thuong-mai/Cong-van-6716-BCT-TTTN-2021-dieu-hanh-kinh-doanh-xang-dau-492469.aspx
[2026-04-21 11:07:11] FETCH STATUS: 200 | https://thuvienphapluat.vn/cong-van/Thuong-mai/Cong-van-6295-BCT-TTTN-2021-dieu-hanh-kinh-doanh-xang-dau-490756.aspx
[2026-04-21 11:07:11] FETCH OK: https://thuvienphapluat.vn/cong-van/Thuong-mai/Cong-van-6295-BCT-TTTN-2021-dieu-hanh-kinh-doanh-xang-dau-490756.aspx
[2026-04-21 11:07:13] FETCH STATUS: 200 | https://thuvienphapluat.vn/cong-van/Thuong-mai/Cong-van-5909-BCT-TTTN-2021-dieu-hanh-kinh-doanh-xang-dau-489146.aspx
[2026-04-21 11:07:13] FETCH OK: https://thuvienphapluat.vn/cong-van/Thuong-mai/Cong-van-5909-BCT-TTTN-2021-dieu-hanh-kinh-doanh-xang-dau-489146.aspx
[2026-04-21 11:07:14] FETCH STATUS: 200 | https://thuvienphapluat.vn/cong-van/Thuong-mai/Cong-van-5522-BCT-TTTN-2021-dieu-hanh-kinh-doanh-xang-dau-487477.aspx
[2026-04-21 11:07:14] FETCH OK: https://thuvienphapluat.vn/cong-van/Thuong-mai/Cong-van-5522-BCT-TTTN-2021-dieu-hanh-kinh-doanh-xang-dau-487477.aspx
[2026-04-21 11:07:15] FETCH STATUS: 200 | https://thuvienphapluat.vn/cong-van/Thuong-mai/Cong-van-5204-BCT-TTTN-2021-dieu-hanh-kinh-doanh-xang-dau-486064.aspx
[2026-04-21 11:07:15] FETCH OK: https://thuvienphapluat.vn/cong-van/Thuong-mai/Cong-van-5204-BCT-TTTN-2021-dieu-hanh-kinh-doanh-xang-dau-486064.aspx
[2026-04-21 11:07:16] FETCH STATUS: 200 | https://thuvienphapluat.vn/cong-van/Thuong-mai/Cong-van-4843-BCT-TTTN-2021-dieu-hanh-kinh-doanh-xang-dau-484312.aspx
[2026-04-21 11:07:16] FETCH OK: https://thuvienphapluat.vn/cong-van/Thuong-mai/Cong-van-4843-BCT-TTTN-2021-dieu-hanh-kinh-doanh-xang-dau-484312.aspx
[2026-04-21 11:07:17] FETCH STATUS: 200 | https://thuvienphapluat.vn/cong-van/Thuong-mai/Cong-van-4469-BCT-TTTN-2021-dieu-hanh-kinh-doanh-xang-dau-482589.aspx
[2026-04-21 11:07:17] FETCH OK: https://thuvienphapluat.vn/cong-van/Thuong-mai/Cong-van-4469-BCT-TTTN-2021-dieu-hanh-kinh-doanh-xang-dau-482589.aspx
[2026-04-21 11:07:18] FETCH STATUS: 200 | https://thuvienphapluat.vn/cong-van/Thuong-mai/Cong-van-4104-BCT-TTTN-2021-dieu-hanh-kinh-doanh-xang-dau-480875.aspx
[2026-04-21 11:07:18] FETCH OK: https://thuvienphapluat.vn/cong-van/Thuong-mai/Cong-van-4104-BCT-TTTN-2021-dieu-hanh-kinh-doanh-xang-dau-480875.aspx
[2026-04-21 11:07:20] FETCH STATUS: 403 | https://thuvienphapluat.vn/cong-van/Thuong-mai/Cong-van-3753-BCT-TTTN-2021-dieu-hanh-kinh-doanh-xang-dau-479188.aspx
[2026-04-21 11:07:20] FETCH STATUS: 200 | https://thuvienphapluat.vn/cong-van/Thuong-mai/Cong-van-3382-BCT-TTTN-2021-dieu-hanh-kinh-doanh-xang-dau-477415.aspx
[2026-04-21 11:07:20] FETCH OK: https://thuvienphapluat.vn/cong-van/Thuong-mai/Cong-van-3382-BCT-TTTN-2021-dieu-hanh-kinh-doanh-xang-dau-477415.aspx
[2026-04-21 11:07:21] FETCH STATUS: 200 | https://thuvienphapluat.vn/cong-van/Thuong-mai/Cong-van-2621-BCT-TTTN-2021-dieu-hanh-kinh-doanh-xang-dau-473948.aspx
[2026-04-21 11:07:21] FETCH OK: https://thuvienphapluat.vn/cong-van/Thuong-mai/Cong-van-2621-BCT-TTTN-2021-dieu-hanh-kinh-doanh-xang-dau-473948.aspx
[2026-04-21 11:07:23] FETCH STATUS: 200 | https://thuvienphapluat.vn/cong-van/Thuong-mai/Cong-van-2055-BCT-TTTN-2021-dieu-hanh-kinh-doanh-xang-dau-470560.aspx
[2026-04-21 11:07:23] FETCH OK: https://thuvienphapluat.vn/cong-van/Thuong-mai/Cong-van-2055-BCT-TTTN-2021-dieu-hanh-kinh-doanh-xang-dau-470560.aspx
[2026-04-21 11:07:24] FETCH STATUS: 200 | https://thuvienphapluat.vn/cong-van/Thuong-mai/Cong-van-1685-BCT-TTTN-2021-dieu-hanh-kinh-doanh-xang-dau-468947.aspx
[2026-04-21 11:07:24] FETCH OK: https://thuvienphapluat.vn/cong-van/Thuong-mai/Cong-van-1685-BCT-TTTN-2021-dieu-hanh-kinh-doanh-xang-dau-468947.aspx
[2026-04-21 11:07:25] FETCH STATUS: 200 | https://thuvienphapluat.vn/cong-van/Thuong-mai/Cong-van-1348-BCT-TTTN-2021-dieu-hanh-kinh-doanh-xang-dau-467376.aspx
[2026-04-21 11:07:25] FETCH OK: https://thuvienphapluat.vn/cong-van/Thuong-mai/Cong-van-1348-BCT-TTTN-2021-dieu-hanh-kinh-doanh-xang-dau-467376.aspx
[2026-04-21 11:07:26] FETCH STATUS: 200 | https://thuvienphapluat.vn/cong-van/Thuong-mai/Cong-van-992-BCT-TTTN-2021-dieu-hanh-kinh-doanh-xang-dau-465910.aspx
[2026-04-21 11:07:26] FETCH OK: https://thuvienphapluat.vn/cong-van/Thuong-mai/Cong-van-992-BCT-TTTN-2021-dieu-hanh-kinh-doanh-xang-dau-465910.aspx
[2026-04-21 11:07:27] FETCH STATUS: 200 | https://thuvienphapluat.vn/cong-van/Thuong-mai/Cong-van-856-BCT-TTTN-2021-quy-dinh-dieu-hanh-kinh-doanh-xang-dau-465103.aspx
[2026-04-21 11:07:27] FETCH OK: https://thuvienphapluat.vn/cong-van/Thuong-mai/Cong-van-856-BCT-TTTN-2021-quy-dinh-dieu-hanh-kinh-doanh-xang-dau-465103.aspx
[2026-04-21 11:07:29] FETCH STATUS: 200 | https://thuvienphapluat.vn/cong-van/Thuong-mai/Cong-van-466-BCT-TTTN-2021-dieu-hanh-kinh-doanh-xang-dau-463633.aspx
[2026-04-21 11:07:29] FETCH OK: https://thuvienphapluat.vn/cong-van/Thuong-mai/Cong-van-466-BCT-TTTN-2021-dieu-hanh-kinh-doanh-xang-dau-463633.aspx
[2026-04-21 11:07:30] FETCH STATUS: 200 | https://thuvienphapluat.vn/cong-van/Thuong-mai/Cong-van-150-BCT-TTTN-2020-dieu-hanh-kinh-doanh-xang-dau-461916.aspx
[2026-04-21 11:07:30] FETCH OK: https://thuvienphapluat.vn/cong-van/Thuong-mai/Cong-van-150-BCT-TTTN-2020-dieu-hanh-kinh-doanh-xang-dau-461916.aspx
[2026-04-21 11:07:31] FETCH STATUS: 200 | https://thuvienphapluat.vn/cong-van/Thuong-mai/Cong-van-10034-BCT-TTTN-2020-dieu-hanh-kinh-doanh-xang-dau-460580.aspx
[2026-04-21 11:07:31] FETCH OK: https://thuvienphapluat.vn/cong-van/Thuong-mai/Cong-van-10034-BCT-TTTN-2020-dieu-hanh-kinh-doanh-xang-dau-460580.aspx
[2026-04-21 11:07:32] FETCH STATUS: 200 | https://thuvienphapluat.vn/cong-van/Thuong-mai/Cong-van-7212-BCT-TTTN-2020-dieu-hanh-kinh-doanh-xang-dau-493591.aspx
[2026-04-21 11:07:32] FETCH OK: https://thuvienphapluat.vn/cong-van/Thuong-mai/Cong-van-7212-BCT-TTTN-2020-dieu-hanh-kinh-doanh-xang-dau-493591.aspx
[2026-04-21 11:07:33] FETCH STATUS: 200 | https://thuvienphapluat.vn/cong-van/Thuong-mai/Cong-van-5919-BCT-TTTN-2020-dieu-hanh-kinh-doanh-xang-dau-449870.aspx
[2026-04-21 11:07:34] FETCH OK: https://thuvienphapluat.vn/cong-van/Thuong-mai/Cong-van-5919-BCT-TTTN-2020-dieu-hanh-kinh-doanh-xang-dau-449870.aspx
[2026-04-21 11:07:35] FETCH STATUS: 200 | https://thuvienphapluat.vn/cong-van/Thuong-mai/Cong-van-5464-BCT-TTTN-2020-dieu-hanh-kinh-doanh-xang-dau-448324.aspx
[2026-04-21 11:07:35] FETCH OK: https://thuvienphapluat.vn/cong-van/Thuong-mai/Cong-van-5464-BCT-TTTN-2020-dieu-hanh-kinh-doanh-xang-dau-448324.aspx
[2026-04-21 11:07:36] FETCH STATUS: 200 | https://thuvienphapluat.vn/cong-van/Thuong-mai/Cong-van-5046-BCT-TTTN-2020-dieu-hanh-kinh-doanh-xang-dau-447191.aspx
[2026-04-21 11:07:36] FETCH OK: https://thuvienphapluat.vn/cong-van/Thuong-mai/Cong-van-5046-BCT-TTTN-2020-dieu-hanh-kinh-doanh-xang-dau-447191.aspx
[2026-04-21 11:07:37] FETCH STATUS: 200 | https://thuvienphapluat.vn/cong-van/Thuong-mai/Cong-van-4686-BCT-TTTN-2020-dieu-hanh-kinh-doanh-xang-dau-445977.aspx
[2026-04-21 11:07:37] FETCH OK: https://thuvienphapluat.vn/cong-van/Thuong-mai/Cong-van-4686-BCT-TTTN-2020-dieu-hanh-kinh-doanh-xang-dau-445977.aspx
[2026-04-21 11:07:38] FETCH STATUS: 200 | https://thuvienphapluat.vn/cong-van/Thuong-mai/Cong-van-4227-BCT-TTTN-2020-cong-bo-gia-co-so-kinh-doanh-xang-dau-tren-thi-truong-444775.aspx
[2026-04-21 11:07:38] FETCH OK: https://thuvienphapluat.vn/cong-van/Thuong-mai/Cong-van-4227-BCT-TTTN-2020-cong-bo-gia-co-so-kinh-doanh-xang-dau-tren-thi-truong-444775.aspx
[2026-04-21 11:07:40] FETCH STATUS: 200 | https://thuvienphapluat.vn/cong-van/Tai-chinh-nha-nuoc/Cong-van-3821-BCT-TTTN-2020-dieu-hanh-kinh-doanh-xang-dau-443754.aspx
[2026-04-21 11:07:40] FETCH OK: https://thuvienphapluat.vn/cong-van/Tai-chinh-nha-nuoc/Cong-van-3821-BCT-TTTN-2020-dieu-hanh-kinh-doanh-xang-dau-443754.aspx
[2026-04-21 11:07:41] FETCH STATUS: 200 | https://thuvienphapluat.vn/cong-van/Tai-chinh-nha-nuoc/Cong-van-3397-BCT-TTTN-2020-dieu-hanh-kinh-doanh-xang-dau-442411.aspx
[2026-04-21 11:07:41] FETCH OK: https://thuvienphapluat.vn/cong-van/Tai-chinh-nha-nuoc/Cong-van-3397-BCT-TTTN-2020-dieu-hanh-kinh-doanh-xang-dau-442411.aspx
[2026-04-21 11:07:42] FETCH STATUS: 200 | https://thuvienphapluat.vn/cong-van/Thuong-mai/Cong-van-3006-BCT-TTTN-2020-dieu-hanh-kinh-doanh-xang-dau-441182.aspx
[2026-04-21 11:07:42] FETCH OK: https://thuvienphapluat.vn/cong-van/Thuong-mai/Cong-van-3006-BCT-TTTN-2020-dieu-hanh-kinh-doanh-xang-dau-441182.aspx
[2026-04-21 11:07:43] FETCH STATUS: 200 | https://thuvienphapluat.vn/cong-van/Thuong-mai/Cong-van-2587-BCT-TTTN-2020-dieu-hanh-kinh-doanh-xang-dau-439755.aspx
[2026-04-21 11:07:43] FETCH OK: https://thuvienphapluat.vn/cong-van/Thuong-mai/Cong-van-2587-BCT-TTTN-2020-dieu-hanh-kinh-doanh-xang-dau-439755.aspx
[2026-04-21 11:07:44] FETCH STATUS: 200 | https://thuvienphapluat.vn/cong-van/Thuong-mai/Cong-van-1798-BCT-TTTN-2020-kinh-doanh-xang-dau-437649.aspx
[2026-04-21 11:07:44] FETCH OK: https://thuvienphapluat.vn/cong-van/Thuong-mai/Cong-van-1798-BCT-TTTN-2020-kinh-doanh-xang-dau-437649.aspx
[2026-04-21 11:07:46] FETCH STATUS: 200 | https://thuvienphapluat.vn/cong-van/Thuong-mai/Cong-van-1373-BCT-TTTN-2020-dieu-hanh-kinh-doanh-xang-dau-509822.aspx
[2026-04-21 11:07:46] FETCH OK: https://thuvienphapluat.vn/cong-van/Thuong-mai/Cong-van-1373-BCT-TTTN-2020-dieu-hanh-kinh-doanh-xang-dau-509822.aspx
[2026-04-21 11:07:47] FETCH STATUS: 200 | https://thuvienphapluat.vn/cong-van/Thuong-mai/Cong-van-944-BCT-TTTN-2020-dieu-hanh-kinh-doanh-xang-dau-435342.aspx
[2026-04-21 11:07:47] FETCH OK: https://thuvienphapluat.vn/cong-van/Thuong-mai/Cong-van-944-BCT-TTTN-2020-dieu-hanh-kinh-doanh-xang-dau-435342.aspx
[2026-04-21 11:07:48] FETCH STATUS: 200 | https://thuvienphapluat.vn/cong-van/Thuong-mai/Cong-van-343-BCT-TTTN-2020-dieu-hanh-kinh-doanh-xang-dau-432938.aspx
[2026-04-21 11:07:48] FETCH OK: https://thuvienphapluat.vn/cong-van/Thuong-mai/Cong-van-343-BCT-TTTN-2020-dieu-hanh-kinh-doanh-xang-dau-432938.aspx
[2026-04-21 11:07:50] FETCH STATUS: 200 | https://thuvienphapluat.vn/cong-van/Thuong-mai/Cong-van-10162-BCT-TTTN-2019-dieu-hanh-kinh-doanh-xang-dau-511814.aspx
[2026-04-21 11:07:50] FETCH OK: https://thuvienphapluat.vn/cong-van/Thuong-mai/Cong-van-10162-BCT-TTTN-2019-dieu-hanh-kinh-doanh-xang-dau-511814.aspx
[2026-04-21 11:07:51] FETCH STATUS: 200 | https://thuvienphapluat.vn/cong-van/Thuong-mai/Cong-van-9621-BCT-TTTN-2019-dieu-hanh-kinh-doanh-xang-dau-512342.aspx
[2026-04-21 11:07:51] FETCH OK: https://thuvienphapluat.vn/cong-van/Thuong-mai/Cong-van-9621-BCT-TTTN-2019-dieu-hanh-kinh-doanh-xang-dau-512342.aspx
[2026-04-21 11:07:52] FETCH STATUS: 200 | https://thuvienphapluat.vn/cong-van/Thuong-mai/Cong-van-9139-BCT-TTTN-2019-dieu-hanh-kinh-doanh-xang-dau-512481.aspx
[2026-04-21 11:07:52] FETCH OK: https://thuvienphapluat.vn/cong-van/Thuong-mai/Cong-van-9139-BCT-TTTN-2019-dieu-hanh-kinh-doanh-xang-dau-512481.aspx
[2026-04-21 11:07:53] FETCH STATUS: 200 | https://thuvienphapluat.vn/cong-van/Thuong-mai/Cong-van-8733-BCT-TTTN-2019-dieu-hanh-kinh-doanh-xang-dau-514194.aspx
[2026-04-21 11:07:53] FETCH OK: https://thuvienphapluat.vn/cong-van/Thuong-mai/Cong-van-8733-BCT-TTTN-2019-dieu-hanh-kinh-doanh-xang-dau-514194.aspx
[2026-04-21 11:07:54] FETCH STATUS: 200 | https://thuvienphapluat.vn/cong-van/Thuong-mai/Cong-van-8258-BCT-TTTN-2019-dieu-hanh-kinh-doanh-xang-dau-427077.aspx
[2026-04-21 11:07:54] FETCH OK: https://thuvienphapluat.vn/cong-van/Thuong-mai/Cong-van-8258-BCT-TTTN-2019-dieu-hanh-kinh-doanh-xang-dau-427077.aspx
[2026-04-21 11:07:55] FETCH STATUS: 200 | https://thuvienphapluat.vn/cong-van/Thuong-mai/Cong-van-7785-BCT-TTTN-2019-kinh-doanh-xang-dau-426252.aspx
[2026-04-21 11:07:55] FETCH OK: https://thuvienphapluat.vn/cong-van/Thuong-mai/Cong-van-7785-BCT-TTTN-2019-kinh-doanh-xang-dau-426252.aspx
[2026-04-21 11:07:57] FETCH STATUS: 403 | https://thuvienphapluat.vn/cong-van/Thuong-mai/Cong-van-6817-BCT-TTTN-2019-dieu-hanh-kinh-doanh-xang-dau-424046.aspx
[2026-04-21 11:07:57] FETCH STATUS: 200 | https://thuvienphapluat.vn/cong-van/Thuong-mai/Cong-van-6012-BCT-TTTN-2019-dieu-hanh-kinh-doanh-xang-dau-421225.aspx
[2026-04-21 11:07:57] FETCH OK: https://thuvienphapluat.vn/cong-van/Thuong-mai/Cong-van-6012-BCT-TTTN-2019-dieu-hanh-kinh-doanh-xang-dau-421225.aspx
[2026-04-21 11:07:58] FETCH STATUS: 200 | https://thuvienphapluat.vn/cong-van/Thuong-mai/Cong-van-5531-BCT-TTTN-2019-ve-dieu-hanh-kinh-doanh-xang-dau-420105.aspx
[2026-04-21 11:07:58] FETCH OK: https://thuvienphapluat.vn/cong-van/Thuong-mai/Cong-van-5531-BCT-TTTN-2019-ve-dieu-hanh-kinh-doanh-xang-dau-420105.aspx
[2026-04-21 11:07:59] FETCH STATUS: 200 | https://thuvienphapluat.vn/cong-van/Thuong-mai/Cong-van-5087-BCT-TTTN-2019-ve-dieu-hanh-kinh-doanh-xang-dau-418929.aspx
[2026-04-21 11:07:59] FETCH OK: https://thuvienphapluat.vn/cong-van/Thuong-mai/Cong-van-5087-BCT-TTTN-2019-ve-dieu-hanh-kinh-doanh-xang-dau-418929.aspx
[2026-04-21 11:08:00] FETCH STATUS: 200 | https://thuvienphapluat.vn/cong-van/Thuong-mai/Cong-van-4720-BCT-TTTN-2019-ve-dieu-hanh-kinh-doanh-xang-dau-418753.aspx
[2026-04-21 11:08:00] FETCH OK: https://thuvienphapluat.vn/cong-van/Thuong-mai/Cong-van-4720-BCT-TTTN-2019-ve-dieu-hanh-kinh-doanh-xang-dau-418753.aspx
[2026-04-21 11:08:01] FETCH STATUS: 200 | https://thuvienphapluat.vn/cong-van/Thuong-mai/Cong-van-4286-BCT-TTTN-2019-dieu-hanh-kinh-doah-xang-dau-416531.aspx
[2026-04-21 11:08:01] FETCH OK: https://thuvienphapluat.vn/cong-van/Thuong-mai/Cong-van-4286-BCT-TTTN-2019-dieu-hanh-kinh-doah-xang-dau-416531.aspx
[2026-04-21 11:08:03] FETCH STATUS: 200 | https://thuvienphapluat.vn/cong-van/Thuong-mai/Cong-van-3864-BCT-TTTN-2019-ve-dieu-hanh-kinh-doanh-xang-dau-416102.aspx
[2026-04-21 11:08:03] FETCH OK: https://thuvienphapluat.vn/cong-van/Thuong-mai/Cong-van-3864-BCT-TTTN-2019-ve-dieu-hanh-kinh-doanh-xang-dau-416102.aspx
[2026-04-21 11:08:04] FETCH STATUS: 200 | https://thuvienphapluat.vn/cong-van/Thuong-mai/Cong-van-3466-BCT-TTTN-2019-dieu-hanh-kinh-doanh-xang-dau-414220.aspx
[2026-04-21 11:08:04] FETCH OK: https://thuvienphapluat.vn/cong-van/Thuong-mai/Cong-van-3466-BCT-TTTN-2019-dieu-hanh-kinh-doanh-xang-dau-414220.aspx
[2026-04-21 11:08:05] FETCH STATUS: 200 | https://thuvienphapluat.vn/cong-van/Thuong-mai/Cong-van-3006-BCT-TTTN-2019-dieu-hanh-kinh-doanh-xang-dau-412758.aspx
[2026-04-21 11:08:05] FETCH OK: https://thuvienphapluat.vn/cong-van/Thuong-mai/Cong-van-3006-BCT-TTTN-2019-dieu-hanh-kinh-doanh-xang-dau-412758.aspx
[2026-04-21 11:08:06] FETCH STATUS: 200 | https://thuvienphapluat.vn/cong-van/Thuong-mai/Cong-van-2647-BCT-TTTN-2019-dieu-hanh-kinh-doanh-xang-dau-411767.aspx
[2026-04-21 11:08:06] FETCH OK: https://thuvienphapluat.vn/cong-van/Thuong-mai/Cong-van-2647-BCT-TTTN-2019-dieu-hanh-kinh-doanh-xang-dau-411767.aspx
[2026-04-21 11:08:07] FETCH STATUS: 200 | https://thuvienphapluat.vn/cong-van/Thuong-mai/Cong-van-1363-BCT-TTTN-2019-dieu-hanh-kinh-doanh-xang-dau-410164.aspx
[2026-04-21 11:08:07] FETCH OK: https://thuvienphapluat.vn/cong-van/Thuong-mai/Cong-van-1363-BCT-TTTN-2019-dieu-hanh-kinh-doanh-xang-dau-410164.aspx
[2026-04-21 11:08:08] FETCH STATUS: 200 | https://thuvienphapluat.vn/cong-van/Thuong-mai/Cong-van-8989-BCT-TTTN-2018-dieu-hanh-kinh-doanh-xang-dau-399015.aspx
[2026-04-21 11:08:08] FETCH OK: https://thuvienphapluat.vn/cong-van/Thuong-mai/Cong-van-8989-BCT-TTTN-2018-dieu-hanh-kinh-doanh-xang-dau-399015.aspx
[2026-04-21 11:08:09] FETCH STATUS: 200 | https://thuvienphapluat.vn/cong-van/Thuong-mai/Cong-van-8563-BCT-TTTN-2018-dieu-hanh-kinh-doanh-xang-dau-397560.aspx
[2026-04-21 11:08:09] FETCH OK: https://thuvienphapluat.vn/cong-van/Thuong-mai/Cong-van-8563-BCT-TTTN-2018-dieu-hanh-kinh-doanh-xang-dau-397560.aspx
[2026-04-21 11:08:10] FETCH STATUS: 200 | https://thuvienphapluat.vn/cong-van/Thuong-mai/Cong-van-7657-BCT-TTTN-2018-dieu-hanh-kinh-doanh-xang-dau-395197.aspx
[2026-04-21 11:08:10] FETCH OK: https://thuvienphapluat.vn/cong-van/Thuong-mai/Cong-van-7657-BCT-TTTN-2018-dieu-hanh-kinh-doanh-xang-dau-395197.aspx
[2026-04-21 11:08:12] FETCH STATUS: 200 | https://thuvienphapluat.vn/cong-van/Thuong-mai/Cong-van-7194-BCT-TTTN-2018-dieu-hanh-kinh-doanh-xang-dau-393365.aspx
[2026-04-21 11:08:12] FETCH OK: https://thuvienphapluat.vn/cong-van/Thuong-mai/Cong-van-7194-BCT-TTTN-2018-dieu-hanh-kinh-doanh-xang-dau-393365.aspx
[2026-04-21 11:08:13] FETCH STATUS: 200 | https://thuvienphapluat.vn/cong-van/Thuong-mai/Cong-van-6181-BCT-TTTN-2018-dieu-hanh-kinh-doanh-xang-dau-389885.aspx
[2026-04-21 11:08:13] FETCH OK: https://thuvienphapluat.vn/cong-van/Thuong-mai/Cong-van-6181-BCT-TTTN-2018-dieu-hanh-kinh-doanh-xang-dau-389885.aspx
[2026-04-21 11:08:14] FETCH STATUS: 200 | https://thuvienphapluat.vn/cong-van/Thuong-mai/Cong-van-5778-BCT-TTTN-2018-dieu-hanh-kinh-doanh-xang-dau-388226.aspx
[2026-04-21 11:08:14] FETCH OK: https://thuvienphapluat.vn/cong-van/Thuong-mai/Cong-van-5778-BCT-TTTN-2018-dieu-hanh-kinh-doanh-xang-dau-388226.aspx
[2026-04-21 11:08:15] FETCH STATUS: 200 | https://thuvienphapluat.vn/cong-van/Thuong-mai/Cong-van-4530-BCT-TTTN-2018-dieu-hanh-kinh-doanh-xang-dau-383741.aspx
[2026-04-21 11:08:15] FETCH OK: https://thuvienphapluat.vn/cong-van/Thuong-mai/Cong-van-4530-BCT-TTTN-2018-dieu-hanh-kinh-doanh-xang-dau-383741.aspx
[2026-04-21 11:08:16] FETCH STATUS: 200 | https://thuvienphapluat.vn/cong-van/Thuong-mai/Cong-van-4057-BCT-TTTN-2018-dieu-hanh-kinh-doanh-xang-dau-382514.aspx
[2026-04-21 11:08:16] FETCH OK: https://thuvienphapluat.vn/cong-van/Thuong-mai/Cong-van-4057-BCT-TTTN-2018-dieu-hanh-kinh-doanh-xang-dau-382514.aspx
[2026-04-21 11:08:17] FETCH STATUS: 200 | https://thuvienphapluat.vn/cong-van/Thuong-mai/Cong-van-3585-BCT-TTTN-2018-dieu-hanh-kinh-doanh-xang-dau-381286.aspx
[2026-04-21 11:08:17] FETCH OK: https://thuvienphapluat.vn/cong-van/Thuong-mai/Cong-van-3585-BCT-TTTN-2018-dieu-hanh-kinh-doanh-xang-dau-381286.aspx
[2026-04-21 11:08:18] FETCH STATUS: 200 | https://thuvienphapluat.vn/cong-van/Thuong-mai/Cong-van-2243-BCT-TTTN-2018-dieu-hanh-kinh-doanh-xang-dau-387974.aspx
[2026-04-21 11:08:18] FETCH OK: https://thuvienphapluat.vn/cong-van/Thuong-mai/Cong-van-2243-BCT-TTTN-2018-dieu-hanh-kinh-doanh-xang-dau-387974.aspx
[2026-04-21 11:08:19] FETCH STATUS: 200 | https://thuvienphapluat.vn/cong-van/Thuong-mai/Cong-van-1757-BCT-TTTN-2018-dieu-hanh-kinh-doanh-xang-dau-376238.aspx
[2026-04-21 11:08:19] FETCH OK: https://thuvienphapluat.vn/cong-van/Thuong-mai/Cong-van-1757-BCT-TTTN-2018-dieu-hanh-kinh-doanh-xang-dau-376238.aspx
[2026-04-21 11:08:20] FETCH STATUS: 200 | https://thuvienphapluat.vn/cong-van/Thuong-mai/Cong-van-1377-BCT-TTTN-2018-dieu-hanh-kinh-doanh-xang-dau-374927.aspx
[2026-04-21 11:08:20] FETCH OK: https://thuvienphapluat.vn/cong-van/Thuong-mai/Cong-van-1377-BCT-TTTN-2018-dieu-hanh-kinh-doanh-xang-dau-374927.aspx
[2026-04-21 11:08:22] FETCH STATUS: 200 | https://thuvienphapluat.vn/cong-van/Thuong-mai/Cong-van-1073-BCT-TTTN-2018-dieu-hanh-kinh-doanh-xang-dau-374438.aspx
[2026-04-21 11:08:22] FETCH OK: https://thuvienphapluat.vn/cong-van/Thuong-mai/Cong-van-1073-BCT-TTTN-2018-dieu-hanh-kinh-doanh-xang-dau-374438.aspx
[2026-04-21 11:08:23] FETCH STATUS: 200 | https://thuvienphapluat.vn/cong-van/Thuong-mai/Cong-van-552-BCT-TTTN-2018-dieu-hanh-kinh-doanh-xang-dau-372752.aspx
[2026-04-21 11:08:23] FETCH OK: https://thuvienphapluat.vn/cong-van/Thuong-mai/Cong-van-552-BCT-TTTN-2018-dieu-hanh-kinh-doanh-xang-dau-372752.aspx
[2026-04-21 11:08:24] FETCH STATUS: 200 | https://thuvienphapluat.vn/cong-van/Thuong-mai/Cong-van-51-BCT-TTTN-2018-dieu-hanh-kinh-doanh-xang-dau-371492.aspx
[2026-04-21 11:08:24] FETCH OK: https://thuvienphapluat.vn/cong-van/Thuong-mai/Cong-van-51-BCT-TTTN-2018-dieu-hanh-kinh-doanh-xang-dau-371492.aspx
[2026-04-21 11:08:25] FETCH STATUS: 200 | https://thuvienphapluat.vn/cong-van/Thuong-mai/Cong-van-11964-BCT-TTTN-2017-dieu-hanh-kinh-doanh-xang-dau-370234.aspx
[2026-04-21 11:08:25] FETCH OK: https://thuvienphapluat.vn/cong-van/Thuong-mai/Cong-van-11964-BCT-TTTN-2017-dieu-hanh-kinh-doanh-xang-dau-370234.aspx
[2026-04-21 11:08:26] FETCH STATUS: 200 | https://thuvienphapluat.vn/cong-van/Thuong-mai/Cong-van-11448-BCT-TTTN-2017-dieu-hanh-kinh-doanh-xang-dau-368985.aspx
[2026-04-21 11:08:26] FETCH OK: https://thuvienphapluat.vn/cong-van/Thuong-mai/Cong-van-11448-BCT-TTTN-2017-dieu-hanh-kinh-doanh-xang-dau-368985.aspx
[2026-04-21 11:08:27] FETCH STATUS: 200 | https://thuvienphapluat.vn/cong-van/Thuong-mai/Cong-van-10896-BCT-TTTN-2017-dieu-hanh-kinh-doanh-xang-dau-367626.aspx
[2026-04-21 11:08:27] FETCH OK: https://thuvienphapluat.vn/cong-van/Thuong-mai/Cong-van-10896-BCT-TTTN-2017-dieu-hanh-kinh-doanh-xang-dau-367626.aspx
[2026-04-21 11:08:28] FETCH STATUS: 200 | https://thuvienphapluat.vn/cong-van/Thuong-mai/Cong-van-10365-BCT-TTTN-2017-dieu-hanh-kinh-doanh-xang-dau-366261.aspx
[2026-04-21 11:08:28] FETCH OK: https://thuvienphapluat.vn/cong-van/Thuong-mai/Cong-van-10365-BCT-TTTN-2017-dieu-hanh-kinh-doanh-xang-dau-366261.aspx
[2026-04-21 11:08:29] FETCH STATUS: 200 | https://thuvienphapluat.vn/cong-van/Thuong-mai/Cong-van-9759-BCT-TTTN-2017-dieu-hanh-kinh-doanh-xang-dau-364831.aspx
[2026-04-21 11:08:29] FETCH OK: https://thuvienphapluat.vn/cong-van/Thuong-mai/Cong-van-9759-BCT-TTTN-2017-dieu-hanh-kinh-doanh-xang-dau-364831.aspx
[2026-04-21 11:08:31] FETCH STATUS: 200 | https://thuvienphapluat.vn/cong-van/Thuong-mai/Cong-van-9278-BCT-TTTN-2017-dieu-hanh-kinh-doanh-xang-dau-363619.aspx
[2026-04-21 11:08:31] FETCH OK: https://thuvienphapluat.vn/cong-van/Thuong-mai/Cong-van-9278-BCT-TTTN-2017-dieu-hanh-kinh-doanh-xang-dau-363619.aspx
[2026-04-21 11:08:32] FETCH STATUS: 200 | https://thuvienphapluat.vn/cong-van/Thuong-mai/Cong-van-8724-BCT-TTTN-2017-dieu-hanh-kinh-doanh-xang-dau-361833.aspx
[2026-04-21 11:08:32] FETCH OK: https://thuvienphapluat.vn/cong-van/Thuong-mai/Cong-van-8724-BCT-TTTN-2017-dieu-hanh-kinh-doanh-xang-dau-361833.aspx
[2026-04-21 11:08:33] FETCH STATUS: 403 | https://thuvienphapluat.vn/cong-van/Thuong-mai/Cong-van-8178-BCT-TTTN-2017-dieu-hanh-kinh-doanh-xang-dau-360655.aspx
[2026-04-21 11:08:34] FETCH STATUS: 200 | https://thuvienphapluat.vn/cong-van/Thuong-mai/Cong-van-7616-BCT-TTTN-2017-dieu-hanh-kinh-doanh-xang-dau-359409.aspx
[2026-04-21 11:08:34] FETCH OK: https://thuvienphapluat.vn/cong-van/Thuong-mai/Cong-van-7616-BCT-TTTN-2017-dieu-hanh-kinh-doanh-xang-dau-359409.aspx
[2026-04-21 11:08:35] FETCH STATUS: 200 | https://thuvienphapluat.vn/cong-van/Thuong-mai/Cong-van-7027-BCT-TTTN-2017-dieu-hanh-kinh-doanh-xang-dau-dau-moi-kinh-doanh-xang-dau-357804.aspx
[2026-04-21 11:08:35] FETCH OK: https://thuvienphapluat.vn/cong-van/Thuong-mai/Cong-van-7027-BCT-TTTN-2017-dieu-hanh-kinh-doanh-xang-dau-dau-moi-kinh-doanh-xang-dau-357804.aspx
[2026-04-21 11:08:36] FETCH STATUS: 200 | https://thuvienphapluat.vn/cong-van/Thuong-mai/Cong-van-6473-BCT-TTTN-2017-dieu-hanh-kinh-doanh-xang-dau-355818.aspx
[2026-04-21 11:08:36] FETCH OK: https://thuvienphapluat.vn/cong-van/Thuong-mai/Cong-van-6473-BCT-TTTN-2017-dieu-hanh-kinh-doanh-xang-dau-355818.aspx
[2026-04-21 11:08:37] FETCH STATUS: 200 | https://thuvienphapluat.vn/cong-van/Thuong-mai/Quyet-dinh-5977-QD-BCT-2017-dieu-hanh-kinh-doanh-xang-dau-354025.aspx
[2026-04-21 11:08:37] FETCH OK: https://thuvienphapluat.vn/cong-van/Thuong-mai/Quyet-dinh-5977-QD-BCT-2017-dieu-hanh-kinh-doanh-xang-dau-354025.aspx
[2026-04-21 11:08:38] FETCH STATUS: 200 | https://thuvienphapluat.vn/cong-van/Thuong-mai/Cong-van-5430-BCT-TTTN-2017-dieu-hanh-kinh-doanh-xang-dau-352523.aspx
[2026-04-21 11:08:38] FETCH OK: https://thuvienphapluat.vn/cong-van/Thuong-mai/Cong-van-5430-BCT-TTTN-2017-dieu-hanh-kinh-doanh-xang-dau-352523.aspx
[2026-04-21 11:08:40] FETCH STATUS: 200 | https://thuvienphapluat.vn/cong-van/Thuong-mai/Cong-van-4442-BCT-TTTN-2017-dieu-hanh-kinh-doanh-xang-dau-349719.aspx
[2026-04-21 11:08:40] FETCH OK: https://thuvienphapluat.vn/cong-van/Thuong-mai/Cong-van-4442-BCT-TTTN-2017-dieu-hanh-kinh-doanh-xang-dau-349719.aspx
[2026-04-21 11:08:41] FETCH STATUS: 200 | https://thuvienphapluat.vn/cong-van/Thuong-mai/Cong-van-3886-BCT-TTTN-dieu-hanh-kinh-doanh-xang-dau-2017-348294.aspx
[2026-04-21 11:08:41] FETCH OK: https://thuvienphapluat.vn/cong-van/Thuong-mai/Cong-van-3886-BCT-TTTN-dieu-hanh-kinh-doanh-xang-dau-2017-348294.aspx
[2026-04-21 11:08:42] FETCH STATUS: 200 | https://thuvienphapluat.vn/cong-van/Thuong-mai/Cong-van-3372-BCT-TTTN-dieu-hanh-kinh-doanh-xang-dau-2017-346707.aspx
[2026-04-21 11:08:42] FETCH OK: https://thuvienphapluat.vn/cong-van/Thuong-mai/Cong-van-3372-BCT-TTTN-dieu-hanh-kinh-doanh-xang-dau-2017-346707.aspx
[2026-04-21 11:08:44] FETCH STATUS: 200 | https://thuvienphapluat.vn/cong-van/Thuong-mai/Cong-van-2833-BCT-TTTN-dieu-hanh-kinh-doanh-xang-dau-2017-345987.aspx
[2026-04-21 11:08:44] FETCH OK: https://thuvienphapluat.vn/cong-van/Thuong-mai/Cong-van-2833-BCT-TTTN-dieu-hanh-kinh-doanh-xang-dau-2017-345987.aspx
[2026-04-21 11:08:45] FETCH STATUS: 200 | https://thuvienphapluat.vn/cong-van/Thuong-mai/Cong-van-2284-BCT-TTTN-dieu-hanh-kinh-doanh-xang-dau-2017-343184.aspx
[2026-04-21 11:08:45] FETCH OK: https://thuvienphapluat.vn/cong-van/Thuong-mai/Cong-van-2284-BCT-TTTN-dieu-hanh-kinh-doanh-xang-dau-2017-343184.aspx
[2026-04-21 11:08:47] FETCH STATUS: 200 | https://thuvienphapluat.vn/cong-van/Thuong-mai/Cong-van-1775-BCT-TTTN-dieu-hanh-kinh-doanh-xang-dau-2017-341514.aspx
[2026-04-21 11:08:47] FETCH OK: https://thuvienphapluat.vn/cong-van/Thuong-mai/Cong-van-1775-BCT-TTTN-dieu-hanh-kinh-doanh-xang-dau-2017-341514.aspx
[2026-04-21 11:08:48] FETCH STATUS: 200 | https://thuvienphapluat.vn/cong-van/Thuong-mai/Cong-van-1315-BCT-TTTN-dieu-hanh-kinh-doanh-xang-dau-2017-340087.aspx
[2026-04-21 11:08:48] FETCH OK: https://thuvienphapluat.vn/cong-van/Thuong-mai/Cong-van-1315-BCT-TTTN-dieu-hanh-kinh-doanh-xang-dau-2017-340087.aspx
[2026-04-21 11:08:49] FETCH STATUS: 200 | https://thuvienphapluat.vn/cong-van/Thuong-mai/Cong-van-845-BCT-TTTN-dieu-hanh-kinh-doanh-xang-dau-2017-338394.aspx
[2026-04-21 11:08:49] FETCH OK: https://thuvienphapluat.vn/cong-van/Thuong-mai/Cong-van-845-BCT-TTTN-dieu-hanh-kinh-doanh-xang-dau-2017-338394.aspx
[2026-04-21 11:08:50] FETCH STATUS: 200 | https://thuvienphapluat.vn/cong-van/Thuong-mai/Cong-van-562-BCT-TTTN-dieu-hanh-kinh-doanh-xang-dau-2017-337760.aspx
[2026-04-21 11:08:50] FETCH OK: https://thuvienphapluat.vn/cong-van/Thuong-mai/Cong-van-562-BCT-TTTN-dieu-hanh-kinh-doanh-xang-dau-2017-337760.aspx
[2026-04-21 11:08:52] FETCH STATUS: 200 | https://thuvienphapluat.vn/cong-van/Thuong-mai/Cong-van-88-BCT-TTTN-dieu-hanh-kinh-doanh-xang-dau-2017-336302.aspx
[2026-04-21 11:08:52] FETCH OK: https://thuvienphapluat.vn/cong-van/Thuong-mai/Cong-van-88-BCT-TTTN-dieu-hanh-kinh-doanh-xang-dau-2017-336302.aspx
[2026-04-21 11:08:53] FETCH STATUS: 200 | https://thuvienphapluat.vn/cong-van/Thuong-mai/Cong-van-12255-BCT-TTTN-dieu-hanh-kinh-doanh-xang-dau-2016-334659.aspx
[2026-04-21 11:08:53] FETCH OK: https://thuvienphapluat.vn/cong-van/Thuong-mai/Cong-van-12255-BCT-TTTN-dieu-hanh-kinh-doanh-xang-dau-2016-334659.aspx
[2026-04-21 11:08:54] FETCH STATUS: 200 | https://thuvienphapluat.vn/cong-van/Thuong-mai/Cong-van-11674-BCT-TTTN-dieu-hanh-kinh-doanh-xang-dau-2016-332859.aspx
[2026-04-21 11:08:54] FETCH OK: https://thuvienphapluat.vn/cong-van/Thuong-mai/Cong-van-11674-BCT-TTTN-dieu-hanh-kinh-doanh-xang-dau-2016-332859.aspx
[2026-04-21 11:08:55] FETCH STATUS: 200 | https://thuvienphapluat.vn/cong-van/Thuong-mai/Cong-van-11070-BCT-TTTN-dieu-hanh-kinh-doanh-xang-dau-2016-330517.aspx
[2026-04-21 11:08:55] FETCH OK: https://thuvienphapluat.vn/cong-van/Thuong-mai/Cong-van-11070-BCT-TTTN-dieu-hanh-kinh-doanh-xang-dau-2016-330517.aspx
[2026-04-21 11:08:57] FETCH STATUS: 200 | https://thuvienphapluat.vn/cong-van/Thuong-mai/Cong-van-10541-BCT-TTTN-dieu-hanh-kinh-doanh-xang-dau-2016-328277.aspx
[2026-04-21 11:08:57] FETCH OK: https://thuvienphapluat.vn/cong-van/Thuong-mai/Cong-van-10541-BCT-TTTN-dieu-hanh-kinh-doanh-xang-dau-2016-328277.aspx
[2026-04-21 11:08:58] FETCH STATUS: 200 | https://thuvienphapluat.vn/cong-van/Thuong-mai/Cong-van-9999-BCT-TTTN-dieu-hanh-kinh-doanh-xang-dau-2016-326326.aspx
[2026-04-21 11:08:58] FETCH OK: https://thuvienphapluat.vn/cong-van/Thuong-mai/Cong-van-9999-BCT-TTTN-dieu-hanh-kinh-doanh-xang-dau-2016-326326.aspx
[2026-04-21 11:08:59] FETCH STATUS: 200 | https://thuvienphapluat.vn/cong-van/Thuong-mai/Cong-van-9434-BCT-TTTN-dieu-hanh-kinh-doanh-xang-dau-2016-324589.aspx
[2026-04-21 11:08:59] FETCH OK: https://thuvienphapluat.vn/cong-van/Thuong-mai/Cong-van-9434-BCT-TTTN-dieu-hanh-kinh-doanh-xang-dau-2016-324589.aspx
[2026-04-21 11:09:00] FETCH STATUS: 200 | https://thuvienphapluat.vn/cong-van/Thuong-mai/Cong-van-8811-BCT-TTTN-dieu-hanh-kinh-doanh-xang-dau-2016-322533.aspx
[2026-04-21 11:09:00] FETCH OK: https://thuvienphapluat.vn/cong-van/Thuong-mai/Cong-van-8811-BCT-TTTN-dieu-hanh-kinh-doanh-xang-dau-2016-322533.aspx
[2026-04-21 11:09:02] FETCH STATUS: 200 | https://thuvienphapluat.vn/cong-van/Thuong-mai/Cong-van-8239-BCT-TTTN-dieu-hanh-kinh-doanh-xang-dau-2016-321203.aspx
[2026-04-21 11:09:02] FETCH OK: https://thuvienphapluat.vn/cong-van/Thuong-mai/Cong-van-8239-BCT-TTTN-dieu-hanh-kinh-doanh-xang-dau-2016-321203.aspx
[2026-04-21 11:09:03] FETCH STATUS: 200 | https://thuvienphapluat.vn/cong-van/Thuong-mai/Cong-van-7716-BCT-TTTN-dieu-hanh-kinh-doanh-xang-dau-2016-319967.aspx
[2026-04-21 11:09:03] FETCH OK: https://thuvienphapluat.vn/cong-van/Thuong-mai/Cong-van-7716-BCT-TTTN-dieu-hanh-kinh-doanh-xang-dau-2016-319967.aspx
[2026-04-21 11:09:04] FETCH STATUS: 200 | https://thuvienphapluat.vn/cong-van/Thuong-mai/Cong-van-7204-BCT-TTTN-dieu-hanh-kinh-doanh-xang-dau-2016-318727.aspx
[2026-04-21 11:09:04] FETCH OK: https://thuvienphapluat.vn/cong-van/Thuong-mai/Cong-van-7204-BCT-TTTN-dieu-hanh-kinh-doanh-xang-dau-2016-318727.aspx
[2026-04-21 11:09:05] FETCH STATUS: 200 | https://thuvienphapluat.vn/cong-van/Thuong-mai/Cong-van-6695-BCT-TTTN-dieu-hanh-kinh-doanh-xang-dau-2016-317530.aspx
[2026-04-21 11:09:05] FETCH OK: https://thuvienphapluat.vn/cong-van/Thuong-mai/Cong-van-6695-BCT-TTTN-dieu-hanh-kinh-doanh-xang-dau-2016-317530.aspx
[2026-04-21 11:09:07] FETCH STATUS: 200 | https://thuvienphapluat.vn/cong-van/Thuong-mai/Cong-van-6056-BCT-TTTN-dieu-hanh-kinh-doanh-xang-dau-2016-316411.aspx
[2026-04-21 11:09:07] FETCH OK: https://thuvienphapluat.vn/cong-van/Thuong-mai/Cong-van-6056-BCT-TTTN-dieu-hanh-kinh-doanh-xang-dau-2016-316411.aspx
[2026-04-21 11:09:08] FETCH STATUS: 200 | https://thuvienphapluat.vn/cong-van/Thuong-mai/Cong-van-5450-BCT-TTTTN-dieu-hanh-kinh-doanh-xang-dau-2016-314942.aspx
[2026-04-21 11:09:08] FETCH OK: https://thuvienphapluat.vn/cong-van/Thuong-mai/Cong-van-5450-BCT-TTTTN-dieu-hanh-kinh-doanh-xang-dau-2016-314942.aspx
[2026-04-21 11:09:09] FETCH STATUS: 200 | https://thuvienphapluat.vn/cong-van/Thuong-mai/Cong-van-4951-BCT-TTTN-dieu-hanh-kinh-doanh-xang-dau-2016-313405.aspx
[2026-04-21 11:09:09] FETCH OK: https://thuvienphapluat.vn/cong-van/Thuong-mai/Cong-van-4951-BCT-TTTN-dieu-hanh-kinh-doanh-xang-dau-2016-313405.aspx
[2026-04-21 11:09:10] FETCH STATUS: 200 | https://thuvienphapluat.vn/cong-van/Thuong-mai/Cong-van-4353-BCT-TTTN-dieu-hanh-kinh-doanh-xang-dau-2016-311884.aspx
[2026-04-21 11:09:10] FETCH OK: https://thuvienphapluat.vn/cong-van/Thuong-mai/Cong-van-4353-BCT-TTTN-dieu-hanh-kinh-doanh-xang-dau-2016-311884.aspx
[2026-04-21 11:09:11] FETCH STATUS: 200 | https://thuvienphapluat.vn/cong-van/Thuong-mai/Cong-van-3835-BCT-TTTN-dieu-hanh-kinh-doanh-xang-dau-2016-310391.aspx
[2026-04-21 11:09:11] FETCH OK: https://thuvienphapluat.vn/cong-van/Thuong-mai/Cong-van-3835-BCT-TTTN-dieu-hanh-kinh-doanh-xang-dau-2016-310391.aspx
[2026-04-21 11:09:13] FETCH STATUS: 200 | https://thuvienphapluat.vn/cong-van/Thuong-mai/Cong-van-3407-BCT-TTTN-dieu-hanh-kinh-doanh-xang-dau-2016-309114.aspx
[2026-04-21 11:09:13] FETCH OK: https://thuvienphapluat.vn/cong-van/Thuong-mai/Cong-van-3407-BCT-TTTN-dieu-hanh-kinh-doanh-xang-dau-2016-309114.aspx
[2026-04-21 11:09:14] FETCH STATUS: 200 | https://thuvienphapluat.vn/cong-van/Thuong-mai/Cong-van-2974-BCT-TTTN-dieu-hanh-kinh-doanh-xang-dau-2016-308003.aspx
[2026-04-21 11:09:14] FETCH OK: https://thuvienphapluat.vn/cong-van/Thuong-mai/Cong-van-2974-BCT-TTTN-dieu-hanh-kinh-doanh-xang-dau-2016-308003.aspx
[2026-04-21 11:09:15] FETCH STATUS: 200 | https://thuvienphapluat.vn/cong-van/Thuong-mai/Cong-van-2427-BCT-TTTN-dieu-hanh-kinh-doanh-xang-dau-2016-306262.aspx
[2026-04-21 11:09:15] FETCH OK: https://thuvienphapluat.vn/cong-van/Thuong-mai/Cong-van-2427-BCT-TTTN-dieu-hanh-kinh-doanh-xang-dau-2016-306262.aspx
[2026-04-21 11:09:16] FETCH STATUS: 200 | https://thuvienphapluat.vn/cong-van/Thuong-mai/Cong-van-1851-BTC-TTTN-dieu-hanh-kinh-doanh-xang-dau-2016-304374.aspx
[2026-04-21 11:09:16] FETCH OK: https://thuvienphapluat.vn/cong-van/Thuong-mai/Cong-van-1851-BTC-TTTN-dieu-hanh-kinh-doanh-xang-dau-2016-304374.aspx
[2026-04-21 11:09:18] FETCH STATUS: 200 | https://thuvienphapluat.vn/cong-van/Thuong-mai/Cong-van-1407-BCT-TTTN-dieu-chinh-kinh-doanh-xang-dau-2016-302812.aspx
[2026-04-21 11:09:18] FETCH OK: https://thuvienphapluat.vn/cong-van/Thuong-mai/Cong-van-1407-BCT-TTTN-dieu-chinh-kinh-doanh-xang-dau-2016-302812.aspx
[2026-04-21 11:09:19] FETCH STATUS: 200 | https://thuvienphapluat.vn/cong-van/Thuong-mai/Cong-van-1273-BCT-TTTN-dieu-hanh-kinh-doanh-xang-dau-2016-302261.aspx
[2026-04-21 11:09:19] FETCH OK: https://thuvienphapluat.vn/cong-van/Thuong-mai/Cong-van-1273-BCT-TTTN-dieu-hanh-kinh-doanh-xang-dau-2016-302261.aspx
[2026-04-21 11:09:20] FETCH STATUS: 403 | https://thuvienphapluat.vn/cong-van/Thuong-mai/Cong-van-564-BCT-TTTN-dieu-hanh-kinh-doanh-xang-dau-2016-300827.aspx
[2026-04-21 11:09:21] FETCH STATUS: 200 | https://thuvienphapluat.vn/cong-van/Thuong-mai/Cong-van-12-BCT-TTTN-dieu-hanh-kinh-doanh-xang-dau-2015-299509.aspx
[2026-04-21 11:09:21] FETCH OK: https://thuvienphapluat.vn/cong-van/Thuong-mai/Cong-van-12-BCT-TTTN-dieu-hanh-kinh-doanh-xang-dau-2015-299509.aspx
[2026-04-21 11:09:22] FETCH DONE: fetched=284, invalid=0, failed=9
