query_date,currency_code,currency_name,cash_buy,transfer_buy,sell,status
2018-05-01,,,,,,no_usd
2018-05-02,,,,,,no_usd
2018-05-03,,,,,,no_usd
2018-05-04,,,,,,no_usd
2018-05-05,,,,,,no_usd
2018-05-06,,,,,,no_usd
2018-05-07,,,,,,no_usd
2018-05-08,,,,,,no_usd
2018-05-09,,,,,,no_usd
2018-05-10,,,,,,no_usd
2018-05-11,,,,,,no_usd
2018-05-12,,,,,,no_usd
2018-05-13,,,,,,no_usd
2018-05-14,,,,,,no_usd
2018-05-15,,,,,,no_usd
2018-05-16,,,,,,no_usd
2018-05-17,,,,,,no_usd
2018-05-18,,,,,,no_usd
2018-05-19,,,,,,no_usd
2018-05-20,,,,,,no_usd
2018-05-21,,,,,,no_usd
2018-05-22,,,,,,no_usd
2018-05-23,,,,,,no_usd
2018-05-24,,,,,,no_usd
2018-05-25,,,,,,no_usd
2018-05-26,,,,,,no_usd
2018-05-27,,,,,,no_usd
2018-05-28,,,,,,no_usd
2018-05-29,,,,,,no_usd
2018-05-30,,,,,,no_usd
2018-05-31,,,,,,no_usd
2018-06-01,,,,,,no_usd
2018-06-02,,,,,,no_usd
2018-06-03,,,,,,no_usd
2018-06-04,,,,,,no_usd
2018-06-05,,,,,,no_usd
2018-06-06,,,,,,no_usd
2018-06-07,,,,,,no_usd
2018-06-08,,,,,,no_usd
2018-06-09,,,,,,no_usd
2018-06-10,,,,,,no_usd
2018-06-11,,,,,,no_usd
2018-06-12,,,,,,no_usd
2018-06-13,,,,,,no_usd
2018-06-14,,,,,,no_usd
2018-06-15,,,,,,no_usd
2018-06-16,,,,,,no_usd
2018-06-17,,,,,,no_usd
2018-06-18,,,,,,no_usd
2018-06-19,,,,,,no_usd
2018-06-20,,,,,,no_usd
2018-06-21,,,,,,no_usd
2018-06-22,,,,,,no_usd
2018-06-23,,,,,,no_usd
2018-06-24,,,,,,no_usd
2018-06-25,,,,,,no_usd
2018-06-26,,,,,,no_usd
2018-06-27,,,,,,no_usd
2018-06-28,,,,,,no_usd
2018-06-29,,,,,,no_usd
2018-06-30,,,,,,no_usd
2018-07-01,,,,,,no_usd
2018-07-02,,,,,,no_usd
2018-07-03,,,,,,no_usd
2018-07-04,,,,,,no_usd
2018-07-05,,,,,,no_usd
2018-07-06,,,,,,no_usd
2018-07-07,,,,,,no_usd
2018-07-08,,,,,,no_usd
2018-07-09,,,,,,no_usd
2018-07-10,,,,,,no_usd
2018-07-11,,,,,,no_usd
2018-07-12,,,,,,no_usd
2018-07-13,,,,,,no_usd
2018-07-14,,,,,,no_usd
2018-07-15,,,,,,no_usd
2018-07-16,,,,,,no_usd
2018-07-17,,,,,,no_usd
2018-07-18,,,,,,no_usd
2018-07-19,,,,,,no_usd
2018-07-20,,,,,,no_usd
2018-07-21,,,,,,no_usd
2018-07-22,,,,,,no_usd
2018-07-23,,,,,,no_usd
2018-07-24,,,,,,no_usd
2018-07-25,,,,,,no_usd
2018-07-26,,,,,,no_usd
2018-07-27,,,,,,no_usd
2018-07-28,,,,,,no_usd
2018-07-29,,,,,,no_usd
2018-07-30,,,,,,no_usd
2018-07-31,,,,,,no_usd
2018-08-01,,,,,,no_usd
2018-08-02,,,,,,no_usd
2018-08-03,,,,,,no_usd
2018-08-04,,,,,,no_usd
2018-08-05,,,,,,no_usd
2018-08-06,,,,,,no_usd
2018-08-07,,,,,,no_usd
2018-08-08,,,,,,no_usd
2018-08-09,,,,,,no_usd
2018-08-10,,,,,,no_usd
2018-08-11,,,,,,no_usd
2018-08-12,,,,,,no_usd
2018-08-13,,,,,,no_usd
2018-08-14,,,,,,no_usd
2018-08-15,,,,,,no_usd
2018-08-16,,,,,,no_usd
2018-08-17,,,,,,no_usd
2018-08-18,,,,,,no_usd
2018-08-19,,,,,,no_usd
2018-08-20,,,,,,no_usd
2018-08-21,,,,,,no_usd
2018-08-22,,,,,,no_usd
2018-08-23,,,,,,no_usd
2018-08-24,,,,,,no_usd
2018-08-25,,,,,,no_usd
2018-08-26,,,,,,no_usd
2018-08-27,,,,,,no_usd
2018-08-28,,,,,,no_usd
2018-08-29,,,,,,no_usd
2018-08-30,,,,,,no_usd
2018-08-31,,,,,,no_usd
2018-09-01,,,,,,no_usd
2018-09-02,,,,,,no_usd
2018-09-03,,,,,,no_usd
2018-09-04,,,,,,no_usd
2018-09-05,,,,,,no_usd
2018-09-06,,,,,,no_usd
2018-09-07,,,,,,no_usd
2018-09-08,,,,,,no_usd
2018-09-09,,,,,,no_usd
2018-09-10,,,,,,no_usd
2018-09-11,,,,,,no_usd
2018-09-12,,,,,,no_usd
2018-09-13,,,,,,no_usd
2018-09-14,,,,,,no_usd
2018-09-15,,,,,,no_usd
2018-09-16,,,,,,no_usd
2018-09-17,,,,,,no_usd
2018-09-18,,,,,,no_usd
2018-09-19,,,,,,no_usd
2018-09-20,,,,,,no_usd
2018-09-21,,,,,,no_usd
2018-09-22,,,,,,no_usd
2018-09-23,,,,,,no_usd
2018-09-24,,,,,,no_usd
2018-09-25,,,,,,no_usd
2018-09-26,,,,,,no_usd
2018-09-27,,,,,,no_usd
2018-09-28,,,,,,no_usd
2018-09-29,,,,,,no_usd
2018-09-30,,,,,,no_usd
2018-10-01,,,,,,no_usd
2018-10-02,,,,,,no_usd
2018-10-03,,,,,,no_usd
2018-10-04,,,,,,no_usd
2018-10-05,,,,,,no_usd
2018-10-06,,,,,,no_usd
2018-10-07,,,,,,no_usd
2018-10-08,,,,,,no_usd
2018-10-09,,,,,,no_usd
2018-10-10,,,,,,no_usd
2018-10-11,,,,,,no_usd
2018-10-12,,,,,,no_usd
2018-10-13,,,,,,no_usd
2018-10-14,,,,,,no_usd
2018-10-15,,,,,,no_usd
2018-10-16,,,,,,no_usd
2018-10-17,,,,,,no_usd
2018-10-18,,,,,,no_usd
2018-10-19,,,,,,no_usd
2018-10-20,,,,,,no_usd
2018-10-21,,,,,,no_usd
2018-10-22,,,,,,no_usd
2018-10-23,,,,,,no_usd
2018-10-24,,,,,,no_usd
2018-10-25,,,,,,no_usd
2018-10-26,,,,,,no_usd
2018-10-27,,,,,,no_usd
2018-10-28,,,,,,no_usd
2018-10-29,,,,,,no_usd
2018-10-30,,,,,,no_usd
2018-10-31,,,,,,no_usd
2018-11-01,,,,,,no_usd
2018-11-02,,,,,,no_usd
2018-11-03,,,,,,no_usd
2018-11-04,,,,,,no_usd
2018-11-05,,,,,,no_usd
2018-11-06,,,,,,no_usd
2018-11-07,,,,,,no_usd
2018-11-08,,,,,,no_usd
2018-11-09,,,,,,no_usd
2018-11-10,,,,,,no_usd
2018-11-11,,,,,,no_usd
2018-11-12,,,,,,no_usd
2018-11-13,,,,,,no_usd
2018-11-14,,,,,,no_usd
2018-11-15,,,,,,no_usd
2018-11-16,,,,,,no_usd
2018-11-17,,,,,,no_usd
2018-11-18,,,,,,no_usd
2018-11-19,,,,,,no_usd
2018-11-20,,,,,,no_usd
2018-11-21,,,,,,no_usd
2018-11-22,,,,,,no_usd
2018-11-23,,,,,,no_usd
2018-11-24,,,,,,no_usd
2018-11-25,,,,,,no_usd
2018-11-26,,,,,,no_usd
2018-11-27,,,,,,no_usd
2018-11-28,,,,,,no_usd
2018-11-29,,,,,,no_usd
2018-11-30,,,,,,no_usd
2018-12-01,,,,,,no_usd
2018-12-02,,,,,,no_usd
2018-12-03,,,,,,no_usd
2018-12-04,,,,,,no_usd
2018-12-05,,,,,,no_usd
2018-12-06,,,,,,no_usd
2018-12-07,,,,,,no_usd
2018-12-08,,,,,,no_usd
2018-12-09,,,,,,no_usd
2018-12-10,,,,,,no_usd
2018-12-11,,,,,,no_usd
2018-12-12,,,,,,no_usd
2018-12-13,,,,,,no_usd
2018-12-14,,,,,,no_usd
2018-12-15,,,,,,no_usd
2018-12-16,,,,,,no_usd
2018-12-17,,,,,,no_usd
2018-12-18,,,,,,no_usd
2018-12-19,,,,,,no_usd
2018-12-20,,,,,,no_usd
2018-12-21,,,,,,no_usd
2018-12-22,,,,,,no_usd
2018-12-23,,,,,,no_usd
2018-12-24,,,,,,no_usd
2018-12-25,,,,,,no_usd
2018-12-26,,,,,,no_usd
2018-12-27,,,,,,no_usd
2018-12-28,,,,,,no_usd
2018-12-29,,,,,,no_usd
2018-12-30,,,,,,no_usd
2018-12-31,,,,,,no_usd
2019-01-01,,,,,,no_usd
2019-01-02,,,,,,no_usd
2019-01-03,,,,,,no_usd
2019-01-04,,,,,,no_usd
2019-01-05,,,,,,no_usd
2019-01-06,,,,,,no_usd
2019-01-07,,,,,,no_usd
2019-01-08,,,,,,no_usd
2019-01-09,,,,,,no_usd
2019-01-10,,,,,,no_usd
2019-01-11,,,,,,no_usd
2019-01-12,,,,,,no_usd
2019-01-13,,,,,,no_usd
2019-01-14,,,,,,no_usd
2019-01-15,,,,,,no_usd
2019-01-16,,,,,,no_usd
2019-01-17,,,,,,no_usd
2019-01-18,,,,,,no_usd
2019-01-19,,,,,,no_usd
2019-01-20,,,,,,no_usd
2019-01-21,,,,,,no_usd
2019-01-22,,,,,,no_usd
2019-01-23,,,,,,no_usd
2019-01-24,,,,,,no_usd
2019-01-25,,,,,,no_usd
2019-01-26,,,,,,no_usd
2019-01-27,,,,,,no_usd
2019-01-28,,,,,,no_usd
2019-01-29,,,,,,no_usd
2019-01-30,,,,,,no_usd
2019-01-31,,,,,,no_usd
2019-02-01,,,,,,no_usd
2019-02-02,,,,,,no_usd
2019-02-03,,,,,,no_usd
2019-02-04,,,,,,no_usd
2019-02-05,,,,,,no_usd
2019-02-06,,,,,,no_usd
2019-02-07,,,,,,no_usd
2019-02-08,,,,,,no_usd
2019-02-09,,,,,,no_usd
2019-02-10,,,,,,no_usd
2019-02-11,,,,,,no_usd
2019-02-12,,,,,,no_usd
2019-02-13,,,,,,no_usd
2019-02-14,,,,,,no_usd
2019-02-15,,,,,,no_usd
2019-02-16,,,,,,no_usd
2019-02-17,,,,,,no_usd
2019-02-18,,,,,,no_usd
2019-02-19,,,,,,no_usd
2019-02-20,,,,,,no_usd
2019-02-21,,,,,,no_usd
2019-02-22,,,,,,no_usd
2019-02-23,,,,,,no_usd
2019-02-24,,,,,,no_usd
2019-02-25,,,,,,no_usd
2019-02-26,,,,,,no_usd
2019-02-27,,,,,,no_usd
2019-02-28,,,,,,no_usd
2019-03-01,,,,,,no_usd
2019-03-02,,,,,,no_usd
2019-03-03,,,,,,no_usd
2019-03-04,,,,,,no_usd
2019-03-05,,,,,,no_usd
2019-03-06,,,,,,no_usd
2019-03-07,,,,,,no_usd
2019-03-08,,,,,,no_usd
2019-03-09,,,,,,no_usd
2019-03-10,,,,,,no_usd
2019-03-11,,,,,,no_usd
2019-03-12,,,,,,no_usd
2019-03-13,,,,,,no_usd
2019-03-14,,,,,,no_usd
2019-03-15,,,,,,no_usd
2019-03-16,,,,,,no_usd
2019-03-17,,,,,,no_usd
2019-03-18,,,,,,no_usd
2019-03-19,,,,,,no_usd
2019-03-20,,,,,,no_usd
2019-03-21,,,,,,no_usd
2019-03-22,,,,,,no_usd
2019-03-23,,,,,,no_usd
2019-03-24,,,,,,no_usd
2019-03-25,,,,,,no_usd
2019-03-26,,,,,,no_usd
2019-03-27,,,,,,no_usd
2019-03-28,,,,,,no_usd
2019-03-29,,,,,,no_usd
2019-03-30,,,,,,no_usd
2019-03-31,,,,,,no_usd
2019-04-01,,,,,,no_usd
2019-04-02,,,,,,no_usd
2019-04-03,,,,,,no_usd
2019-04-04,,,,,,no_usd
2019-04-05,,,,,,no_usd
2019-04-06,,,,,,no_usd
2019-04-07,,,,,,no_usd
2019-04-08,,,,,,no_usd
2019-04-09,,,,,,no_usd
2019-04-10,,,,,,no_usd
2019-04-11,,,,,,no_usd
2019-04-12,,,,,,no_usd
2019-04-13,,,,,,no_usd
2019-04-14,,,,,,no_usd
2019-04-15,,,,,,no_usd
2019-04-16,,,,,,no_usd
2019-04-17,,,,,,no_usd
2019-04-18,,,,,,no_usd
2019-04-19,,,,,,no_usd
2019-04-20,,,,,,no_usd
2019-04-21,,,,,,no_usd
2019-04-22,,,,,,no_usd
2019-04-23,,,,,,no_usd
2019-04-24,,,,,,no_usd
2019-04-25,,,,,,no_usd
2019-04-26,,,,,,no_usd
2019-04-27,,,,,,no_usd
2019-04-28,,,,,,no_usd
2019-04-29,,,,,,no_usd
2019-04-30,,,,,,no_usd
2019-05-01,,,,,,no_usd
2019-05-02,,,,,,no_usd
2019-05-03,,,,,,no_usd
2019-05-04,,,,,,no_usd
2019-05-05,,,,,,no_usd
2019-05-06,,,,,,no_usd
2019-05-07,,,,,,no_usd
2019-05-08,,,,,,no_usd
2019-05-09,,,,,,no_usd
2019-05-10,,,,,,no_usd
2019-05-11,,,,,,no_usd
2019-05-12,,,,,,no_usd
2019-05-13,,,,,,no_usd
2019-05-14,,,,,,no_usd
2019-05-15,,,,,,no_usd
2019-05-16,,,,,,no_usd
2019-05-17,,,,,,no_usd
2019-05-18,,,,,,no_usd
2019-05-19,,,,,,no_usd
2019-05-20,,,,,,no_usd
2019-05-21,,,,,,no_usd
2019-05-22,,,,,,no_usd
2019-05-23,,,,,,no_usd
2019-05-24,,,,,,no_usd
2019-05-25,,,,,,no_usd
2019-05-26,,,,,,no_usd
2019-05-27,,,,,,no_usd
2019-05-28,,,,,,no_usd
2019-05-29,,,,,,no_usd
2019-05-30,,,,,,no_usd
2019-05-31,,,,,,no_usd
2019-06-01,,,,,,no_usd
2019-06-02,,,,,,no_usd
2019-06-03,,,,,,no_usd
2019-06-04,,,,,,no_usd
2019-06-05,,,,,,no_usd
2019-06-06,,,,,,no_usd
2019-06-07,,,,,,no_usd
2019-06-08,,,,,,no_usd
2019-06-09,,,,,,no_usd
2019-06-10,,,,,,no_usd
2019-06-11,,,,,,no_usd
2019-06-12,,,,,,no_usd
2019-06-13,,,,,,no_usd
2019-06-14,,,,,,no_usd
2019-06-15,,,,,,no_usd
2019-06-16,,,,,,no_usd
2019-06-17,,,,,,no_usd
2019-06-18,,,,,,no_usd
2019-06-19,,,,,,no_usd
2019-06-20,,,,,,no_usd
2019-06-21,,,,,,no_usd
2019-06-22,,,,,,no_usd
2019-06-23,,,,,,no_usd
2019-06-24,,,,,,no_usd
2019-06-25,,,,,,no_usd
2019-06-26,,,,,,no_usd
2019-06-27,,,,,,no_usd
2019-06-28,,,,,,no_usd
2019-06-29,,,,,,no_usd
2019-06-30,,,,,,no_usd
2019-07-01,,,,,,no_usd
2019-07-02,,,,,,no_usd
2019-07-03,,,,,,no_usd
2019-07-04,,,,,,no_usd
2019-07-05,,,,,,no_usd
2019-07-06,,,,,,no_usd
2019-07-07,,,,,,no_usd
2019-07-08,,,,,,no_usd
2019-07-09,,,,,,no_usd
2019-07-10,,,,,,no_usd
2019-07-11,,,,,,no_usd
2019-07-12,,,,,,no_usd
2019-07-13,,,,,,no_usd
2019-07-14,,,,,,no_usd
2019-07-15,,,,,,no_usd
2019-07-16,,,,,,no_usd
2019-07-17,,,,,,no_usd
2019-07-18,,,,,,no_usd
2019-07-19,,,,,,no_usd
2019-07-20,,,,,,no_usd
2019-07-21,,,,,,no_usd
2019-07-22,,,,,,no_usd
2019-07-23,,,,,,no_usd
2019-07-24,,,,,,no_usd
2019-07-25,,,,,,no_usd
2019-07-26,,,,,,no_usd
2019-07-27,,,,,,no_usd
2019-07-28,,,,,,no_usd
2019-07-29,,,,,,no_usd
2019-07-30,,,,,,no_usd
2019-07-31,,,,,,no_usd
2019-08-01,,,,,,no_usd
2019-08-02,,,,,,no_usd
2019-08-03,,,,,,no_usd
2019-08-04,,,,,,no_usd
2019-08-05,,,,,,no_usd
2019-08-06,,,,,,no_usd
2019-08-07,,,,,,no_usd
2019-08-08,,,,,,no_usd
2019-08-09,,,,,,no_usd
2019-08-10,,,,,,no_usd
2019-08-11,,,,,,no_usd
2019-08-12,,,,,,no_usd
2019-08-13,,,,,,no_usd
2019-08-14,,,,,,no_usd
2019-08-15,,,,,,no_usd
2019-08-16,,,,,,no_usd
2019-08-17,,,,,,no_usd
2019-08-18,,,,,,no_usd
2019-08-19,,,,,,no_usd
2019-08-20,,,,,,no_usd
2019-08-21,,,,,,no_usd
2019-08-22,,,,,,no_usd
2019-08-23,,,,,,no_usd
2019-08-24,,,,,,no_usd
2019-08-25,,,,,,no_usd
2019-08-26,,,,,,no_usd
2019-08-27,,,,,,no_usd
2019-08-28,,,,,,no_usd
2019-08-29,,,,,,no_usd
2019-08-30,,,,,,no_usd
2019-08-31,,,,,,no_usd
2019-09-01,,,,,,no_usd
2019-09-02,,,,,,no_usd
2019-09-03,,,,,,no_usd
2019-09-04,,,,,,no_usd
2019-09-05,,,,,,no_usd
2019-09-06,,,,,,no_usd
2019-09-07,,,,,,no_usd
2019-09-08,,,,,,no_usd
2019-09-09,,,,,,no_usd
2019-09-10,,,,,,no_usd
2019-09-11,,,,,,no_usd
2019-09-12,,,,,,no_usd
2019-09-13,,,,,,no_usd
2019-09-14,,,,,,no_usd
2019-09-15,,,,,,no_usd
2019-09-16,,,,,,no_usd
2019-09-17,,,,,,no_usd
2019-09-18,,,,,,no_usd
2019-09-19,,,,,,no_usd
2019-09-20,,,,,,no_usd
2019-09-21,,,,,,no_usd
2019-09-22,,,,,,no_usd
2019-09-23,,,,,,no_usd
2019-09-24,,,,,,no_usd
2019-09-25,,,,,,no_usd
2019-09-26,,,,,,no_usd
2019-09-27,,,,,,no_usd
2019-09-28,,,,,,no_usd
2019-09-29,,,,,,no_usd
2019-09-30,,,,,,no_usd
2019-10-01,,,,,,no_usd
2019-10-02,,,,,,no_usd
2019-10-03,,,,,,no_usd
2019-10-04,,,,,,no_usd
2019-10-05,,,,,,no_usd
2019-10-06,,,,,,no_usd
2019-10-07,,,,,,no_usd
2019-10-08,,,,,,no_usd
2019-10-09,,,,,,no_usd
2019-10-10,,,,,,no_usd
2019-10-11,,,,,,no_usd
2019-10-12,,,,,,no_usd
2019-10-13,,,,,,no_usd
2019-10-14,,,,,,no_usd
2019-10-15,,,,,,no_usd
2019-10-16,,,,,,no_usd
2019-10-17,,,,,,no_usd
2019-10-18,,,,,,no_usd
2019-10-19,,,,,,no_usd
2019-10-20,,,,,,no_usd
2019-10-21,,,,,,no_usd
2019-10-22,,,,,,no_usd
2019-10-23,,,,,,no_usd
2019-10-24,,,,,,no_usd
2019-10-25,,,,,,no_usd
2019-10-26,,,,,,no_usd
2019-10-27,,,,,,no_usd
2019-10-28,,,,,,no_usd
2019-10-29,,,,,,no_usd
2019-10-30,,,,,,no_usd
2019-10-31,,,,,,no_usd
2019-11-01,,,,,,no_usd
2019-11-02,,,,,,no_usd
2019-11-03,,,,,,no_usd
2019-11-04,,,,,,no_usd
2019-11-05,,,,,,no_usd
2019-11-06,,,,,,no_usd
2019-11-07,,,,,,no_usd
2019-11-08,,,,,,no_usd
2019-11-09,,,,,,no_usd
2019-11-10,,,,,,no_usd
2019-11-11,,,,,,no_usd
2019-11-12,,,,,,no_usd
2019-11-13,,,,,,no_usd
2019-11-14,,,,,,no_usd
2019-11-15,,,,,,no_usd
2019-11-16,,,,,,no_usd
2019-11-17,,,,,,no_usd
2019-11-18,,,,,,no_usd
2019-11-19,,,,,,no_usd
2019-11-20,,,,,,no_usd
2019-11-21,,,,,,no_usd
2019-11-22,,,,,,no_usd
2019-11-23,,,,,,no_usd
2019-11-24,,,,,,no_usd
2019-11-25,,,,,,no_usd
2019-11-26,,,,,,no_usd
2019-11-27,,,,,,no_usd
2019-11-28,,,,,,no_usd
2019-11-29,,,,,,no_usd
2019-11-30,,,,,,no_usd
2019-12-01,,,,,,no_usd
2019-12-02,,,,,,no_usd
2019-12-03,,,,,,no_usd
2019-12-04,,,,,,no_usd
2019-12-05,,,,,,no_usd
2019-12-06,,,,,,no_usd
2019-12-07,,,,,,no_usd
2019-12-08,,,,,,no_usd
2019-12-09,,,,,,no_usd
2019-12-10,,,,,,no_usd
2019-12-11,,,,,,no_usd
2019-12-12,,,,,,no_usd
2019-12-13,,,,,,no_usd
2019-12-14,,,,,,no_usd
2019-12-15,,,,,,no_usd
2019-12-16,,,,,,no_usd
2019-12-17,,,,,,no_usd
2019-12-18,,,,,,no_usd
2019-12-19,,,,,,no_usd
2019-12-20,,,,,,no_usd
2019-12-21,,,,,,no_usd
2019-12-22,,,,,,no_usd
2019-12-23,,,,,,no_usd
2019-12-24,,,,,,no_usd
2019-12-25,,,,,,no_usd
2019-12-26,,,,,,no_usd
2019-12-27,,,,,,no_usd
2019-12-28,,,,,,no_usd
2019-12-29,,,,,,no_usd
2019-12-30,,,,,,no_usd
2019-12-31,,,,,,no_usd
2020-01-01,,,,,,no_usd
2020-01-02,,,,,,no_usd
2020-01-03,,,,,,no_usd
2020-01-04,,,,,,no_usd
2020-01-05,,,,,,no_usd
2020-01-06,,,,,,no_usd
2020-01-07,,,,,,no_usd
2020-01-08,,,,,,no_usd
2020-01-09,,,,,,no_usd
2020-01-10,,,,,,no_usd
2020-01-11,,,,,,no_usd
2020-01-12,,,,,,no_usd
2020-01-13,,,,,,no_usd
2020-01-14,,,,,,no_usd
2020-01-15,,,,,,no_usd
2020-01-16,,,,,,no_usd
2020-01-17,,,,,,no_usd
2020-01-18,,,,,,no_usd
2020-01-19,,,,,,no_usd
2020-01-20,,,,,,no_usd
2020-01-21,,,,,,no_usd
2020-01-22,,,,,,no_usd
2020-01-23,,,,,,no_usd
2020-01-24,,,,,,no_usd
2020-01-25,,,,,,no_usd
2020-01-26,,,,,,no_usd
2020-01-27,,,,,,no_usd
2020-01-28,,,,,,no_usd
2020-01-29,,,,,,no_usd
2020-01-30,,,,,,no_usd
2020-01-31,,,,,,no_usd
2020-02-01,USD,US DOLLAR,23135.0,23165.0,23305.0,success
2020-02-02,USD,US DOLLAR,23135.0,23165.0,23305.0,success
2020-02-03,USD,US DOLLAR,23170.0,23200.0,23340.0,success
2020-02-04,USD,US DOLLAR,23140.0,23170.0,23310.0,success
2020-02-05,USD,US DOLLAR,23130.0,23160.0,23300.0,success
2020-02-06,USD,US DOLLAR,23130.0,23160.0,23300.0,success
2020-02-07,USD,US DOLLAR,23140.0,23170.0,23310.0,success
2020-02-08,USD,US DOLLAR,23140.0,23170.0,23310.0,success
2020-02-09,USD,US DOLLAR,23140.0,23170.0,23310.0,success
2020-02-10,USD,US DOLLAR,23165.0,23195.0,23335.0,success
2020-02-11,USD,US DOLLAR,23150.0,23180.0,23320.0,success
2020-02-12,USD,US DOLLAR,23140.0,23170.0,23310.0,success
2020-02-13,USD,US DOLLAR,23135.0,23165.0,23305.0,success
2020-02-14,USD,US DOLLAR,23145.0,23175.0,23315.0,success
2020-02-15,USD,US DOLLAR,23145.0,23175.0,23315.0,success
2020-02-16,USD,US DOLLAR,23145.0,23175.0,23315.0,success
2020-02-17,USD,US DOLLAR,23135.0,23165.0,23305.0,success
2020-02-18,USD,US DOLLAR,23135.0,23165.0,23305.0,success
2020-02-19,USD,US DOLLAR,23140.0,23170.0,23310.0,success
2020-02-20,USD,US DOLLAR,23140.0,23170.0,23310.0,success
2020-02-21,USD,US DOLLAR,23145.0,23175.0,23315.0,success
2020-02-22,USD,US DOLLAR,23145.0,23175.0,23315.0,success
2020-02-23,USD,US DOLLAR,23145.0,23175.0,23315.0,success
2020-02-24,USD,US DOLLAR,23180.0,23210.0,23350.0,success
2020-02-25,USD,US DOLLAR,23155.0,23185.0,23325.0,success
2020-02-26,USD,US DOLLAR,23145.0,23175.0,23315.0,success
2020-02-27,USD,US DOLLAR,23140.0,23170.0,23310.0,success
2020-02-28,USD,US DOLLAR,23140.0,23170.0,23310.0,success
2020-02-29,USD,US DOLLAR,23140.0,23170.0,23310.0,success
2020-03-01,USD,US DOLLAR,23140.0,23170.0,23310.0,success
2020-03-02,USD,US DOLLAR,23140.0,23170.0,23310.0,success
2020-03-03,USD,US DOLLAR,23120.0,23150.0,23290.0,success
2020-03-04,USD,US DOLLAR,23115.0,23145.0,23285.0,success
2020-03-05,USD,US DOLLAR,23115.0,23145.0,23285.0,success
2020-03-06,USD,US DOLLAR,23100.0,23130.0,23270.0,success
2020-03-07,USD,US DOLLAR,23100.0,23130.0,23270.0,success
2020-03-08,USD,US DOLLAR,23100.0,23130.0,23270.0,success
2020-03-09,USD,US DOLLAR,23080.0,23110.0,23250.0,success
2020-03-10,USD,US DOLLAR,23080.0,23110.0,23250.0,success
2020-03-11,USD,US DOLLAR,23080.0,23110.0,23250.0,success
2020-03-12,USD,US DOLLAR,23095.0,23125.0,23265.0,success
2020-03-13,USD,US DOLLAR,23120.0,23150.0,23290.0,success
2020-03-14,USD,US DOLLAR,23120.0,23150.0,23290.0,success
2020-03-15,USD,US DOLLAR,23120.0,23150.0,23290.0,success
2020-03-16,USD,US DOLLAR,23140.0,23170.0,23310.0,success
2020-03-17,USD,US DOLLAR,23140.0,23170.0,23310.0,success
2020-03-18,USD,US DOLLAR,23200.0,23230.0,23370.0,success
2020-03-19,USD,US DOLLAR,23305.0,23335.0,23495.0,success
2020-03-20,USD,US DOLLAR,23340.0,23370.0,23530.0,success
2020-03-21,USD,US DOLLAR,23340.0,23370.0,23530.0,success
2020-03-22,USD,US DOLLAR,23340.0,23370.0,23530.0,success
2020-03-23,USD,US DOLLAR,23570.0,23600.0,23760.0,success
2020-03-24,USD,US DOLLAR,23460.0,23490.0,23650.0,success
2020-03-25,USD,US DOLLAR,23485.0,23515.0,23675.0,success
2020-03-26,USD,US DOLLAR,23530.0,23560.0,23720.0,success
2020-03-27,USD,US DOLLAR,23510.0,23540.0,23700.0,success
2020-03-28,USD,US DOLLAR,23510.0,23540.0,23700.0,success
2020-03-29,USD,US DOLLAR,23510.0,23540.0,23700.0,success
2020-03-30,USD,US DOLLAR,23530.0,23560.0,23720.0,success
2020-03-31,USD,US DOLLAR,23470.0,23500.0,23660.0,success
2020-04-01,USD,US DOLLAR,23440.0,23470.0,23650.0,success
2020-04-02,USD,US DOLLAR,23440.0,23470.0,23650.0,success
2020-04-03,USD,US DOLLAR,23320.0,23350.0,23530.0,success
2020-04-04,USD,US DOLLAR,23320.0,23350.0,23530.0,success
2020-04-05,USD,US DOLLAR,23320.0,23350.0,23530.0,success
2020-04-06,USD,US DOLLAR,23360.0,23390.0,23570.0,success
2020-04-07,USD,US DOLLAR,23340.0,23370.0,23550.0,success
2020-04-08,USD,US DOLLAR,23400.0,23430.0,23610.0,success
2020-04-09,USD,US DOLLAR,23370.0,23400.0,23580.0,success
2020-04-10,USD,US DOLLAR,23310.0,23340.0,23520.0,success
2020-04-11,USD,US DOLLAR,23310.0,23340.0,23520.0,success
2020-04-12,USD,US DOLLAR,23310.0,23340.0,23520.0,success
2020-04-13,USD,US DOLLAR,23320.0,23350.0,23530.0,success
2020-04-14,USD,US DOLLAR,23335.0,23365.0,23545.0,success
2020-04-15,USD,US DOLLAR,23320.0,23350.0,23530.0,success
2020-04-16,USD,US DOLLAR,23340.0,23370.0,23550.0,success
2020-04-17,USD,US DOLLAR,23300.0,23330.0,23510.0,success
2020-04-18,USD,US DOLLAR,23300.0,23330.0,23510.0,success
2020-04-19,USD,US DOLLAR,23300.0,23330.0,23510.0,success
2020-04-20,USD,US DOLLAR,23330.0,23360.0,23540.0,success
2020-04-21,USD,US DOLLAR,23330.0,23360.0,23540.0,success
2020-04-22,USD,US DOLLAR,23350.0,23380.0,23560.0,success
2020-04-23,USD,US DOLLAR,23360.0,23390.0,23570.0,success
2020-04-24,USD,US DOLLAR,23370.0,23400.0,23580.0,success
2020-04-25,USD,US DOLLAR,23370.0,23400.0,23580.0,success
2020-04-26,USD,US DOLLAR,23370.0,23400.0,23580.0,success
2020-04-27,USD,US DOLLAR,23340.0,23370.0,23550.0,success
2020-04-28,USD,US DOLLAR,23325.0,23355.0,23535.0,success
2020-04-29,USD,US DOLLAR,23300.0,23330.0,23510.0,success
2020-04-30,USD,US DOLLAR,23300.0,23330.0,23510.0,success
2020-05-01,USD,US DOLLAR,23300.0,23330.0,23510.0,success
2020-05-02,USD,US DOLLAR,23300.0,23330.0,23510.0,success
2020-05-03,USD,US DOLLAR,23300.0,23330.0,23510.0,success
2020-05-04,USD,US DOLLAR,23310.0,23340.0,23520.0,success
2020-05-05,USD,US DOLLAR,23300.0,23330.0,23510.0,success
2020-05-06,USD,US DOLLAR,23300.0,23330.0,23510.0,success
2020-05-07,USD,US DOLLAR,23280.0,23310.0,23490.0,success
2020-05-08,USD,US DOLLAR,23240.0,23270.0,23450.0,success
2020-05-09,USD,US DOLLAR,23240.0,23270.0,23450.0,success
2020-05-10,USD,US DOLLAR,23240.0,23270.0,23450.0,success
2020-05-11,USD,US DOLLAR,23210.0,23240.0,23420.0,success
2020-05-12,USD,US DOLLAR,23220.0,23250.0,23430.0,success
2020-05-13,USD,US DOLLAR,23230.0,23260.0,23440.0,success
2020-05-14,USD,US DOLLAR,23250.0,23280.0,23460.0,success
2020-05-15,USD,US DOLLAR,23240.0,23270.0,23450.0,success
2020-05-16,USD,US DOLLAR,23240.0,23270.0,23450.0,success
2020-05-17,USD,US DOLLAR,23240.0,23270.0,23450.0,success
2020-05-18,USD,US DOLLAR,23220.0,23250.0,23430.0,success
2020-05-19,USD,US DOLLAR,23160.0,23190.0,23370.0,success
2020-05-20,USD,US DOLLAR,23150.0,23180.0,23360.0,success
2020-05-21,USD,US DOLLAR,23150.0,23180.0,23360.0,success
2020-05-22,USD,US DOLLAR,23160.0,23190.0,23370.0,success
2020-05-23,USD,US DOLLAR,23160.0,23190.0,23370.0,success
2020-05-24,USD,US DOLLAR,23160.0,23190.0,23370.0,success
2020-05-25,USD,US DOLLAR,23180.0,23210.0,23390.0,success
2020-05-26,USD,US DOLLAR,23200.0,23230.0,23410.0,success
2020-05-27,USD,US DOLLAR,23200.0,23230.0,23410.0,success
2020-05-28,USD,US DOLLAR,23180.0,23210.0,23390.0,success
2020-05-29,USD,US DOLLAR,23160.0,23190.0,23370.0,success
2020-05-30,USD,US DOLLAR,23160.0,23190.0,23370.0,success
2020-05-31,USD,US DOLLAR,23160.0,23190.0,23370.0,success
2020-06-01,USD,US DOLLAR,23140.0,23170.0,23350.0,success
2020-06-02,USD,US DOLLAR,23140.0,23170.0,23350.0,success
2020-06-03,USD,US DOLLAR,23140.0,23170.0,23350.0,success
2020-06-04,USD,US DOLLAR,23140.0,23170.0,23350.0,success
2020-06-05,USD,US DOLLAR,23130.0,23160.0,23340.0,success
2020-06-06,USD,US DOLLAR,23130.0,23160.0,23340.0,success
2020-06-07,USD,US DOLLAR,23130.0,23160.0,23340.0,success
2020-06-08,USD,US DOLLAR,23110.0,23140.0,23320.0,success
2020-06-09,USD,US DOLLAR,23070.0,23100.0,23280.0,success
2020-06-10,USD,US DOLLAR,23070.0,23100.0,23280.0,success
2020-06-11,USD,US DOLLAR,23110.0,23140.0,23320.0,success
2020-06-12,USD,US DOLLAR,23110.0,23140.0,23320.0,success
2020-06-13,USD,US DOLLAR,23110.0,23140.0,23320.0,success
2020-06-14,USD,US DOLLAR,23110.0,23140.0,23320.0,success
2020-06-15,USD,US DOLLAR,23100.0,23130.0,23310.0,success
2020-06-16,USD,US DOLLAR,23085.0,23115.0,23295.0,success
2020-06-17,USD,US DOLLAR,23080.0,23110.0,23290.0,success
2020-06-18,USD,US DOLLAR,23080.0,23110.0,23290.0,success
2020-06-19,USD,US DOLLAR,23100.0,23130.0,23310.0,success
2020-06-20,USD,US DOLLAR,23100.0,23130.0,23310.0,success
2020-06-21,USD,US DOLLAR,23100.0,23130.0,23310.0,success
2020-06-22,USD,US DOLLAR,23100.0,23130.0,23310.0,success
2020-06-23,USD,US DOLLAR,23090.0,23120.0,23300.0,success
2020-06-24,USD,US DOLLAR,23100.0,23130.0,23310.0,success
2020-06-25,USD,US DOLLAR,23085.0,23115.0,23295.0,success
2020-06-26,USD,US DOLLAR,23090.0,23120.0,23300.0,success
2020-06-27,USD,US DOLLAR,23090.0,23120.0,23300.0,success
2020-06-28,USD,US DOLLAR,23090.0,23120.0,23300.0,success
2020-06-29,USD,US DOLLAR,23085.0,23115.0,23295.0,success
2020-06-30,USD,US DOLLAR,23090.0,23120.0,23300.0,success
2020-07-01,USD,US DOLLAR,23080.0,23110.0,23290.0,success
2020-07-02,USD,US DOLLAR,23080.0,23110.0,23290.0,success
2020-07-03,USD,US DOLLAR,23080.0,23110.0,23290.0,success
2020-07-04,USD,US DOLLAR,23080.0,23110.0,23290.0,success
2020-07-05,USD,US DOLLAR,23080.0,23110.0,23290.0,success
2020-07-06,USD,US DOLLAR,23070.0,23100.0,23280.0,success
2020-07-07,USD,US DOLLAR,23070.0,23100.0,23280.0,success
2020-07-08,USD,US DOLLAR,23080.0,23110.0,23290.0,success
2020-07-09,USD,US DOLLAR,23070.0,23100.0,23280.0,success
2020-07-10,USD,US DOLLAR,23060.0,23090.0,23270.0,success
2020-07-11,USD,US DOLLAR,23060.0,23090.0,23270.0,success
2020-07-12,USD,US DOLLAR,23060.0,23090.0,23270.0,success
2020-07-13,USD,US DOLLAR,23060.0,23090.0,23270.0,success
2020-07-14,USD,US DOLLAR,23060.0,23090.0,23270.0,success
2020-07-15,USD,US DOLLAR,23060.0,23090.0,23270.0,success
2020-07-16,USD,US DOLLAR,23070.0,23100.0,23280.0,success
2020-07-17,USD,US DOLLAR,23070.0,23100.0,23280.0,success
2020-07-18,USD,US DOLLAR,23070.0,23100.0,23280.0,success
2020-07-19,USD,US DOLLAR,23070.0,23100.0,23280.0,success
2020-07-20,USD,US DOLLAR,23070.0,23100.0,23280.0,success
2020-07-21,USD,US DOLLAR,23070.0,23100.0,23280.0,success
2020-07-22,USD,US DOLLAR,23060.0,23090.0,23270.0,success
2020-07-23,USD,US DOLLAR,23060.0,23090.0,23270.0,success
2020-07-24,USD,US DOLLAR,23060.0,23090.0,23270.0,success
2020-07-25,USD,US DOLLAR,23060.0,23090.0,23270.0,success
2020-07-26,USD,US DOLLAR,23060.0,23090.0,23270.0,success
2020-07-27,USD,US DOLLAR,23060.0,23090.0,23270.0,success
2020-07-28,USD,US DOLLAR,23060.0,23090.0,23270.0,success
2020-07-29,USD,US DOLLAR,23060.0,23090.0,23270.0,success
2020-07-30,USD,US DOLLAR,23060.0,23090.0,23270.0,success
2020-07-31,USD,US DOLLAR,23060.0,23090.0,23270.0,success
2020-08-01,USD,US DOLLAR,23060.0,23090.0,23270.0,success
2020-08-02,USD,US DOLLAR,23060.0,23090.0,23270.0,success
2020-08-03,USD,US DOLLAR,23060.0,23090.0,23270.0,success
2020-08-04,USD,US DOLLAR,23060.0,23090.0,23270.0,success
2020-08-05,USD,US DOLLAR,23060.0,23090.0,23270.0,success
2020-08-06,USD,US DOLLAR,23060.0,23090.0,23270.0,success
2020-08-07,USD,US DOLLAR,23060.0,23090.0,23270.0,success
2020-08-08,USD,US DOLLAR,23060.0,23090.0,23270.0,success
2020-08-09,USD,US DOLLAR,23060.0,23090.0,23270.0,success
2020-08-10,USD,US DOLLAR,23060.0,23090.0,23270.0,success
2020-08-11,USD,US DOLLAR,23060.0,23090.0,23270.0,success
2020-08-12,USD,US DOLLAR,23060.0,23090.0,23270.0,success
2020-08-13,USD,US DOLLAR,23060.0,23090.0,23270.0,success
2020-08-14,USD,US DOLLAR,23060.0,23090.0,23270.0,success
2020-08-15,USD,US DOLLAR,23060.0,23090.0,23270.0,success
2020-08-16,USD,US DOLLAR,23060.0,23090.0,23270.0,success
2020-08-17,USD,US DOLLAR,23060.0,23090.0,23270.0,success
2020-08-18,USD,US DOLLAR,23060.0,23090.0,23270.0,success
2020-08-19,USD,US DOLLAR,23060.0,23090.0,23270.0,success
2020-08-20,USD,US DOLLAR,23060.0,23090.0,23270.0,success
2020-08-21,USD,US DOLLAR,23060.0,23090.0,23270.0,success
2020-08-22,USD,US DOLLAR,23060.0,23090.0,23270.0,success
2020-08-23,USD,US DOLLAR,23060.0,23090.0,23270.0,success
2020-08-24,USD,US DOLLAR,23060.0,23090.0,23270.0,success
2020-08-25,USD,US DOLLAR,23060.0,23090.0,23270.0,success
2020-08-26,USD,US DOLLAR,23060.0,23090.0,23270.0,success
2020-08-27,USD,US DOLLAR,23060.0,23090.0,23270.0,success
2020-08-28,USD,US DOLLAR,23060.0,23090.0,23270.0,success
2020-08-29,USD,US DOLLAR,23060.0,23090.0,23270.0,success
2020-08-30,USD,US DOLLAR,23060.0,23090.0,23270.0,success
2020-08-31,USD,US DOLLAR,23060.0,23090.0,23270.0,success
2020-09-01,USD,US DOLLAR,23060.0,23090.0,23270.0,success
2020-09-02,USD,US DOLLAR,23060.0,23090.0,23270.0,success
2020-09-03,USD,US DOLLAR,23060.0,23090.0,23270.0,success
2020-09-04,USD,US DOLLAR,23060.0,23090.0,23270.0,success
2020-09-05,USD,US DOLLAR,23060.0,23090.0,23270.0,success
2020-09-06,USD,US DOLLAR,23060.0,23090.0,23270.0,success
2020-09-07,USD,US DOLLAR,23060.0,23090.0,23270.0,success
2020-09-08,USD,US DOLLAR,23060.0,23090.0,23270.0,success
2020-09-09,USD,US DOLLAR,23060.0,23090.0,23270.0,success
2020-09-10,USD,US DOLLAR,23060.0,23090.0,23270.0,success
2020-09-11,USD,US DOLLAR,23060.0,23090.0,23270.0,success
2020-09-12,USD,US DOLLAR,23060.0,23090.0,23270.0,success
2020-09-13,USD,US DOLLAR,23060.0,23090.0,23270.0,success
2020-09-14,USD,US DOLLAR,23060.0,23090.0,23270.0,success
2020-09-15,USD,US DOLLAR,23060.0,23090.0,23270.0,success
2020-09-16,USD,US DOLLAR,23060.0,23090.0,23270.0,success
2020-09-17,USD,US DOLLAR,23060.0,23090.0,23270.0,success
2020-09-18,USD,US DOLLAR,23060.0,23090.0,23270.0,success
2020-09-19,USD,US DOLLAR,23060.0,23090.0,23270.0,success
2020-09-20,USD,US DOLLAR,23060.0,23090.0,23270.0,success
2020-09-21,USD,US DOLLAR,23060.0,23090.0,23270.0,success
2020-09-22,USD,US DOLLAR,23060.0,23090.0,23270.0,success
2020-09-23,USD,US DOLLAR,23070.0,23100.0,23280.0,success
2020-09-24,USD,US DOLLAR,23070.0,23100.0,23280.0,success
2020-09-25,USD,US DOLLAR,23070.0,23100.0,23280.0,success
2020-09-26,USD,US DOLLAR,23070.0,23100.0,23280.0,success
2020-09-27,USD,US DOLLAR,23070.0,23100.0,23280.0,success
2020-09-28,USD,US DOLLAR,23070.0,23100.0,23280.0,success
2020-09-29,USD,US DOLLAR,23070.0,23100.0,23280.0,success
2020-09-30,USD,US DOLLAR,23060.0,23090.0,23270.0,success
2020-10-01,USD,US DOLLAR,23070.0,23100.0,23280.0,success
2020-10-02,USD,US DOLLAR,23070.0,23100.0,23280.0,success
2020-10-03,USD,US DOLLAR,23070.0,23100.0,23280.0,success
2020-10-04,USD,US DOLLAR,23070.0,23100.0,23280.0,success
2020-10-05,USD,US DOLLAR,23080.0,23110.0,23290.0,success
2020-10-06,USD,US DOLLAR,23080.0,23110.0,23290.0,success
2020-10-07,USD,US DOLLAR,23080.0,23110.0,23290.0,success
2020-10-08,USD,US DOLLAR,23070.0,23100.0,23280.0,success
2020-10-09,USD,US DOLLAR,23070.0,23100.0,23280.0,success
2020-10-10,USD,US DOLLAR,23070.0,23100.0,23280.0,success
2020-10-11,USD,US DOLLAR,23070.0,23100.0,23280.0,success
2020-10-12,USD,US DOLLAR,23070.0,23100.0,23280.0,success
2020-10-13,USD,US DOLLAR,23070.0,23100.0,23280.0,success
2020-10-14,USD,US DOLLAR,23060.0,23090.0,23270.0,success
2020-10-15,USD,US DOLLAR,23060.0,23090.0,23270.0,success
2020-10-16,USD,US DOLLAR,23060.0,23090.0,23270.0,success
2020-10-17,USD,US DOLLAR,23060.0,23090.0,23270.0,success
2020-10-18,USD,US DOLLAR,23060.0,23090.0,23270.0,success
2020-10-19,USD,US DOLLAR,23060.0,23090.0,23270.0,success
2020-10-20,USD,US DOLLAR,23060.0,23090.0,23270.0,success
2020-10-21,USD,US DOLLAR,23060.0,23090.0,23270.0,success
2020-10-22,USD,US DOLLAR,23060.0,23090.0,23270.0,success
2020-10-23,USD,US DOLLAR,23060.0,23090.0,23270.0,success
2020-10-24,USD,US DOLLAR,23060.0,23090.0,23270.0,success
2020-10-25,USD,US DOLLAR,23060.0,23090.0,23270.0,success
2020-10-26,USD,US DOLLAR,23060.0,23090.0,23270.0,success
2020-10-27,USD,US DOLLAR,23060.0,23090.0,23270.0,success
2020-10-28,USD,US DOLLAR,23060.0,23090.0,23270.0,success
2020-10-29,USD,US DOLLAR,23060.0,23090.0,23270.0,success
2020-10-30,USD,US DOLLAR,23060.0,23090.0,23270.0,success
2020-10-31,USD,US DOLLAR,23060.0,23090.0,23270.0,success
2020-11-01,USD,US DOLLAR,23060.0,23090.0,23270.0,success
2020-11-02,USD,US DOLLAR,23060.0,23090.0,23270.0,success
2020-11-03,USD,US DOLLAR,23060.0,23090.0,23270.0,success
2020-11-04,USD,US DOLLAR,23060.0,23090.0,23270.0,success
2020-11-05,USD,US DOLLAR,23060.0,23090.0,23270.0,success
2020-11-06,USD,US DOLLAR,23060.0,23090.0,23270.0,success
2020-11-07,USD,US DOLLAR,23060.0,23090.0,23270.0,success
2020-11-08,USD,US DOLLAR,23060.0,23090.0,23270.0,success
2020-11-09,USD,US DOLLAR,23060.0,23090.0,23270.0,success
2020-11-10,USD,US DOLLAR,23060.0,23090.0,23270.0,success
2020-11-11,USD,US DOLLAR,23060.0,23090.0,23270.0,success
2020-11-12,USD,US DOLLAR,23060.0,23090.0,23270.0,success
2020-11-13,USD,US DOLLAR,23060.0,23090.0,23270.0,success
2020-11-14,USD,US DOLLAR,23060.0,23090.0,23270.0,success
2020-11-15,USD,US DOLLAR,23060.0,23090.0,23270.0,success
2020-11-16,USD,US DOLLAR,23055.0,23085.0,23265.0,success
2020-11-17,USD,US DOLLAR,23050.0,23080.0,23260.0,success
2020-11-18,USD,US DOLLAR,23060.0,23090.0,23270.0,success
2020-11-19,USD,US DOLLAR,23060.0,23090.0,23270.0,success
2020-11-20,USD,US DOLLAR,23055.0,23085.0,23265.0,success
2020-11-21,USD,US DOLLAR,23055.0,23085.0,23265.0,success
2020-11-22,USD,US DOLLAR,23055.0,23085.0,23265.0,success
2020-11-23,USD,US DOLLAR,23030.0,23060.0,23240.0,success
2020-11-24,USD,US DOLLAR,23040.0,23070.0,23250.0,success
2020-11-25,USD,US DOLLAR,23040.0,23070.0,23250.0,success
2020-11-26,USD,US DOLLAR,23050.0,23080.0,23260.0,success
2020-11-27,USD,US DOLLAR,23050.0,23080.0,23260.0,success
2020-11-28,USD,US DOLLAR,23050.0,23080.0,23260.0,success
2020-11-29,USD,US DOLLAR,23050.0,23080.0,23260.0,success
2020-11-30,USD,US DOLLAR,23020.0,23050.0,23230.0,success
2020-12-01,USD,US DOLLAR,23020.0,23050.0,23230.0,success
2020-12-02,USD,US DOLLAR,23020.0,23050.0,23230.0,success
2020-12-03,USD,US DOLLAR,23020.0,23050.0,23230.0,success
2020-12-04,USD,US DOLLAR,23010.0,23040.0,23220.0,success
2020-12-05,USD,US DOLLAR,23010.0,23040.0,23220.0,success
2020-12-06,USD,US DOLLAR,23010.0,23040.0,23220.0,success
2020-12-07,USD,US DOLLAR,23010.0,23040.0,23220.0,success
2020-12-08,USD,US DOLLAR,23010.0,23040.0,23220.0,success
2020-12-09,USD,US DOLLAR,23010.0,23040.0,23220.0,success
2020-12-10,USD,US DOLLAR,23010.0,23040.0,23220.0,success
2020-12-11,USD,US DOLLAR,23010.0,23040.0,23220.0,success
2020-12-12,USD,US DOLLAR,23010.0,23040.0,23220.0,success
2020-12-13,USD,US DOLLAR,23010.0,23040.0,23220.0,success
2020-12-14,USD,US DOLLAR,23010.0,23040.0,23220.0,success
2020-12-15,USD,US DOLLAR,23010.0,23040.0,23220.0,success
2020-12-16,USD,US DOLLAR,23010.0,23040.0,23220.0,success
2020-12-17,USD,US DOLLAR,23010.0,23040.0,23220.0,success
2020-12-18,USD,US DOLLAR,23010.0,23040.0,23220.0,success
2020-12-19,USD,US DOLLAR,23010.0,23040.0,23220.0,success
2020-12-20,USD,US DOLLAR,23010.0,23040.0,23220.0,success
2020-12-21,USD,US DOLLAR,23010.0,23040.0,23220.0,success
2020-12-22,USD,US DOLLAR,23010.0,23040.0,23220.0,success
2020-12-23,USD,US DOLLAR,23010.0,23040.0,23220.0,success
2020-12-24,USD,US DOLLAR,23010.0,23040.0,23220.0,success
2020-12-25,USD,US DOLLAR,23010.0,23040.0,23220.0,success
2020-12-26,USD,US DOLLAR,23010.0,23040.0,23220.0,success
2020-12-27,USD,US DOLLAR,23010.0,23040.0,23220.0,success
2020-12-28,USD,US DOLLAR,23010.0,23040.0,23220.0,success
2020-12-29,USD,US DOLLAR,23010.0,23040.0,23220.0,success
2020-12-30,USD,US DOLLAR,22980.0,23010.0,23190.0,success
2020-12-31,USD,US DOLLAR,23005.0,23035.0,23215.0,success
2021-01-01,USD,US DOLLAR,23005.0,23035.0,23215.0,success
2021-01-02,USD,US DOLLAR,23005.0,23035.0,23215.0,success
2021-01-03,USD,US DOLLAR,23005.0,23035.0,23215.0,success
2021-01-04,USD,US DOLLAR,22980.0,23010.0,23190.0,success
2021-01-05,USD,US DOLLAR,22980.0,23010.0,23190.0,success
2021-01-06,USD,US DOLLAR,22980.0,23010.0,23190.0,success
2021-01-07,USD,US DOLLAR,22960.0,22990.0,23170.0,success
2021-01-08,USD,US DOLLAR,22940.0,22970.0,23150.0,success
2021-01-09,USD,US DOLLAR,22940.0,22970.0,23150.0,success
2021-01-10,USD,US DOLLAR,22940.0,22970.0,23150.0,success
2021-01-11,USD,US DOLLAR,22950.0,22980.0,23160.0,success
2021-01-12,USD,US DOLLAR,22950.0,22980.0,23160.0,success
2021-01-13,USD,US DOLLAR,22950.0,22980.0,23160.0,success
2021-01-14,USD,US DOLLAR,22950.0,22980.0,23160.0,success
2021-01-15,USD,US DOLLAR,22950.0,22980.0,23160.0,success
2021-01-16,USD,US DOLLAR,22950.0,22980.0,23160.0,success
2021-01-17,USD,US DOLLAR,22950.0,22980.0,23160.0,success
2021-01-18,USD,US DOLLAR,22950.0,22980.0,23160.0,success
2021-01-19,USD,US DOLLAR,22950.0,22980.0,23160.0,success
2021-01-20,USD,US DOLLAR,22955.0,22985.0,23165.0,success
2021-01-21,USD,US DOLLAR,22955.0,22985.0,23165.0,success
2021-01-22,USD,US DOLLAR,22955.0,22985.0,23165.0,success
2021-01-23,USD,US DOLLAR,22955.0,22985.0,23165.0,success
2021-01-24,USD,US DOLLAR,22955.0,22985.0,23165.0,success
2021-01-25,USD,US DOLLAR,22955.0,22985.0,23165.0,success
2021-01-26,USD,US DOLLAR,22950.0,22980.0,23160.0,success
2021-01-27,USD,US DOLLAR,22950.0,22980.0,23160.0,success
2021-01-28,USD,US DOLLAR,22940.0,22970.0,23150.0,success
2021-01-29,USD,US DOLLAR,22930.0,22960.0,23140.0,success
2021-01-30,USD,US DOLLAR,22930.0,22960.0,23140.0,success
2021-01-31,USD,US DOLLAR,22930.0,22960.0,23140.0,success
2021-02-01,USD,US DOLLAR,22920.0,22950.0,23130.0,success
2021-02-02,USD,US DOLLAR,22900.0,22930.0,23110.0,success
2021-02-03,USD,US DOLLAR,22910.0,22940.0,23120.0,success
2021-02-04,USD,US DOLLAR,22900.0,22930.0,23110.0,success
2021-02-05,USD,US DOLLAR,22880.0,22910.0,23090.0,success
2021-02-06,USD,US DOLLAR,22880.0,22910.0,23090.0,success
2021-02-07,USD,US DOLLAR,22880.0,22910.0,23090.0,success
2021-02-08,USD,US DOLLAR,22850.0,22880.0,23060.0,success
2021-02-09,USD,US DOLLAR,22880.0,22910.0,23090.0,success
2021-02-10,USD,US DOLLAR,22880.0,22910.0,23090.0,success
2021-02-11,USD,US DOLLAR,22880.0,22910.0,23090.0,success
2021-02-12,USD,US DOLLAR,22880.0,22910.0,23090.0,success
2021-02-13,USD,US DOLLAR,22880.0,22910.0,23090.0,success
2021-02-14,USD,US DOLLAR,22880.0,22910.0,23090.0,success
2021-02-15,USD,US DOLLAR,22880.0,22910.0,23090.0,success
2021-02-16,USD,US DOLLAR,22880.0,22910.0,23090.0,success
2021-02-17,USD,US DOLLAR,22880.0,22910.0,23090.0,success
2021-02-18,USD,US DOLLAR,22880.0,22910.0,23090.0,success
2021-02-19,USD,US DOLLAR,22895.0,22925.0,23105.0,success
2021-02-20,USD,US DOLLAR,22895.0,22925.0,23105.0,success
2021-02-21,USD,US DOLLAR,22895.0,22925.0,23105.0,success
2021-02-22,USD,US DOLLAR,22900.0,22930.0,23110.0,success
2021-02-23,USD,US DOLLAR,22910.0,22940.0,23120.0,success
2021-02-24,USD,US DOLLAR,22910.0,22940.0,23120.0,success
2021-02-25,USD,US DOLLAR,22900.0,22930.0,23110.0,success
2021-02-26,USD,US DOLLAR,22890.0,22920.0,23100.0,success
2021-02-27,USD,US DOLLAR,22890.0,22920.0,23100.0,success
2021-02-28,USD,US DOLLAR,22890.0,22920.0,23100.0,success
2021-03-01,USD,US DOLLAR,22900.0,22930.0,23110.0,success
2021-03-02,USD,US DOLLAR,22910.0,22940.0,23120.0,success
2021-03-03,USD,US DOLLAR,22910.0,22940.0,23120.0,success
2021-03-04,USD,US DOLLAR,22900.0,22930.0,23110.0,success
2021-03-05,USD,US DOLLAR,22915.0,22945.0,23125.0,success
2021-03-06,USD,US DOLLAR,22915.0,22945.0,23125.0,success
2021-03-07,USD,US DOLLAR,22915.0,22945.0,23125.0,success
2021-03-08,USD,US DOLLAR,22930.0,22960.0,23140.0,success
2021-03-09,USD,US DOLLAR,22930.0,22960.0,23140.0,success
2021-03-10,USD,US DOLLAR,22930.0,22960.0,23140.0,success
2021-03-11,USD,US DOLLAR,22930.0,22960.0,23140.0,success
2021-03-12,USD,US DOLLAR,22930.0,22960.0,23140.0,success
2021-03-13,USD,US DOLLAR,22930.0,22960.0,23140.0,success
2021-03-14,USD,US DOLLAR,22930.0,22960.0,23140.0,success
2021-03-15,USD,US DOLLAR,22960.0,22990.0,23170.0,success
2021-03-16,USD,US DOLLAR,22955.0,22985.0,23165.0,success
2021-03-17,USD,US DOLLAR,22950.0,22980.0,23160.0,success
2021-03-18,USD,US DOLLAR,22950.0,22980.0,23160.0,success
2021-03-19,USD,US DOLLAR,22950.0,22980.0,23160.0,success
2021-03-20,USD,US DOLLAR,22950.0,22980.0,23160.0,success
2021-03-21,USD,US DOLLAR,22950.0,22980.0,23160.0,success
2021-03-22,USD,US DOLLAR,22960.0,22990.0,23170.0,success
2021-03-23,USD,US DOLLAR,22960.0,22990.0,23170.0,success
2021-03-24,USD,US DOLLAR,22960.0,22990.0,23170.0,success
2021-03-25,USD,US DOLLAR,22980.0,23010.0,23190.0,success
2021-03-26,USD,US DOLLAR,22965.0,22995.0,23175.0,success
2021-03-27,USD,US DOLLAR,22965.0,22995.0,23175.0,success
2021-03-28,USD,US DOLLAR,22965.0,22995.0,23175.0,success
2021-03-29,USD,US DOLLAR,22950.0,22980.0,23160.0,success
2021-03-30,USD,US DOLLAR,22950.0,22980.0,23160.0,success
2021-03-31,USD,US DOLLAR,22960.0,22990.0,23170.0,success
2021-04-01,USD,US DOLLAR,22960.0,22990.0,23170.0,success
2021-04-02,USD,US DOLLAR,22950.0,22980.0,23160.0,success
2021-04-03,USD,US DOLLAR,22950.0,22980.0,23160.0,success
2021-04-04,USD,US DOLLAR,22950.0,22980.0,23160.0,success
2021-04-05,USD,US DOLLAR,22950.0,22980.0,23160.0,success
2021-04-06,USD,US DOLLAR,22970.0,23000.0,23180.0,success
2021-04-07,USD,US DOLLAR,22970.0,23000.0,23180.0,success
2021-04-08,USD,US DOLLAR,22970.0,23000.0,23180.0,success
2021-04-09,USD,US DOLLAR,22950.0,22980.0,23160.0,success
2021-04-10,USD,US DOLLAR,22950.0,22980.0,23160.0,success
2021-04-11,USD,US DOLLAR,22950.0,22980.0,23160.0,success
2021-04-12,USD,US DOLLAR,22950.0,22980.0,23160.0,success
2021-04-13,USD,US DOLLAR,22950.0,22980.0,23160.0,success
2021-04-14,USD,US DOLLAR,22950.0,22980.0,23160.0,success
2021-04-15,USD,US DOLLAR,22950.0,22980.0,23160.0,success
2021-04-16,USD,US DOLLAR,22950.0,22980.0,23160.0,success
2021-04-17,USD,US DOLLAR,22950.0,22980.0,23160.0,success
2021-04-18,USD,US DOLLAR,22950.0,22980.0,23160.0,success
2021-04-19,USD,US DOLLAR,22955.0,22985.0,23165.0,success
2021-04-20,USD,US DOLLAR,22960.0,22990.0,23170.0,success
2021-04-21,USD,US DOLLAR,22960.0,22990.0,23170.0,success
2021-04-22,USD,US DOLLAR,22955.0,22985.0,23165.0,success
2021-04-23,USD,US DOLLAR,22945.0,22975.0,23155.0,success
2021-04-24,USD,US DOLLAR,22945.0,22975.0,23155.0,success
2021-04-25,USD,US DOLLAR,22945.0,22975.0,23155.0,success
2021-04-26,USD,US DOLLAR,22940.0,22970.0,23150.0,success
2021-04-27,USD,US DOLLAR,22930.0,22960.0,23140.0,success
2021-04-28,USD,US DOLLAR,22930.0,22960.0,23140.0,success
2021-04-29,USD,US DOLLAR,22930.0,22960.0,23140.0,success
2021-04-30,USD,US DOLLAR,22930.0,22960.0,23140.0,success
2021-05-01,USD,US DOLLAR,22930.0,22960.0,23140.0,success
2021-05-02,USD,US DOLLAR,22930.0,22960.0,23140.0,success
2021-05-03,USD,US DOLLAR,22930.0,22960.0,23140.0,success
2021-05-04,USD,US DOLLAR,22940.0,22970.0,23150.0,success
2021-05-05,USD,US DOLLAR,22940.0,22970.0,23150.0,success
2021-05-06,USD,US DOLLAR,22940.0,22970.0,23150.0,success
2021-05-07,USD,US DOLLAR,22950.0,22980.0,23160.0,success
2021-05-08,USD,US DOLLAR,22950.0,22980.0,23160.0,success
2021-05-09,USD,US DOLLAR,22950.0,22980.0,23160.0,success
2021-05-10,USD,US DOLLAR,22940.0,22970.0,23150.0,success
2021-05-11,USD,US DOLLAR,22930.0,22960.0,23160.0,success
2021-05-12,USD,US DOLLAR,22930.0,22960.0,23160.0,success
2021-05-13,USD,US DOLLAR,22910.0,22940.0,23140.0,success
2021-05-14,USD,US DOLLAR,22920.0,22950.0,23150.0,success
2021-05-15,USD,US DOLLAR,22920.0,22950.0,23150.0,success
2021-05-16,USD,US DOLLAR,22920.0,22950.0,23150.0,success
2021-05-17,USD,US DOLLAR,22910.0,22940.0,23140.0,success
2021-05-18,USD,US DOLLAR,22920.0,22950.0,23150.0,success
2021-05-19,USD,US DOLLAR,22920.0,22950.0,23150.0,success
2021-05-20,USD,US DOLLAR,22920.0,22950.0,23150.0,success
2021-05-21,USD,US DOLLAR,22920.0,22950.0,23150.0,success
2021-05-22,USD,US DOLLAR,22920.0,22950.0,23150.0,success
2021-05-23,USD,US DOLLAR,22920.0,22950.0,23150.0,success
2021-05-24,USD,US DOLLAR,22930.0,22960.0,23160.0,success
2021-05-25,USD,US DOLLAR,22930.0,22960.0,23160.0,success
2021-05-26,USD,US DOLLAR,22930.0,22960.0,23160.0,success
2021-05-27,USD,US DOLLAR,22910.0,22940.0,23140.0,success
2021-05-28,USD,US DOLLAR,22910.0,22940.0,23140.0,success
2021-05-29,USD,US DOLLAR,22910.0,22940.0,23140.0,success
2021-05-30,USD,US DOLLAR,22910.0,22940.0,23140.0,success
2021-05-31,USD,US DOLLAR,22915.0,22945.0,23145.0,success
2021-06-01,USD,US DOLLAR,22915.0,22945.0,23145.0,success
2021-06-02,USD,US DOLLAR,22915.0,22945.0,23145.0,success
2021-06-03,USD,US DOLLAR,22910.0,22940.0,23140.0,success
2021-06-04,USD,US DOLLAR,22920.0,22950.0,23150.0,success
2021-06-05,USD,US DOLLAR,22920.0,22950.0,23150.0,success
2021-06-06,USD,US DOLLAR,22920.0,22950.0,23150.0,success
2021-06-07,USD,US DOLLAR,22840.0,22870.0,23070.0,success
2021-06-08,USD,US DOLLAR,22830.0,22860.0,23060.0,success
2021-06-09,USD,US DOLLAR,22830.0,22860.0,23060.0,success
2021-06-10,USD,US DOLLAR,22810.0,22840.0,23040.0,success
2021-06-11,USD,US DOLLAR,22820.0,22850.0,23050.0,success
2021-06-12,USD,US DOLLAR,22820.0,22850.0,23050.0,success
2021-06-13,USD,US DOLLAR,22820.0,22850.0,23050.0,success
2021-06-14,USD,US DOLLAR,22820.0,22850.0,23050.0,success
2021-06-15,USD,US DOLLAR,22820.0,22850.0,23050.0,success
2021-06-16,USD,US DOLLAR,22820.0,22850.0,23050.0,success
2021-06-17,USD,US DOLLAR,22830.0,22860.0,23060.0,success
2021-06-18,USD,US DOLLAR,22880.0,22910.0,23110.0,success
2021-06-19,USD,US DOLLAR,22880.0,22910.0,23110.0,success
2021-06-20,USD,US DOLLAR,22880.0,22910.0,23110.0,success
2021-06-21,USD,US DOLLAR,22890.0,22920.0,23120.0,success
2021-06-22,USD,US DOLLAR,22890.0,22920.0,23120.0,success
2021-06-23,USD,US DOLLAR,22890.0,22920.0,23120.0,success
2021-06-24,USD,US DOLLAR,22870.0,22900.0,23100.0,success
2021-06-25,USD,US DOLLAR,22880.0,22910.0,23110.0,success
2021-06-26,USD,US DOLLAR,22880.0,22910.0,23110.0,success
2021-06-27,USD,US DOLLAR,22880.0,22910.0,23110.0,success
2021-06-28,USD,US DOLLAR,22890.0,22920.0,23120.0,success
2021-06-29,USD,US DOLLAR,22890.0,22920.0,23120.0,success
2021-06-30,USD,US DOLLAR,22890.0,22920.0,23120.0,success
2021-07-01,USD,US DOLLAR,22880.0,22910.0,23110.0,success
2021-07-02,USD,US DOLLAR,22870.0,22900.0,23100.0,success
2021-07-03,USD,US DOLLAR,22870.0,22900.0,23100.0,success
2021-07-04,USD,US DOLLAR,22870.0,22900.0,23100.0,success
2021-07-05,USD,US DOLLAR,22870.0,22900.0,23100.0,success
2021-07-06,USD,US DOLLAR,22870.0,22900.0,23100.0,success
2021-07-07,USD,US DOLLAR,22870.0,22900.0,23100.0,success
2021-07-08,USD,US DOLLAR,22890.0,22920.0,23120.0,success
2021-07-09,USD,US DOLLAR,22870.0,22900.0,23100.0,success
2021-07-10,USD,US DOLLAR,22870.0,22900.0,23100.0,success
2021-07-11,USD,US DOLLAR,22870.0,22900.0,23100.0,success
2021-07-12,USD,US DOLLAR,22890.0,22920.0,23120.0,success
2021-07-13,USD,US DOLLAR,22890.0,22920.0,23120.0,success
2021-07-14,USD,US DOLLAR,22880.0,22910.0,23110.0,success
2021-07-15,USD,US DOLLAR,22890.0,22920.0,23120.0,success
2021-07-16,USD,US DOLLAR,22880.0,22910.0,23110.0,success
2021-07-17,USD,US DOLLAR,22880.0,22910.0,23110.0,success
2021-07-18,USD,US DOLLAR,22880.0,22910.0,23110.0,success
2021-07-19,USD,US DOLLAR,22890.0,22920.0,23120.0,success
2021-07-20,USD,US DOLLAR,22900.0,22930.0,23130.0,success
2021-07-21,USD,US DOLLAR,22900.0,22930.0,23130.0,success
2021-07-22,USD,US DOLLAR,22890.0,22920.0,23120.0,success
2021-07-23,USD,US DOLLAR,22880.0,22910.0,23110.0,success
2021-07-24,USD,US DOLLAR,22880.0,22910.0,23110.0,success
2021-07-25,USD,US DOLLAR,22880.0,22910.0,23110.0,success
2021-07-26,USD,US DOLLAR,22880.0,22910.0,23110.0,success
2021-07-27,USD,US DOLLAR,22880.0,22910.0,23110.0,success
2021-07-28,USD,US DOLLAR,22865.0,22895.0,23095.0,success
2021-07-29,USD,US DOLLAR,22840.0,22870.0,23070.0,success
2021-07-30,USD,US DOLLAR,22820.0,22850.0,23050.0,success
2021-07-31,USD,US DOLLAR,22820.0,22850.0,23050.0,success
2021-08-01,USD,US DOLLAR,22820.0,22850.0,23050.0,success
2021-08-02,USD,US DOLLAR,22820.0,22850.0,23050.0,success
2021-08-03,USD,US DOLLAR,22820.0,22850.0,23050.0,success
2021-08-04,USD,US DOLLAR,22810.0,22840.0,23040.0,success
2021-08-05,USD,US DOLLAR,22810.0,22840.0,23040.0,success
2021-08-06,USD,US DOLLAR,22800.0,22830.0,23030.0,success
2021-08-07,USD,US DOLLAR,22800.0,22830.0,23030.0,success
2021-08-08,USD,US DOLLAR,22800.0,22830.0,23030.0,success
2021-08-09,USD,US DOLLAR,22800.0,22830.0,23030.0,success
2021-08-10,USD,US DOLLAR,22770.0,22800.0,23000.0,success
2021-08-11,USD,US DOLLAR,22670.0,22700.0,22900.0,success
2021-08-12,USD,US DOLLAR,22680.0,22710.0,22910.0,success
2021-08-13,USD,US DOLLAR,22700.0,22730.0,22930.0,success
2021-08-14,USD,US DOLLAR,22700.0,22730.0,22930.0,success
2021-08-15,USD,US DOLLAR,22700.0,22730.0,22930.0,success
2021-08-16,USD,US DOLLAR,22710.0,22740.0,22940.0,success
2021-08-17,USD,US DOLLAR,22705.0,22735.0,22935.0,success
2021-08-18,USD,US DOLLAR,22680.0,22710.0,22910.0,success
2021-08-19,USD,US DOLLAR,22680.0,22710.0,22910.0,success
2021-08-20,USD,US DOLLAR,22685.0,22715.0,22915.0,success
2021-08-21,USD,US DOLLAR,22685.0,22715.0,22915.0,success
2021-08-22,USD,US DOLLAR,22685.0,22715.0,22915.0,success
2021-08-23,USD,US DOLLAR,22695.0,22725.0,22925.0,success
2021-08-24,USD,US DOLLAR,22695.0,22725.0,22925.0,success
2021-08-25,USD,US DOLLAR,22670.0,22700.0,22900.0,success
2021-08-26,USD,US DOLLAR,22650.0,22680.0,22880.0,success
2021-08-27,USD,US DOLLAR,22660.0,22690.0,22890.0,success
2021-08-28,USD,US DOLLAR,22660.0,22690.0,22890.0,success
2021-08-29,USD,US DOLLAR,22660.0,22690.0,22890.0,success
2021-08-30,USD,US DOLLAR,22650.0,22680.0,22880.0,success
2021-08-31,USD,US DOLLAR,22640.0,22670.0,22870.0,success
2021-09-01,USD,US DOLLAR,22650.0,22680.0,22880.0,success
2021-09-02,USD,US DOLLAR,22650.0,22680.0,22880.0,success
2021-09-03,USD,US DOLLAR,22650.0,22680.0,22880.0,success
2021-09-04,USD,US DOLLAR,22650.0,22680.0,22880.0,success
2021-09-05,USD,US DOLLAR,22650.0,22680.0,22880.0,success
2021-09-06,USD,US DOLLAR,22635.0,22665.0,22865.0,success
2021-09-07,USD,US DOLLAR,22630.0,22660.0,22860.0,success
2021-09-08,USD,US DOLLAR,22640.0,22670.0,22870.0,success
2021-09-09,USD,US DOLLAR,22640.0,22670.0,22870.0,success
2021-09-10,USD,US DOLLAR,22640.0,22670.0,22870.0,success
2021-09-11,USD,US DOLLAR,22640.0,22670.0,22870.0,success
2021-09-12,USD,US DOLLAR,22640.0,22670.0,22870.0,success
2021-09-13,USD,US DOLLAR,22640.0,22670.0,22870.0,success
2021-09-14,USD,US DOLLAR,22640.0,22670.0,22870.0,success
2021-09-15,USD,US DOLLAR,22630.0,22660.0,22860.0,success
2021-09-16,USD,US DOLLAR,22630.0,22660.0,22860.0,success
2021-09-17,USD,US DOLLAR,22640.0,22670.0,22870.0,success
2021-09-18,USD,US DOLLAR,22640.0,22670.0,22870.0,success
2021-09-19,USD,US DOLLAR,22640.0,22670.0,22870.0,success
2021-09-20,USD,US DOLLAR,22645.0,22675.0,22875.0,success
2021-09-21,USD,US DOLLAR,22640.0,22670.0,22870.0,success
2021-09-22,USD,US DOLLAR,22630.0,22660.0,22860.0,success
2021-09-23,USD,US DOLLAR,22630.0,22660.0,22860.0,success
2021-09-24,USD,US DOLLAR,22630.0,22660.0,22860.0,success
2021-09-25,USD,US DOLLAR,22630.0,22660.0,22860.0,success
2021-09-26,USD,US DOLLAR,22630.0,22660.0,22860.0,success
2021-09-27,USD,US DOLLAR,22630.0,22660.0,22860.0,success
2021-09-28,USD,US DOLLAR,22640.0,22670.0,22870.0,success
2021-09-29,USD,US DOLLAR,22630.0,22660.0,22860.0,success
2021-09-30,USD,US DOLLAR,22630.0,22660.0,22860.0,success
2021-10-01,USD,US DOLLAR,22630.0,22660.0,22860.0,success
2021-10-02,USD,US DOLLAR,22630.0,22660.0,22860.0,success
2021-10-03,USD,US DOLLAR,22630.0,22660.0,22860.0,success
2021-10-04,USD,US DOLLAR,22630.0,22660.0,22860.0,success
2021-10-05,USD,US DOLLAR,22630.0,22660.0,22860.0,success
2021-10-06,USD,US DOLLAR,22630.0,22660.0,22860.0,success
2021-10-07,USD,US DOLLAR,22630.0,22660.0,22860.0,success
2021-10-08,USD,US DOLLAR,22630.0,22660.0,22860.0,success
2021-10-09,USD,US DOLLAR,22630.0,22660.0,22860.0,success
2021-10-10,USD,US DOLLAR,22630.0,22660.0,22860.0,success
2021-10-11,USD,US DOLLAR,22630.0,22660.0,22860.0,success
2021-10-12,USD,US DOLLAR,22620.0,22650.0,22850.0,success
2021-10-13,USD,US DOLLAR,22630.0,22660.0,22860.0,success
2021-10-14,USD,US DOLLAR,22630.0,22660.0,22860.0,success
2021-10-15,USD,US DOLLAR,22630.0,22660.0,22860.0,success
2021-10-16,USD,US DOLLAR,22630.0,22660.0,22860.0,success
2021-10-17,USD,US DOLLAR,22630.0,22660.0,22860.0,success
2021-10-18,USD,US DOLLAR,22630.0,22660.0,22860.0,success
2021-10-19,USD,US DOLLAR,22630.0,22660.0,22860.0,success
2021-10-20,USD,US DOLLAR,22625.0,22655.0,22855.0,success
2021-10-21,USD,US DOLLAR,22625.0,22655.0,22855.0,success
2021-10-22,USD,US DOLLAR,22625.0,22655.0,22855.0,success
2021-10-23,USD,US DOLLAR,22625.0,22655.0,22855.0,success
2021-10-24,USD,US DOLLAR,22625.0,22655.0,22855.0,success
2021-10-25,USD,US DOLLAR,22625.0,22655.0,22855.0,success
2021-10-26,USD,US DOLLAR,22625.0,22655.0,22855.0,success
2021-10-27,USD,US DOLLAR,22625.0,22655.0,22855.0,success
2021-10-28,USD,US DOLLAR,22625.0,22655.0,22855.0,success
2021-10-29,USD,US DOLLAR,22620.0,22650.0,22850.0,success
2021-10-30,USD,US DOLLAR,22620.0,22650.0,22850.0,success
2021-10-31,USD,US DOLLAR,22620.0,22650.0,22850.0,success
2021-11-01,USD,US DOLLAR,22620.0,22650.0,22850.0,success
2021-11-02,USD,US DOLLAR,22620.0,22650.0,22850.0,success
2021-11-03,USD,US DOLLAR,22600.0,22630.0,22830.0,success
2021-11-04,USD,US DOLLAR,22550.0,22580.0,22780.0,success
2021-11-05,USD,US DOLLAR,22540.0,22570.0,22770.0,success
2021-11-06,USD,US DOLLAR,22540.0,22570.0,22770.0,success
2021-11-07,USD,US DOLLAR,22540.0,22570.0,22770.0,success
2021-11-08,USD,US DOLLAR,22530.0,22560.0,22760.0,success
2021-11-09,USD,US DOLLAR,22530.0,22560.0,22760.0,success
2021-11-10,USD,US DOLLAR,22530.0,22560.0,22760.0,success
2021-11-11,USD,US DOLLAR,22515.0,22545.0,22745.0,success
2021-11-12,USD,US DOLLAR,22515.0,22545.0,22745.0,success
2021-11-13,USD,US DOLLAR,22515.0,22545.0,22745.0,success
2021-11-14,USD,US DOLLAR,22515.0,22545.0,22745.0,success
2021-11-15,USD,US DOLLAR,22520.0,22550.0,22750.0,success
2021-11-16,USD,US DOLLAR,22520.0,22550.0,22750.0,success
2021-11-17,USD,US DOLLAR,22520.0,22550.0,22750.0,success
2021-11-18,USD,US DOLLAR,22520.0,22550.0,22750.0,success
2021-11-19,USD,US DOLLAR,22525.0,22555.0,22755.0,success
2021-11-20,USD,US DOLLAR,22525.0,22555.0,22755.0,success
2021-11-21,USD,US DOLLAR,22525.0,22555.0,22755.0,success
2021-11-22,USD,US DOLLAR,22540.0,22570.0,22770.0,success
2021-11-23,USD,US DOLLAR,22545.0,22575.0,22775.0,success
2021-11-24,USD,US DOLLAR,22555.0,22585.0,22785.0,success
2021-11-25,USD,US DOLLAR,22545.0,22575.0,22775.0,success
2021-11-26,USD,US DOLLAR,22545.0,22575.0,22775.0,success
2021-11-27,USD,US DOLLAR,22545.0,22575.0,22775.0,success
2021-11-28,USD,US DOLLAR,22545.0,22575.0,22775.0,success
2021-11-29,USD,US DOLLAR,22560.0,22590.0,22790.0,success
2021-11-30,USD,US DOLLAR,22570.0,22600.0,22800.0,success
2021-12-01,USD,US DOLLAR,22580.0,22610.0,22810.0,success
2021-12-02,USD,US DOLLAR,22600.0,22630.0,22830.0,success
2021-12-03,USD,US DOLLAR,22670.0,22700.0,22940.0,success
2021-12-04,USD,US DOLLAR,22670.0,22700.0,22940.0,success
2021-12-05,USD,US DOLLAR,22670.0,22700.0,22940.0,success
2021-12-06,USD,US DOLLAR,22950.0,22980.0,23220.0,success
2021-12-07,USD,US DOLLAR,22930.0,22960.0,23200.0,success
2021-12-08,USD,US DOLLAR,22810.0,22840.0,23080.0,success
2021-12-09,USD,US DOLLAR,22830.0,22860.0,23100.0,success
2021-12-10,USD,US DOLLAR,22830.0,22860.0,23100.0,success
2021-12-11,USD,US DOLLAR,22830.0,22860.0,23100.0,success
2021-12-12,USD,US DOLLAR,22830.0,22860.0,23100.0,success
2021-12-13,USD,US DOLLAR,22820.0,22850.0,23090.0,success
2021-12-14,USD,US DOLLAR,22840.0,22870.0,23110.0,success
2021-12-15,USD,US DOLLAR,22870.0,22900.0,23140.0,success
2021-12-16,USD,US DOLLAR,22850.0,22880.0,23120.0,success
2021-12-17,USD,US DOLLAR,22790.0,22820.0,23100.0,success
2021-12-18,USD,US DOLLAR,22790.0,22820.0,23100.0,success
2021-12-19,USD,US DOLLAR,22790.0,22820.0,23100.0,success
2021-12-20,USD,US DOLLAR,22760.0,22790.0,23070.0,success
2021-12-21,USD,US DOLLAR,22730.0,22760.0,23040.0,success
2021-12-22,USD,US DOLLAR,22780.0,22810.0,23090.0,success
2021-12-23,USD,US DOLLAR,22785.0,22815.0,23095.0,success
2021-12-24,USD,US DOLLAR,22700.0,22730.0,23010.0,success
2021-12-25,USD,US DOLLAR,22700.0,22730.0,23010.0,success
2021-12-26,USD,US DOLLAR,22700.0,22730.0,23010.0,success
2021-12-27,USD,US DOLLAR,22620.0,22650.0,22930.0,success
2021-12-28,USD,US DOLLAR,22670.0,22700.0,22980.0,success
2021-12-29,USD,US DOLLAR,22670.0,22700.0,22980.0,success
2021-12-30,USD,US DOLLAR,22610.0,22640.0,22920.0,success
2021-12-31,USD,US DOLLAR,22610.0,22640.0,22920.0,success
2022-01-01,USD,US DOLLAR,22610.0,22640.0,22920.0,success
2022-01-02,USD,US DOLLAR,22610.0,22640.0,22920.0,success
2022-01-03,USD,US DOLLAR,22610.0,22640.0,22920.0,success
2022-01-04,USD,US DOLLAR,22610.0,22640.0,22920.0,success
2022-01-05,USD,US DOLLAR,22590.0,22620.0,22900.0,success
2022-01-06,USD,US DOLLAR,22590.0,22620.0,22900.0,success
2022-01-07,USD,US DOLLAR,22540.0,22570.0,22850.0,success
2022-01-08,USD,US DOLLAR,22540.0,22570.0,22850.0,success
2022-01-09,USD,US DOLLAR,22540.0,22570.0,22850.0,success
2022-01-10,USD,US DOLLAR,22510.0,22540.0,22820.0,success
2022-01-11,USD,US DOLLAR,22530.0,22560.0,22840.0,success
2022-01-12,USD,US DOLLAR,22530.0,22560.0,22840.0,success
2022-01-13,USD,US DOLLAR,22530.0,22560.0,22840.0,success
2022-01-14,USD,US DOLLAR,22540.0,22570.0,22850.0,success
2022-01-15,USD,US DOLLAR,22540.0,22570.0,22850.0,success
2022-01-16,USD,US DOLLAR,22540.0,22570.0,22850.0,success
2022-01-17,USD,US DOLLAR,22540.0,22570.0,22850.0,success
2022-01-18,USD,US DOLLAR,22560.0,22590.0,22870.0,success
2022-01-19,USD,US DOLLAR,22530.0,22560.0,22840.0,success
2022-01-20,USD,US DOLLAR,22470.0,22500.0,22780.0,success
2022-01-21,USD,US DOLLAR,22450.0,22480.0,22760.0,success
2022-01-22,USD,US DOLLAR,22450.0,22480.0,22760.0,success
2022-01-23,USD,US DOLLAR,22450.0,22480.0,22760.0,success
2022-01-24,USD,US DOLLAR,22500.0,22530.0,22810.0,success
2022-01-25,USD,US DOLLAR,22470.0,22500.0,22780.0,success
2022-01-26,USD,US DOLLAR,22460.0,22490.0,22770.0,success
2022-01-27,USD,US DOLLAR,22470.0,22500.0,22780.0,success
2022-01-28,USD,US DOLLAR,22470.0,22500.0,22780.0,success
2022-01-29,USD,US DOLLAR,22470.0,22500.0,22780.0,success
2022-01-30,USD,US DOLLAR,22470.0,22500.0,22780.0,success
2022-01-31,USD,US DOLLAR,22470.0,22500.0,22780.0,success
2022-02-01,USD,US DOLLAR,22470.0,22500.0,22780.0,success
2022-02-02,USD,US DOLLAR,22470.0,22500.0,22780.0,success
2022-02-03,USD,US DOLLAR,22470.0,22500.0,22780.0,success
2022-02-04,USD,US DOLLAR,22470.0,22500.0,22780.0,success
2022-02-05,USD,US DOLLAR,22470.0,22500.0,22780.0,success
2022-02-06,USD,US DOLLAR,22470.0,22500.0,22780.0,success
2022-02-07,USD,US DOLLAR,22500.0,22530.0,22810.0,success
2022-02-08,USD,US DOLLAR,22570.0,22600.0,22880.0,success
2022-02-09,USD,US DOLLAR,22520.0,22550.0,22830.0,success
2022-02-10,USD,US DOLLAR,22510.0,22540.0,22820.0,success
2022-02-11,USD,US DOLLAR,22520.0,22550.0,22830.0,success
2022-02-12,USD,US DOLLAR,22520.0,22550.0,22830.0,success
2022-02-13,USD,US DOLLAR,22520.0,22550.0,22830.0,success
2022-02-14,USD,US DOLLAR,22550.0,22580.0,22860.0,success
2022-02-15,USD,US DOLLAR,22580.0,22610.0,22890.0,success
2022-02-16,USD,US DOLLAR,22590.0,22620.0,22900.0,success
2022-02-17,USD,US DOLLAR,22620.0,22650.0,22930.0,success
2022-02-18,USD,US DOLLAR,22670.0,22700.0,22980.0,success
2022-02-19,USD,US DOLLAR,22670.0,22700.0,22980.0,success
2022-02-20,USD,US DOLLAR,22670.0,22700.0,22980.0,success
2022-02-21,USD,US DOLLAR,22620.0,22650.0,22930.0,success
2022-02-22,USD,US DOLLAR,22630.0,22660.0,22940.0,success
2022-02-23,USD,US DOLLAR,22650.0,22680.0,22960.0,success
2022-02-24,USD,US DOLLAR,22650.0,22680.0,22960.0,success
2022-02-25,USD,US DOLLAR,22650.0,22680.0,22960.0,success
2022-02-26,USD,US DOLLAR,22650.0,22680.0,22960.0,success
2022-02-27,USD,US DOLLAR,22650.0,22680.0,22960.0,success
2022-02-28,USD,US DOLLAR,22640.0,22670.0,22950.0,success
2022-03-01,USD,US DOLLAR,22640.0,22670.0,22950.0,success
2022-03-02,USD,US DOLLAR,22670.0,22700.0,22980.0,success
2022-03-03,USD,US DOLLAR,22670.0,22700.0,22980.0,success
2022-03-04,USD,US DOLLAR,22670.0,22700.0,22980.0,success
2022-03-05,USD,US DOLLAR,22670.0,22700.0,22980.0,success
2022-03-06,USD,US DOLLAR,22670.0,22700.0,22980.0,success
2022-03-07,USD,US DOLLAR,22680.0,22710.0,22990.0,success
2022-03-08,USD,US DOLLAR,22680.0,22710.0,22990.0,success
2022-03-09,USD,US DOLLAR,22680.0,22710.0,22990.0,success
2022-03-10,USD,US DOLLAR,22670.0,22700.0,22980.0,success
2022-03-11,USD,US DOLLAR,22700.0,22730.0,23010.0,success
2022-03-12,USD,US DOLLAR,22700.0,22730.0,23010.0,success
2022-03-13,USD,US DOLLAR,22700.0,22730.0,23010.0,success
2022-03-14,USD,US DOLLAR,22720.0,22750.0,23030.0,success
2022-03-15,USD,US DOLLAR,22720.0,22750.0,23030.0,success
2022-03-16,USD,US DOLLAR,22710.0,22740.0,23020.0,success
2022-03-17,USD,US DOLLAR,22710.0,22740.0,23020.0,success
2022-03-18,USD,US DOLLAR,22690.0,22720.0,23000.0,success
2022-03-19,USD,US DOLLAR,22690.0,22720.0,23000.0,success
2022-03-20,USD,US DOLLAR,22690.0,22720.0,23000.0,success
2022-03-21,USD,US DOLLAR,22700.0,22730.0,23010.0,success
2022-03-22,USD,US DOLLAR,22705.0,22735.0,23015.0,success
2022-03-23,USD,US DOLLAR,22710.0,22740.0,23020.0,success
2022-03-24,USD,US DOLLAR,22705.0,22735.0,23015.0,success
2022-03-25,USD,US DOLLAR,22700.0,22730.0,23010.0,success
2022-03-26,USD,US DOLLAR,22700.0,22730.0,23010.0,success
2022-03-27,USD,US DOLLAR,22700.0,22730.0,23010.0,success
2022-03-28,USD,US DOLLAR,22705.0,22735.0,23015.0,success
2022-03-29,USD,US DOLLAR,22710.0,22740.0,23020.0,success
2022-03-30,USD,US DOLLAR,22690.0,22720.0,23000.0,success
2022-03-31,USD,US DOLLAR,22670.0,22700.0,22980.0,success
2022-04-01,USD,US DOLLAR,22670.0,22700.0,22980.0,success
2022-04-02,USD,US DOLLAR,22670.0,22700.0,22980.0,success
2022-04-03,USD,US DOLLAR,22670.0,22700.0,22980.0,success
2022-04-04,USD,US DOLLAR,22670.0,22700.0,22980.0,success
2022-04-05,USD,US DOLLAR,22700.0,22730.0,23010.0,success
2022-04-06,USD,US DOLLAR,22700.0,22730.0,23010.0,success
2022-04-07,USD,US DOLLAR,22690.0,22720.0,23000.0,success
2022-04-08,USD,US DOLLAR,22690.0,22720.0,23000.0,success
2022-04-09,USD,US DOLLAR,22690.0,22720.0,23000.0,success
2022-04-10,USD,US DOLLAR,22690.0,22720.0,23000.0,success
2022-04-11,USD,US DOLLAR,22690.0,22720.0,23000.0,success
2022-04-12,USD,US DOLLAR,22715.0,22745.0,23025.0,success
2022-04-13,USD,US DOLLAR,22710.0,22740.0,23020.0,success
2022-04-14,USD,US DOLLAR,22730.0,22760.0,23040.0,success
2022-04-15,USD,US DOLLAR,22730.0,22760.0,23040.0,success
2022-04-16,USD,US DOLLAR,22730.0,22760.0,23040.0,success
2022-04-17,USD,US DOLLAR,22730.0,22760.0,23040.0,success
2022-04-18,USD,US DOLLAR,22750.0,22780.0,23060.0,success
2022-04-19,USD,US DOLLAR,22785.0,22815.0,23095.0,success
2022-04-20,USD,US DOLLAR,22795.0,22825.0,23105.0,success
2022-04-21,USD,US DOLLAR,22795.0,22825.0,23105.0,success
2022-04-22,USD,US DOLLAR,22800.0,22830.0,23110.0,success
2022-04-23,USD,US DOLLAR,22800.0,22830.0,23110.0,success
2022-04-24,USD,US DOLLAR,22800.0,22830.0,23110.0,success
2022-04-25,USD,US DOLLAR,22810.0,22840.0,23120.0,success
2022-04-26,USD,US DOLLAR,22810.0,22840.0,23120.0,success
2022-04-27,USD,US DOLLAR,22795.0,22825.0,23105.0,success
2022-04-28,USD,US DOLLAR,22780.0,22810.0,23090.0,success
2022-04-29,USD,US DOLLAR,22785.0,22815.0,23095.0,success
2022-04-30,USD,US DOLLAR,22785.0,22815.0,23095.0,success
2022-05-01,USD,US DOLLAR,22785.0,22815.0,23095.0,success
2022-05-02,USD,US DOLLAR,22785.0,22815.0,23095.0,success
2022-05-03,USD,US DOLLAR,22785.0,22815.0,23095.0,success
2022-05-04,USD,US DOLLAR,22800.0,22830.0,23110.0,success
2022-05-05,USD,US DOLLAR,22780.0,22810.0,23090.0,success
2022-05-06,USD,US DOLLAR,22780.0,22810.0,23090.0,success
2022-05-07,USD,US DOLLAR,22780.0,22810.0,23090.0,success
2022-05-08,USD,US DOLLAR,22780.0,22810.0,23090.0,success
2022-05-09,USD,US DOLLAR,22785.0,22815.0,23095.0,success
2022-05-10,USD,US DOLLAR,22765.0,22795.0,23075.0,success
2022-05-11,USD,US DOLLAR,22890.0,22920.0,23200.0,success
2022-05-12,USD,US DOLLAR,22920.0,22950.0,23230.0,success
2022-05-13,USD,US DOLLAR,22920.0,22950.0,23230.0,success
2022-05-14,USD,US DOLLAR,22920.0,22950.0,23230.0,success
2022-05-15,USD,US DOLLAR,22920.0,22950.0,23230.0,success
2022-05-16,USD,US DOLLAR,22920.0,22950.0,23230.0,success
2022-05-17,USD,US DOLLAR,22960.0,22990.0,23270.0,success
2022-05-18,USD,US DOLLAR,22970.0,23000.0,23280.0,success
2022-05-19,USD,US DOLLAR,22995.0,23025.0,23305.0,success
2022-05-20,USD,US DOLLAR,23000.0,23030.0,23310.0,success
2022-05-21,USD,US DOLLAR,23000.0,23030.0,23310.0,success
2022-05-22,USD,US DOLLAR,23000.0,23030.0,23310.0,success
2022-05-23,USD,US DOLLAR,23005.0,23035.0,23315.0,success
2022-05-24,USD,US DOLLAR,23040.0,23070.0,23350.0,success
2022-05-25,USD,US DOLLAR,23040.0,23070.0,23350.0,success
2022-05-26,USD,US DOLLAR,23030.0,23060.0,23340.0,success
2022-05-27,USD,US DOLLAR,23030.0,23060.0,23340.0,success
2022-05-28,USD,US DOLLAR,23030.0,23060.0,23340.0,success
2022-05-29,USD,US DOLLAR,23030.0,23060.0,23340.0,success
2022-05-30,USD,US DOLLAR,23020.0,23050.0,23330.0,success
2022-05-31,USD,US DOLLAR,23020.0,23050.0,23330.0,success
2022-06-01,USD,US DOLLAR,23030.0,23060.0,23340.0,success
2022-06-02,USD,US DOLLAR,23040.0,23070.0,23350.0,success
2022-06-03,USD,US DOLLAR,23030.0,23060.0,23340.0,success
2022-06-04,USD,US DOLLAR,23030.0,23060.0,23340.0,success
2022-06-05,USD,US DOLLAR,23030.0,23060.0,23340.0,success
2022-06-06,USD,US DOLLAR,23025.0,23055.0,23335.0,success
2022-06-07,USD,US DOLLAR,23015.0,23045.0,23325.0,success
2022-06-08,USD,US DOLLAR,23020.0,23050.0,23330.0,success
2022-06-09,USD,US DOLLAR,23000.0,23030.0,23310.0,success
2022-06-10,USD,US DOLLAR,23000.0,23030.0,23310.0,success
2022-06-11,USD,US DOLLAR,23000.0,23030.0,23310.0,success
2022-06-12,USD,US DOLLAR,23000.0,23030.0,23310.0,success
2022-06-13,USD,US DOLLAR,23030.0,23060.0,23340.0,success
2022-06-14,USD,US DOLLAR,23060.0,23090.0,23370.0,success
2022-06-15,USD,US DOLLAR,23050.0,23080.0,23360.0,success
2022-06-16,USD,US DOLLAR,23060.0,23090.0,23370.0,success
2022-06-17,USD,US DOLLAR,23070.0,23100.0,23380.0,success
2022-06-18,USD,US DOLLAR,23070.0,23100.0,23380.0,success
2022-06-19,USD,US DOLLAR,23070.0,23100.0,23380.0,success
2022-06-20,USD,US DOLLAR,23070.0,23100.0,23380.0,success
2022-06-21,USD,US DOLLAR,23070.0,23100.0,23380.0,success
2022-06-22,USD,US DOLLAR,23075.0,23105.0,23385.0,success
2022-06-23,USD,US DOLLAR,23080.0,23110.0,23390.0,success
2022-06-24,USD,US DOLLAR,23080.0,23110.0,23390.0,success
2022-06-25,USD,US DOLLAR,23080.0,23110.0,23390.0,success
2022-06-26,USD,US DOLLAR,23080.0,23110.0,23390.0,success
2022-06-27,USD,US DOLLAR,23080.0,23110.0,23390.0,success
2022-06-28,USD,US DOLLAR,23080.0,23110.0,23390.0,success
2022-06-29,USD,US DOLLAR,23070.0,23100.0,23380.0,success
2022-06-30,USD,US DOLLAR,23105.0,23135.0,23415.0,success
2022-07-01,USD,US DOLLAR,23130.0,23160.0,23440.0,success
2022-07-02,USD,US DOLLAR,23130.0,23160.0,23440.0,success
2022-07-03,USD,US DOLLAR,23130.0,23160.0,23440.0,success
2022-07-04,USD,US DOLLAR,23160.0,23190.0,23470.0,success
2022-07-05,USD,US DOLLAR,23180.0,23210.0,23490.0,success
2022-07-06,USD,US DOLLAR,23195.0,23225.0,23505.0,success
2022-07-07,USD,US DOLLAR,23180.0,23210.0,23490.0,success
2022-07-08,USD,US DOLLAR,23190.0,23220.0,23500.0,success
2022-07-09,USD,US DOLLAR,23190.0,23220.0,23500.0,success
2022-07-10,USD,US DOLLAR,23190.0,23220.0,23500.0,success
2022-07-11,USD,US DOLLAR,23180.0,23210.0,23490.0,success
2022-07-12,USD,US DOLLAR,23210.0,23240.0,23520.0,success
2022-07-13,USD,US DOLLAR,23220.0,23250.0,23530.0,success
2022-07-14,USD,US DOLLAR,23235.0,23265.0,23545.0,success
2022-07-15,USD,US DOLLAR,23270.0,23300.0,23580.0,success
2022-07-16,USD,US DOLLAR,23270.0,23300.0,23580.0,success
2022-07-17,USD,US DOLLAR,23270.0,23300.0,23580.0,success
2022-07-18,USD,US DOLLAR,23280.0,23310.0,23590.0,success
2022-07-19,USD,US DOLLAR,23260.0,23290.0,23570.0,success
2022-07-20,USD,US DOLLAR,23250.0,23280.0,23560.0,success
2022-07-21,USD,US DOLLAR,23250.0,23280.0,23560.0,success
2022-07-22,USD,US DOLLAR,23240.0,23270.0,23550.0,success
2022-07-23,USD,US DOLLAR,23240.0,23270.0,23550.0,success
2022-07-24,USD,US DOLLAR,23240.0,23270.0,23550.0,success
2022-07-25,USD,US DOLLAR,23220.0,23250.0,23530.0,success
2022-07-26,USD,US DOLLAR,23185.0,23215.0,23495.0,success
2022-07-27,USD,US DOLLAR,23200.0,23230.0,23510.0,success
2022-07-28,USD,US DOLLAR,23210.0,23240.0,23520.0,success
2022-07-29,USD,US DOLLAR,23170.0,23200.0,23480.0,success
2022-07-30,USD,US DOLLAR,23170.0,23200.0,23480.0,success
2022-07-31,USD,US DOLLAR,23170.0,23200.0,23480.0,success
2022-08-01,USD,US DOLLAR,23180.0,23210.0,23490.0,success
2022-08-02,USD,US DOLLAR,23190.0,23220.0,23500.0,success
2022-08-03,USD,US DOLLAR,23220.0,23250.0,23530.0,success
2022-08-04,USD,US DOLLAR,23230.0,23260.0,23540.0,success
2022-08-05,USD,US DOLLAR,23220.0,23250.0,23530.0,success
2022-08-06,USD,US DOLLAR,23220.0,23250.0,23530.0,success
2022-08-07,USD,US DOLLAR,23220.0,23250.0,23530.0,success
2022-08-08,USD,US DOLLAR,23220.0,23250.0,23530.0,success
2022-08-09,USD,US DOLLAR,23220.0,23250.0,23530.0,success
2022-08-10,USD,US DOLLAR,23220.0,23250.0,23530.0,success
2022-08-11,USD,US DOLLAR,23220.0,23250.0,23530.0,success
2022-08-12,USD,US DOLLAR,23220.0,23250.0,23530.0,success
2022-08-13,USD,US DOLLAR,23220.0,23250.0,23530.0,success
2022-08-14,USD,US DOLLAR,23220.0,23250.0,23530.0,success
2022-08-15,USD,US DOLLAR,23230.0,23260.0,23540.0,success
2022-08-16,USD,US DOLLAR,23230.0,23260.0,23540.0,success
2022-08-17,USD,US DOLLAR,23235.0,23265.0,23545.0,success
2022-08-18,USD,US DOLLAR,23230.0,23260.0,23540.0,success
2022-08-19,USD,US DOLLAR,23235.0,23265.0,23545.0,success
2022-08-20,USD,US DOLLAR,23235.0,23265.0,23545.0,success
2022-08-21,USD,US DOLLAR,23235.0,23265.0,23545.0,success
2022-08-22,USD,US DOLLAR,23235.0,23265.0,23545.0,success
2022-08-23,USD,US DOLLAR,23260.0,23290.0,23570.0,success
2022-08-24,USD,US DOLLAR,23300.0,23330.0,23610.0,success
2022-08-25,USD,US DOLLAR,23250.0,23280.0,23560.0,success
2022-08-26,USD,US DOLLAR,23260.0,23290.0,23570.0,success
2022-08-27,USD,US DOLLAR,23260.0,23290.0,23570.0,success
2022-08-28,USD,US DOLLAR,23260.0,23290.0,23570.0,success
2022-08-29,USD,US DOLLAR,23240.0,23270.0,23550.0,success
2022-08-30,USD,US DOLLAR,23260.0,23290.0,23570.0,success
2022-08-31,USD,US DOLLAR,23290.0,23320.0,23600.0,success
2022-09-01,USD,US DOLLAR,23290.0,23320.0,23600.0,success
2022-09-02,USD,US DOLLAR,23290.0,23320.0,23600.0,success
2022-09-03,USD,US DOLLAR,23290.0,23320.0,23600.0,success
2022-09-04,USD,US DOLLAR,23290.0,23320.0,23600.0,success
2022-09-05,USD,US DOLLAR,23370.0,23400.0,23680.0,success
2022-09-06,USD,US DOLLAR,23370.0,23400.0,23680.0,success
2022-09-07,USD,US DOLLAR,23430.0,23460.0,23740.0,success
2022-09-08,USD,US DOLLAR,23360.0,23390.0,23670.0,success
2022-09-09,USD,US DOLLAR,23380.0,23410.0,23690.0,success
2022-09-10,USD,US DOLLAR,23380.0,23410.0,23690.0,success
2022-09-11,USD,US DOLLAR,23380.0,23410.0,23690.0,success
2022-09-12,USD,US DOLLAR,23360.0,23390.0,23670.0,success
2022-09-13,USD,US DOLLAR,23380.0,23410.0,23690.0,success
2022-09-14,USD,US DOLLAR,23420.0,23450.0,23730.0,success
2022-09-15,USD,US DOLLAR,23430.0,23460.0,23740.0,success
2022-09-16,USD,US DOLLAR,23485.0,23515.0,23795.0,success
2022-09-17,USD,US DOLLAR,23485.0,23515.0,23795.0,success
2022-09-18,USD,US DOLLAR,23485.0,23515.0,23795.0,success
2022-09-19,USD,US DOLLAR,23500.0,23530.0,23810.0,success
2022-09-20,USD,US DOLLAR,23500.0,23530.0,23810.0,success
2022-09-21,USD,US DOLLAR,23515.0,23545.0,23825.0,success
2022-09-22,USD,US DOLLAR,23535.0,23565.0,23845.0,success
2022-09-23,USD,US DOLLAR,23535.0,23565.0,23845.0,success
2022-09-24,USD,US DOLLAR,23535.0,23565.0,23845.0,success
2022-09-25,USD,US DOLLAR,23535.0,23565.0,23845.0,success
2022-09-26,USD,US DOLLAR,23560.0,23590.0,23870.0,success
2022-09-27,USD,US DOLLAR,23565.0,23595.0,23875.0,success
2022-09-28,USD,US DOLLAR,23580.0,23610.0,23890.0,success
2022-09-29,USD,US DOLLAR,23640.0,23670.0,23950.0,success
2022-09-30,USD,US DOLLAR,23700.0,23730.0,24010.0,success
2022-10-01,USD,US DOLLAR,23700.0,23730.0,24010.0,success
2022-10-02,USD,US DOLLAR,23700.0,23730.0,24010.0,success
2022-10-03,USD,US DOLLAR,23730.0,23760.0,24040.0,success
2022-10-04,USD,US DOLLAR,23720.0,23750.0,24030.0,success
2022-10-05,USD,US DOLLAR,23710.0,23740.0,24020.0,success
2022-10-06,USD,US DOLLAR,23705.0,23735.0,24015.0,success
2022-10-07,USD,US DOLLAR,23710.0,23740.0,24020.0,success
2022-10-08,USD,US DOLLAR,23710.0,23740.0,24020.0,success
2022-10-09,USD,US DOLLAR,23710.0,23740.0,24020.0,success
2022-10-10,USD,US DOLLAR,23710.0,23740.0,24020.0,success
2022-10-11,USD,US DOLLAR,23760.0,23790.0,24070.0,success
2022-10-12,USD,US DOLLAR,23770.0,23800.0,24080.0,success
2022-10-13,USD,US DOLLAR,23890.0,23920.0,24200.0,success
2022-10-14,USD,US DOLLAR,23920.0,23950.0,24230.0,success
2022-10-15,USD,US DOLLAR,23920.0,23950.0,24230.0,success
2022-10-16,USD,US DOLLAR,23920.0,23950.0,24230.0,success
2022-10-17,USD,US DOLLAR,24130.0,24160.0,24440.0,success
2022-10-18,USD,US DOLLAR,24240.0,24270.0,24550.0,success
2022-10-19,USD,US DOLLAR,24320.0,24350.0,24630.0,success
2022-10-20,USD,US DOLLAR,24360.0,24390.0,24670.0,success
2022-10-21,USD,US DOLLAR,24560.0,24590.0,24870.0,success
2022-10-22,USD,US DOLLAR,24560.0,24590.0,24870.0,success
2022-10-23,USD,US DOLLAR,24560.0,24590.0,24870.0,success
2022-10-24,USD,US DOLLAR,24575.0,24605.0,24885.0,success
2022-10-25,USD,US DOLLAR,24578.0,24608.0,24888.0,success
2022-10-26,USD,US DOLLAR,24572.0,24602.0,24882.0,success
2022-10-27,USD,US DOLLAR,24567.0,24597.0,24877.0,success
2022-10-28,USD,US DOLLAR,24567.0,24597.0,24877.0,success
2022-10-29,USD,US DOLLAR,24567.0,24597.0,24877.0,success
2022-10-30,USD,US DOLLAR,24567.0,24597.0,24877.0,success
2022-10-31,USD,US DOLLAR,24569.0,24599.0,24879.0,success
2022-11-01,USD,US DOLLAR,24571.0,24601.0,24881.0,success
2022-11-02,USD,US DOLLAR,24562.0,24592.0,24872.0,success
2022-11-03,USD,US DOLLAR,24561.0,24591.0,24871.0,success
2022-11-04,USD,US DOLLAR,24567.0,24597.0,24877.0,success
2022-11-05,USD,US DOLLAR,24567.0,24597.0,24877.0,success
2022-11-06,USD,US DOLLAR,24567.0,24597.0,24877.0,success
2022-11-07,USD,US DOLLAR,24604.0,24634.0,24874.0,success
2022-11-08,USD,US DOLLAR,24692.0,24722.0,24872.0,success
2022-11-09,USD,US DOLLAR,24692.0,24722.0,24872.0,success
2022-11-10,USD,US DOLLAR,24690.0,24720.0,24870.0,success
2022-11-11,USD,US DOLLAR,24630.0,24660.0,24860.0,success
2022-11-12,USD,US DOLLAR,24630.0,24660.0,24860.0,success
2022-11-13,USD,US DOLLAR,24630.0,24660.0,24860.0,success
2022-11-14,USD,US DOLLAR,24575.0,24605.0,24855.0,success
2022-11-15,USD,US DOLLAR,24580.0,24610.0,24860.0,success
2022-11-16,USD,US DOLLAR,24580.0,24610.0,24860.0,success
2022-11-17,USD,US DOLLAR,24580.0,24610.0,24860.0,success
2022-11-18,USD,US DOLLAR,24578.0,24608.0,24858.0,success
2022-11-19,USD,US DOLLAR,24578.0,24608.0,24858.0,success
2022-11-20,USD,US DOLLAR,24578.0,24608.0,24858.0,success
2022-11-21,USD,US DOLLAR,24577.0,24607.0,24857.0,success
2022-11-22,USD,US DOLLAR,24627.0,24657.0,24857.0,success
2022-11-23,USD,US DOLLAR,24625.0,24655.0,24855.0,success
2022-11-24,USD,US DOLLAR,24624.0,24654.0,24854.0,success
2022-11-25,USD,US DOLLAR,24570.0,24600.0,24840.0,success
2022-11-26,USD,US DOLLAR,24570.0,24600.0,24840.0,success
2022-11-27,USD,US DOLLAR,24570.0,24600.0,24840.0,success
2022-11-28,USD,US DOLLAR,24570.0,24600.0,24840.0,success
2022-11-29,USD,US DOLLAR,24580.0,24610.0,24850.0,success
2022-11-30,USD,US DOLLAR,24490.0,24520.0,24800.0,success
2022-12-01,USD,US DOLLAR,24330.0,24360.0,24640.0,success
2022-12-02,USD,US DOLLAR,23930.0,23960.0,24240.0,success
2022-12-03,USD,US DOLLAR,23930.0,23960.0,24240.0,success
2022-12-04,USD,US DOLLAR,23930.0,23960.0,24240.0,success
2022-12-05,USD,US DOLLAR,23760.0,23790.0,24070.0,success
2022-12-06,USD,US DOLLAR,23870.0,23900.0,24180.0,success
2022-12-07,USD,US DOLLAR,23710.0,23740.0,24020.0,success
2022-12-08,USD,US DOLLAR,23570.0,23600.0,23880.0,success
2022-12-09,USD,US DOLLAR,23390.0,23420.0,23700.0,success
2022-12-10,USD,US DOLLAR,23390.0,23420.0,23700.0,success
2022-12-11,USD,US DOLLAR,23390.0,23420.0,23700.0,success
2022-12-12,USD,US DOLLAR,23530.0,23560.0,23840.0,success
2022-12-13,USD,US DOLLAR,23440.0,23470.0,23750.0,success
2022-12-14,USD,US DOLLAR,23340.0,23370.0,23650.0,success
2022-12-15,USD,US DOLLAR,23320.0,23350.0,23630.0,success
2022-12-16,USD,US DOLLAR,23410.0,23440.0,23720.0,success
2022-12-17,USD,US DOLLAR,23410.0,23440.0,23720.0,success
2022-12-18,USD,US DOLLAR,23410.0,23440.0,23720.0,success
2022-12-19,USD,US DOLLAR,23510.0,23540.0,23820.0,success
2022-12-20,USD,US DOLLAR,23570.0,23600.0,23880.0,success
2022-12-21,USD,US DOLLAR,23550.0,23580.0,23860.0,success
2022-12-22,USD,US DOLLAR,23510.0,23540.0,23820.0,success
2022-12-23,USD,US DOLLAR,23400.0,23430.0,23750.0,success
2022-12-24,USD,US DOLLAR,23400.0,23430.0,23750.0,success
2022-12-25,USD,US DOLLAR,23400.0,23430.0,23750.0,success
2022-12-26,USD,US DOLLAR,23450.0,23480.0,23800.0,success
2022-12-27,USD,US DOLLAR,23400.0,23430.0,23750.0,success
2022-12-28,USD,US DOLLAR,23400.0,23430.0,23750.0,success
2022-12-29,USD,US DOLLAR,23430.0,23460.0,23780.0,success
2022-12-30,USD,US DOLLAR,23380.0,23410.0,23730.0,success
2022-12-31,USD,US DOLLAR,23380.0,23410.0,23730.0,success
2023-01-01,USD,US DOLLAR,23380.0,23410.0,23730.0,success
2023-01-02,USD,US DOLLAR,23380.0,23410.0,23730.0,success
2023-01-03,USD,US DOLLAR,23340.0,23370.0,23690.0,success
2023-01-04,USD,US DOLLAR,23320.0,23350.0,23670.0,success
2023-01-05,USD,US DOLLAR,23310.0,23340.0,23660.0,success
2023-01-06,USD,US DOLLAR,23280.0,23310.0,23630.0,success
2023-01-07,USD,US DOLLAR,23280.0,23310.0,23630.0,success
2023-01-08,USD,US DOLLAR,23280.0,23310.0,23630.0,success
2023-01-09,USD,US DOLLAR,23270.0,23300.0,23620.0,success
2023-01-10,USD,US DOLLAR,23270.0,23300.0,23620.0,success
2023-01-11,USD,US DOLLAR,23260.0,23290.0,23610.0,success
2023-01-12,USD,US DOLLAR,23260.0,23290.0,23610.0,success
2023-01-13,USD,US DOLLAR,23260.0,23290.0,23610.0,success
2023-01-14,USD,US DOLLAR,23260.0,23290.0,23610.0,success
2023-01-15,USD,US DOLLAR,23260.0,23290.0,23610.0,success
2023-01-16,USD,US DOLLAR,23260.0,23290.0,23610.0,success
2023-01-17,USD,US DOLLAR,23250.0,23280.0,23600.0,success
2023-01-18,USD,US DOLLAR,23250.0,23280.0,23600.0,success
2023-01-19,USD,US DOLLAR,23250.0,23280.0,23620.0,success
2023-01-20,USD,US DOLLAR,23250.0,23280.0,23620.0,success
2023-01-21,USD,US DOLLAR,23250.0,23280.0,23620.0,success
2023-01-22,USD,US DOLLAR,23250.0,23280.0,23620.0,success
2023-01-23,USD,US DOLLAR,23250.0,23280.0,23620.0,success
2023-01-24,USD,US DOLLAR,23250.0,23280.0,23620.0,success
2023-01-25,USD,US DOLLAR,23250.0,23280.0,23620.0,success
2023-01-26,USD,US DOLLAR,23250.0,23280.0,23620.0,success
2023-01-27,USD,US DOLLAR,23260.0,23290.0,23630.0,success
2023-01-28,USD,US DOLLAR,23260.0,23290.0,23630.0,success
2023-01-29,USD,US DOLLAR,23260.0,23290.0,23630.0,success
2023-01-30,USD,US DOLLAR,23250.0,23280.0,23620.0,success
2023-01-31,USD,US DOLLAR,23250.0,23280.0,23620.0,success
2023-02-01,USD,US DOLLAR,23250.0,23280.0,23620.0,success
2023-02-02,USD,US DOLLAR,23250.0,23280.0,23620.0,success
2023-02-03,USD,US DOLLAR,23250.0,23280.0,23620.0,success
2023-02-04,USD,US DOLLAR,23250.0,23280.0,23620.0,success
2023-02-05,USD,US DOLLAR,23250.0,23280.0,23620.0,success
2023-02-06,USD,US DOLLAR,23270.0,23300.0,23640.0,success
2023-02-07,USD,US DOLLAR,23420.0,23450.0,23790.0,success
2023-02-08,USD,US DOLLAR,23400.0,23430.0,23770.0,success
2023-02-09,USD,US DOLLAR,23360.0,23390.0,23730.0,success
2023-02-10,USD,US DOLLAR,23375.0,23405.0,23745.0,success
2023-02-11,USD,US DOLLAR,23375.0,23405.0,23745.0,success
2023-02-12,USD,US DOLLAR,23375.0,23405.0,23745.0,success
2023-02-13,USD,US DOLLAR,23400.0,23430.0,23770.0,success
2023-02-14,USD,US DOLLAR,23400.0,23430.0,23770.0,success
2023-02-15,USD,US DOLLAR,23420.0,23450.0,23790.0,success
2023-02-16,USD,US DOLLAR,23470.0,23500.0,23840.0,success
2023-02-17,USD,US DOLLAR,23610.0,23640.0,23980.0,success
2023-02-18,USD,US DOLLAR,23610.0,23640.0,23980.0,success
2023-02-19,USD,US DOLLAR,23610.0,23640.0,23980.0,success
2023-02-20,USD,US DOLLAR,23530.0,23560.0,23900.0,success
2023-02-21,USD,US DOLLAR,23510.0,23540.0,23880.0,success
2023-02-22,USD,US DOLLAR,23580.0,23610.0,23950.0,success
2023-02-23,USD,US DOLLAR,23620.0,23650.0,23990.0,success
2023-02-24,USD,US DOLLAR,23600.0,23630.0,23970.0,success
2023-02-25,USD,US DOLLAR,23600.0,23630.0,23970.0,success
2023-02-26,USD,US DOLLAR,23600.0,23630.0,23970.0,success
2023-02-27,USD,US DOLLAR,23620.0,23650.0,23990.0,success
2023-02-28,USD,US DOLLAR,23570.0,23600.0,23940.0,success
2023-03-01,USD,US DOLLAR,23550.0,23580.0,23920.0,success
2023-03-02,USD,US DOLLAR,23505.0,23535.0,23875.0,success
2023-03-03,USD,US DOLLAR,23520.0,23550.0,23890.0,success
2023-03-04,USD,US DOLLAR,23520.0,23550.0,23890.0,success
2023-03-05,USD,US DOLLAR,23520.0,23550.0,23890.0,success
2023-03-06,USD,US DOLLAR,23500.0,23530.0,23870.0,success
2023-03-07,USD,US DOLLAR,23460.0,23490.0,23830.0,success
2023-03-08,USD,US DOLLAR,23510.0,23540.0,23880.0,success
2023-03-09,USD,US DOLLAR,23505.0,23535.0,23875.0,success
2023-03-10,USD,US DOLLAR,23470.0,23500.0,23840.0,success
2023-03-11,USD,US DOLLAR,23470.0,23500.0,23840.0,success
2023-03-12,USD,US DOLLAR,23470.0,23500.0,23840.0,success
2023-03-13,USD,US DOLLAR,23370.0,23400.0,23740.0,success
2023-03-14,USD,US DOLLAR,23370.0,23400.0,23740.0,success
2023-03-15,USD,US DOLLAR,23380.0,23410.0,23750.0,success
2023-03-16,USD,US DOLLAR,23380.0,23410.0,23750.0,success
2023-03-17,USD,US DOLLAR,23380.0,23410.0,23750.0,success
2023-03-18,USD,US DOLLAR,23380.0,23410.0,23750.0,success
2023-03-19,USD,US DOLLAR,23380.0,23410.0,23750.0,success
2023-03-20,USD,US DOLLAR,23380.0,23410.0,23750.0,success
2023-03-21,USD,US DOLLAR,23380.0,23410.0,23750.0,success
2023-03-22,USD,US DOLLAR,23320.0,23350.0,23690.0,success
2023-03-23,USD,US DOLLAR,23300.0,23330.0,23670.0,success
2023-03-24,USD,US DOLLAR,23310.0,23340.0,23680.0,success
2023-03-25,USD,US DOLLAR,23310.0,23340.0,23680.0,success
2023-03-26,USD,US DOLLAR,23310.0,23340.0,23680.0,success
2023-03-27,USD,US DOLLAR,23310.0,23340.0,23680.0,success
2023-03-28,USD,US DOLLAR,23290.0,23320.0,23660.0,success
2023-03-29,USD,US DOLLAR,23280.0,23310.0,23650.0,success
2023-03-30,USD,US DOLLAR,23270.0,23300.0,23640.0,success
2023-03-31,USD,US DOLLAR,23260.0,23290.0,23630.0,success
2023-04-01,USD,US DOLLAR,23260.0,23290.0,23630.0,success
2023-04-02,USD,US DOLLAR,23260.0,23290.0,23630.0,success
2023-04-03,USD,US DOLLAR,23280.0,23310.0,23650.0,success
2023-04-04,USD,US DOLLAR,23265.0,23295.0,23635.0,success
2023-04-05,USD,US DOLLAR,23250.0,23280.0,23620.0,success
2023-04-06,USD,US DOLLAR,23250.0,23280.0,23620.0,success
2023-04-07,USD,US DOLLAR,23250.0,23280.0,23620.0,success
2023-04-08,USD,US DOLLAR,23250.0,23280.0,23620.0,success
2023-04-09,USD,US DOLLAR,23250.0,23280.0,23620.0,success
2023-04-10,USD,US DOLLAR,23250.0,23280.0,23620.0,success
2023-04-11,USD,US DOLLAR,23260.0,23290.0,23630.0,success
2023-04-12,USD,US DOLLAR,23260.0,23290.0,23630.0,success
2023-04-13,USD,US DOLLAR,23240.0,23270.0,23610.0,success
2023-04-14,USD,US DOLLAR,23250.0,23280.0,23620.0,success
2023-04-15,USD,US DOLLAR,23250.0,23280.0,23620.0,success
2023-04-16,USD,US DOLLAR,23250.0,23280.0,23620.0,success
2023-04-17,USD,US DOLLAR,23290.0,23320.0,23660.0,success
2023-04-18,USD,US DOLLAR,23330.0,23360.0,23700.0,success
2023-04-19,USD,US DOLLAR,23275.0,23305.0,23645.0,success
2023-04-20,USD,US DOLLAR,23290.0,23320.0,23660.0,success
2023-04-21,USD,US DOLLAR,23290.0,23320.0,23660.0,success
2023-04-22,USD,US DOLLAR,23290.0,23320.0,23660.0,success
2023-04-23,USD,US DOLLAR,23290.0,23320.0,23660.0,success
2023-04-24,USD,US DOLLAR,23280.0,23310.0,23650.0,success
2023-04-25,USD,US DOLLAR,23280.0,23310.0,23650.0,success
2023-04-26,USD,US DOLLAR,23280.0,23310.0,23650.0,success
2023-04-27,USD,US DOLLAR,23260.0,23290.0,23630.0,success
2023-04-28,USD,US DOLLAR,23260.0,23290.0,23630.0,success
2023-04-29,USD,US DOLLAR,23260.0,23290.0,23630.0,success
2023-04-30,USD,US DOLLAR,23260.0,23290.0,23630.0,success
2023-05-01,USD,US DOLLAR,23260.0,23290.0,23630.0,success
2023-05-02,USD,US DOLLAR,23260.0,23290.0,23630.0,success
2023-05-03,USD,US DOLLAR,23260.0,23290.0,23630.0,success
2023-05-04,USD,US DOLLAR,23250.0,23280.0,23620.0,success
2023-05-05,USD,US DOLLAR,23250.0,23280.0,23620.0,success
2023-05-06,USD,US DOLLAR,23250.0,23280.0,23620.0,success
2023-05-07,USD,US DOLLAR,23250.0,23280.0,23620.0,success
2023-05-08,USD,US DOLLAR,23260.0,23290.0,23630.0,success
2023-05-09,USD,US DOLLAR,23260.0,23290.0,23630.0,success
2023-05-10,USD,US DOLLAR,23270.0,23300.0,23640.0,success
2023-05-11,USD,US DOLLAR,23270.0,23300.0,23640.0,success
2023-05-12,USD,US DOLLAR,23270.0,23300.0,23640.0,success
2023-05-13,USD,US DOLLAR,23270.0,23300.0,23640.0,success
2023-05-14,USD,US DOLLAR,23270.0,23300.0,23640.0,success
2023-05-15,USD,US DOLLAR,23250.0,23280.0,23620.0,success
2023-05-16,USD,US DOLLAR,23250.0,23280.0,23620.0,success
2023-05-17,USD,US DOLLAR,23255.0,23285.0,23625.0,success
2023-05-18,USD,US DOLLAR,23250.0,23280.0,23620.0,success
2023-05-19,USD,US DOLLAR,23290.0,23320.0,23660.0,success
2023-05-20,USD,US DOLLAR,23290.0,23320.0,23660.0,success
2023-05-21,USD,US DOLLAR,23290.0,23320.0,23660.0,success
2023-05-22,USD,US DOLLAR,23245.0,23275.0,23615.0,success
2023-05-23,USD,US DOLLAR,23260.0,23290.0,23630.0,success
2023-05-24,USD,US DOLLAR,23290.0,23320.0,23660.0,success
2023-05-25,USD,US DOLLAR,23270.0,23300.0,23640.0,success
2023-05-26,USD,US DOLLAR,23290.0,23320.0,23660.0,success
2023-05-27,USD,US DOLLAR,23290.0,23320.0,23660.0,success
2023-05-28,USD,US DOLLAR,23290.0,23320.0,23660.0,success
2023-05-29,USD,US DOLLAR,23280.0,23310.0,23650.0,success
2023-05-30,USD,US DOLLAR,23285.0,23315.0,23655.0,success
2023-05-31,USD,US DOLLAR,23295.0,23325.0,23665.0,success
2023-06-01,USD,US DOLLAR,23280.0,23310.0,23650.0,success
2023-06-02,USD,US DOLLAR,23280.0,23310.0,23650.0,success
2023-06-03,USD,US DOLLAR,23280.0,23310.0,23650.0,success
2023-06-04,USD,US DOLLAR,23280.0,23310.0,23650.0,success
2023-06-05,USD,US DOLLAR,23300.0,23330.0,23670.0,success
2023-06-06,USD,US DOLLAR,23290.0,23320.0,23660.0,success
2023-06-07,USD,US DOLLAR,23290.0,23320.0,23660.0,success
2023-06-08,USD,US DOLLAR,23290.0,23320.0,23660.0,success
2023-06-09,USD,US DOLLAR,23280.0,23310.0,23650.0,success
2023-06-10,USD,US DOLLAR,23280.0,23310.0,23650.0,success
2023-06-11,USD,US DOLLAR,23280.0,23310.0,23650.0,success
2023-06-12,USD,US DOLLAR,23270.0,23300.0,23640.0,success
2023-06-13,USD,US DOLLAR,23290.0,23320.0,23660.0,success
2023-06-14,USD,US DOLLAR,23300.0,23330.0,23670.0,success
2023-06-15,USD,US DOLLAR,23330.0,23360.0,23700.0,success
2023-06-16,USD,US DOLLAR,23330.0,23360.0,23700.0,success
2023-06-17,USD,US DOLLAR,23330.0,23360.0,23700.0,success
2023-06-18,USD,US DOLLAR,23330.0,23360.0,23700.0,success
2023-06-19,USD,US DOLLAR,23320.0,23350.0,23690.0,success
2023-06-20,USD,US DOLLAR,23320.0,23350.0,23690.0,success
2023-06-21,USD,US DOLLAR,23310.0,23340.0,23680.0,success
2023-06-22,USD,US DOLLAR,23310.0,23340.0,23680.0,success
2023-06-23,USD,US DOLLAR,23320.0,23350.0,23690.0,success
2023-06-24,USD,US DOLLAR,23320.0,23350.0,23690.0,success
2023-06-25,USD,US DOLLAR,23320.0,23350.0,23690.0,success
2023-06-26,USD,US DOLLAR,23330.0,23360.0,23700.0,success
2023-06-27,USD,US DOLLAR,23340.0,23370.0,23710.0,success
2023-06-28,USD,US DOLLAR,23350.0,23380.0,23720.0,success
2023-06-29,USD,US DOLLAR,23360.0,23390.0,23730.0,success
2023-06-30,USD,US DOLLAR,23380.0,23410.0,23750.0,success
2023-07-01,USD,US DOLLAR,23380.0,23410.0,23750.0,success
2023-07-02,USD,US DOLLAR,23380.0,23410.0,23750.0,success
2023-07-03,USD,US DOLLAR,23450.0,23480.0,23820.0,success
2023-07-04,USD,US DOLLAR,23490.0,23520.0,23860.0,success
2023-07-05,USD,US DOLLAR,23550.0,23580.0,23920.0,success
2023-07-06,USD,US DOLLAR,23530.0,23560.0,23900.0,success
2023-07-07,USD,US DOLLAR,23440.0,23470.0,23810.0,success
2023-07-08,USD,US DOLLAR,23440.0,23470.0,23810.0,success
2023-07-09,USD,US DOLLAR,23440.0,23470.0,23810.0,success
2023-07-10,USD,US DOLLAR,23450.0,23480.0,23820.0,success
2023-07-11,USD,US DOLLAR,23490.0,23520.0,23860.0,success
2023-07-12,USD,US DOLLAR,23480.0,23510.0,23850.0,success
2023-07-13,USD,US DOLLAR,23445.0,23475.0,23815.0,success
2023-07-14,USD,US DOLLAR,23440.0,23470.0,23810.0,success
2023-07-15,USD,US DOLLAR,23440.0,23470.0,23810.0,success
2023-07-16,USD,US DOLLAR,23440.0,23470.0,23810.0,success
2023-07-17,USD,US DOLLAR,23430.0,23460.0,23800.0,success
2023-07-18,USD,US DOLLAR,23440.0,23470.0,23810.0,success
2023-07-19,USD,US DOLLAR,23435.0,23465.0,23805.0,success
2023-07-20,USD,US DOLLAR,23440.0,23470.0,23810.0,success
2023-07-21,USD,US DOLLAR,23450.0,23480.0,23820.0,success
2023-07-22,USD,US DOLLAR,23450.0,23480.0,23820.0,success
2023-07-23,USD,US DOLLAR,23450.0,23480.0,23820.0,success
2023-07-24,USD,US DOLLAR,23455.0,23485.0,23825.0,success
2023-07-25,USD,US DOLLAR,23460.0,23490.0,23830.0,success
2023-07-26,USD,US DOLLAR,23465.0,23495.0,23835.0,success
2023-07-27,USD,US DOLLAR,23470.0,23500.0,23840.0,success
2023-07-28,USD,US DOLLAR,23490.0,23520.0,23860.0,success
2023-07-29,USD,US DOLLAR,23490.0,23520.0,23860.0,success
2023-07-30,USD,US DOLLAR,23490.0,23520.0,23860.0,success
2023-07-31,USD,US DOLLAR,23485.0,23515.0,23855.0,success
2023-08-01,USD,US DOLLAR,23490.0,23520.0,23860.0,success
2023-08-02,USD,US DOLLAR,23525.0,23555.0,23895.0,success
2023-08-03,USD,US DOLLAR,23550.0,23580.0,23920.0,success
2023-08-04,USD,US DOLLAR,23520.0,23550.0,23890.0,success
2023-08-05,USD,US DOLLAR,23520.0,23550.0,23890.0,success
2023-08-06,USD,US DOLLAR,23520.0,23550.0,23890.0,success
2023-08-07,USD,US DOLLAR,23520.0,23550.0,23890.0,success
2023-08-08,USD,US DOLLAR,23525.0,23555.0,23895.0,success
2023-08-09,USD,US DOLLAR,23540.0,23570.0,23910.0,success
2023-08-10,USD,US DOLLAR,23540.0,23570.0,23910.0,success
2023-08-11,USD,US DOLLAR,23540.0,23570.0,23910.0,success
2023-08-12,USD,US DOLLAR,23540.0,23570.0,23910.0,success
2023-08-13,USD,US DOLLAR,23540.0,23570.0,23910.0,success
2023-08-14,USD,US DOLLAR,23620.0,23650.0,23990.0,success
2023-08-15,USD,US DOLLAR,23770.0,23800.0,24140.0,success
2023-08-16,USD,US DOLLAR,23755.0,23785.0,24125.0,success
2023-08-17,USD,US DOLLAR,23670.0,23700.0,24040.0,success
2023-08-18,USD,US DOLLAR,23600.0,23630.0,23970.0,success
2023-08-19,USD,US DOLLAR,23600.0,23630.0,23970.0,success
2023-08-20,USD,US DOLLAR,23600.0,23630.0,23970.0,success
2023-08-21,USD,US DOLLAR,23600.0,23630.0,23970.0,success
2023-08-22,USD,US DOLLAR,23700.0,23730.0,24070.0,success
2023-08-23,USD,US DOLLAR,23770.0,23800.0,24140.0,success
2023-08-24,USD,US DOLLAR,23780.0,23810.0,24150.0,success
2023-08-25,USD,US DOLLAR,23780.0,23810.0,24150.0,success
2023-08-26,USD,US DOLLAR,23780.0,23810.0,24150.0,success
2023-08-27,USD,US DOLLAR,23780.0,23810.0,24150.0,success
2023-08-28,USD,US DOLLAR,23890.0,23920.0,24260.0,success
2023-08-29,USD,US DOLLAR,23980.0,24010.0,24350.0,success
2023-08-30,USD,US DOLLAR,23945.0,23975.0,24315.0,success
2023-08-31,USD,US DOLLAR,23870.0,23900.0,24240.0,success
2023-09-01,USD,US DOLLAR,23870.0,23900.0,24240.0,success
2023-09-02,USD,US DOLLAR,23870.0,23900.0,24240.0,success
2023-09-03,USD,US DOLLAR,23870.0,23900.0,24240.0,success
2023-09-04,USD,US DOLLAR,23870.0,23900.0,24240.0,success
2023-09-05,USD,US DOLLAR,23870.0,23900.0,24240.0,success
2023-09-06,USD,US DOLLAR,23850.0,23880.0,24220.0,success
2023-09-07,USD,US DOLLAR,23850.0,23880.0,24220.0,success
2023-09-08,USD,US DOLLAR,23890.0,23920.0,24260.0,success
2023-09-09,USD,US DOLLAR,23890.0,23920.0,24260.0,success
2023-09-10,USD,US DOLLAR,23890.0,23920.0,24260.0,success
2023-09-11,USD,US DOLLAR,23855.0,23885.0,24225.0,success
2023-09-12,USD,US DOLLAR,23890.0,23920.0,24260.0,success
2023-09-13,USD,US DOLLAR,23950.0,23980.0,24320.0,success
2023-09-14,USD,US DOLLAR,24015.0,24045.0,24385.0,success
2023-09-15,USD,US DOLLAR,24055.0,24085.0,24425.0,success
2023-09-16,USD,US DOLLAR,24055.0,24085.0,24425.0,success
2023-09-17,USD,US DOLLAR,24055.0,24085.0,24425.0,success
2023-09-18,USD,US DOLLAR,24160.0,24190.0,24530.0,success
2023-09-19,USD,US DOLLAR,24175.0,24205.0,24545.0,success
2023-09-20,USD,US DOLLAR,24110.0,24140.0,24480.0,success
2023-09-21,USD,US DOLLAR,24090.0,24120.0,24460.0,success
2023-09-22,USD,US DOLLAR,24160.0,24190.0,24530.0,success
2023-09-23,USD,US DOLLAR,24160.0,24190.0,24530.0,success
2023-09-24,USD,US DOLLAR,24160.0,24190.0,24530.0,success
2023-09-25,USD,US DOLLAR,24165.0,24195.0,24535.0,success
2023-09-26,USD,US DOLLAR,24170.0,24200.0,24540.0,success
2023-09-27,USD,US DOLLAR,24170.0,24200.0,24540.0,success
2023-09-28,USD,US DOLLAR,24190.0,24220.0,24560.0,success
2023-09-29,USD,US DOLLAR,24090.0,24120.0,24460.0,success
2023-09-30,USD,US DOLLAR,24090.0,24120.0,24460.0,success
2023-10-01,USD,US DOLLAR,24090.0,24120.0,24460.0,success
2023-10-02,USD,US DOLLAR,24120.0,24150.0,24490.0,success
2023-10-03,USD,US DOLLAR,24180.0,24210.0,24550.0,success
2023-10-04,USD,US DOLLAR,24210.0,24240.0,24580.0,success
2023-10-05,USD,US DOLLAR,24190.0,24220.0,24560.0,success
2023-10-06,USD,US DOLLAR,24180.0,24210.0,24550.0,success
2023-10-07,USD,US DOLLAR,24180.0,24210.0,24550.0,success
2023-10-08,USD,US DOLLAR,24180.0,24210.0,24550.0,success
2023-10-09,USD,US DOLLAR,24180.0,24210.0,24550.0,success
2023-10-10,USD,US DOLLAR,24215.0,24245.0,24585.0,success
2023-10-11,USD,US DOLLAR,24235.0,24265.0,24605.0,success
2023-10-12,USD,US DOLLAR,24240.0,24270.0,24610.0,success
2023-10-13,USD,US DOLLAR,24245.0,24275.0,24615.0,success
2023-10-14,USD,US DOLLAR,24245.0,24275.0,24615.0,success
2023-10-15,USD,US DOLLAR,24245.0,24275.0,24615.0,success
2023-10-16,USD,US DOLLAR,24260.0,24290.0,24630.0,success
2023-10-17,USD,US DOLLAR,24298.0,24328.0,24668.0,success
2023-10-18,USD,US DOLLAR,24320.0,24350.0,24690.0,success
2023-10-19,USD,US DOLLAR,24340.0,24370.0,24710.0,success
2023-10-20,USD,US DOLLAR,24330.0,24360.0,24700.0,success
2023-10-21,USD,US DOLLAR,24330.0,24360.0,24700.0,success
2023-10-22,USD,US DOLLAR,24330.0,24360.0,24700.0,success
2023-10-23,USD,US DOLLAR,24390.0,24420.0,24760.0,success
2023-10-24,USD,US DOLLAR,24360.0,24390.0,24730.0,success
2023-10-25,USD,US DOLLAR,24350.0,24380.0,24720.0,success
2023-10-26,USD,US DOLLAR,24390.0,24420.0,24760.0,success
2023-10-27,USD,US DOLLAR,24360.0,24390.0,24730.0,success
2023-10-28,USD,US DOLLAR,24360.0,24390.0,24730.0,success
2023-10-29,USD,US DOLLAR,24360.0,24390.0,24730.0,success
2023-10-30,USD,US DOLLAR,24355.0,24385.0,24725.0,success
2023-10-31,USD,US DOLLAR,24360.0,24390.0,24730.0,success
2023-11-01,USD,US DOLLAR,24380.0,24410.0,24750.0,success
2023-11-02,USD,US DOLLAR,24380.0,24410.0,24750.0,success
2023-11-03,USD,US DOLLAR,24320.0,24350.0,24690.0,success
2023-11-04,USD,US DOLLAR,24320.0,24350.0,24690.0,success
2023-11-05,USD,US DOLLAR,24320.0,24350.0,24690.0,success
2023-11-06,USD,US DOLLAR,24130.0,24160.0,24500.0,success
2023-11-07,USD,US DOLLAR,24120.0,24150.0,24490.0,success
2023-11-08,USD,US DOLLAR,24160.0,24190.0,24530.0,success
2023-11-09,USD,US DOLLAR,24160.0,24190.0,24530.0,success
2023-11-10,USD,US DOLLAR,24100.0,24130.0,24470.0,success
2023-11-11,USD,US DOLLAR,24100.0,24130.0,24470.0,success
2023-11-12,USD,US DOLLAR,24100.0,24130.0,24470.0,success
2023-11-13,USD,US DOLLAR,24170.0,24200.0,24540.0,success
2023-11-14,USD,US DOLLAR,24160.0,24190.0,24530.0,success
2023-11-15,USD,US DOLLAR,24070.0,24100.0,24440.0,success
2023-11-16,USD,US DOLLAR,24085.0,24115.0,24455.0,success
2023-11-17,USD,US DOLLAR,24045.0,24075.0,24415.0,success
2023-11-18,USD,US DOLLAR,24045.0,24075.0,24415.0,success
2023-11-19,USD,US DOLLAR,24045.0,24075.0,24415.0,success
2023-11-20,USD,US DOLLAR,23975.0,24005.0,24345.0,success
2023-11-21,USD,US DOLLAR,23920.0,23950.0,24290.0,success
2023-11-22,USD,US DOLLAR,23985.0,24015.0,24355.0,success
2023-11-23,USD,US DOLLAR,24020.0,24050.0,24390.0,success
2023-11-24,USD,US DOLLAR,24050.0,24080.0,24420.0,success
2023-11-25,USD,US DOLLAR,24050.0,24080.0,24420.0,success
2023-11-26,USD,US DOLLAR,24050.0,24080.0,24420.0,success
2023-11-27,USD,US DOLLAR,24045.0,24075.0,24415.0,success
2023-11-28,USD,US DOLLAR,24050.0,24080.0,24420.0,success
2023-11-29,USD,US DOLLAR,24015.0,24045.0,24385.0,success
2023-11-30,USD,US DOLLAR,24060.0,24090.0,24430.0,success
2023-12-01,USD,US DOLLAR,24080.0,24110.0,24450.0,success
2023-12-02,USD,US DOLLAR,24080.0,24110.0,24450.0,success
2023-12-03,USD,US DOLLAR,24080.0,24110.0,24450.0,success
2023-12-04,USD,US DOLLAR,24035.0,24065.0,24405.0,success
2023-12-05,USD,US DOLLAR,24060.0,24090.0,24430.0,success
2023-12-06,USD,US DOLLAR,24065.0,24095.0,24435.0,success
2023-12-07,USD,US DOLLAR,24060.0,24090.0,24430.0,success
2023-12-08,USD,US DOLLAR,24020.0,24050.0,24390.0,success
2023-12-09,USD,US DOLLAR,24020.0,24050.0,24390.0,success
2023-12-10,USD,US DOLLAR,24020.0,24050.0,24390.0,success
2023-12-11,USD,US DOLLAR,24030.0,24060.0,24400.0,success
2023-12-12,USD,US DOLLAR,24060.0,24090.0,24430.0,success
2023-12-13,USD,US DOLLAR,24050.0,24080.0,24420.0,success
2023-12-14,USD,US DOLLAR,24050.0,24080.0,24420.0,success
2023-12-15,USD,US DOLLAR,24040.0,24070.0,24410.0,success
2023-12-16,USD,US DOLLAR,24040.0,24070.0,24410.0,success
2023-12-17,USD,US DOLLAR,24040.0,24070.0,24410.0,success
2023-12-18,USD,US DOLLAR,24110.0,24140.0,24480.0,success
2023-12-19,USD,US DOLLAR,24145.0,24175.0,24515.0,success
2023-12-20,USD,US DOLLAR,24140.0,24170.0,24510.0,success
2023-12-21,USD,US DOLLAR,24130.0,24160.0,24500.0,success
2023-12-22,USD,US DOLLAR,24030.0,24060.0,24400.0,success
2023-12-23,USD,US DOLLAR,24030.0,24060.0,24400.0,success
2023-12-24,USD,US DOLLAR,24030.0,24060.0,24400.0,success
2023-12-25,USD,US DOLLAR,24030.0,24060.0,24400.0,success
2023-12-26,USD,US DOLLAR,24100.0,24130.0,24470.0,success
2023-12-27,USD,US DOLLAR,24110.0,24140.0,24480.0,success
2023-12-28,USD,US DOLLAR,24030.0,24060.0,24400.0,success
2023-12-29,USD,US DOLLAR,24050.0,24080.0,24420.0,success
2023-12-30,USD,US DOLLAR,24050.0,24080.0,24420.0,success
2023-12-31,USD,US DOLLAR,24050.0,24080.0,24420.0,success
2024-01-01,USD,US DOLLAR,24050.0,24080.0,24420.0,success
2024-01-02,USD,US DOLLAR,24125.0,24155.0,24495.0,success
2024-01-03,USD,US DOLLAR,24150.0,24180.0,24520.0,success
2024-01-04,USD,US DOLLAR,24160.0,24190.0,24530.0,success
2024-01-05,USD,US DOLLAR,24160.0,24190.0,24530.0,success
2024-01-06,USD,US DOLLAR,24160.0,24190.0,24530.0,success
2024-01-07,USD,US DOLLAR,24160.0,24190.0,24530.0,success
2024-01-08,USD,US DOLLAR,24145.0,24175.0,24515.0,success
2024-01-09,USD,US DOLLAR,24155.0,24185.0,24525.0,success
2024-01-10,USD,US DOLLAR,24185.0,24215.0,24555.0,success
2024-01-11,USD,US DOLLAR,24265.0,24295.0,24635.0,success
2024-01-12,USD,US DOLLAR,24260.0,24290.0,24630.0,success
2024-01-13,USD,US DOLLAR,24260.0,24290.0,24630.0,success
2024-01-14,USD,US DOLLAR,24260.0,24290.0,24630.0,success
2024-01-15,USD,US DOLLAR,24265.0,24295.0,24635.0,success
2024-01-16,USD,US DOLLAR,24340.0,24370.0,24710.0,success
2024-01-17,USD,US DOLLAR,24330.0,24360.0,24700.0,success
2024-01-18,USD,US DOLLAR,24355.0,24385.0,24725.0,success
2024-01-19,USD,US DOLLAR,24345.0,24375.0,24715.0,success
2024-01-20,USD,US DOLLAR,24345.0,24375.0,24715.0,success
2024-01-21,USD,US DOLLAR,24345.0,24375.0,24715.0,success
2024-01-22,USD,US DOLLAR,24335.0,24365.0,24705.0,success
2024-01-23,USD,US DOLLAR,24360.0,24390.0,24730.0,success
2024-01-24,USD,US DOLLAR,24400.0,24430.0,24770.0,success
2024-01-25,USD,US DOLLAR,24400.0,24430.0,24770.0,success
2024-01-26,USD,US DOLLAR,24395.0,24425.0,24765.0,success
2024-01-27,USD,US DOLLAR,24395.0,24425.0,24765.0,success
2024-01-28,USD,US DOLLAR,24395.0,24425.0,24765.0,success
2024-01-29,USD,US DOLLAR,24345.0,24375.0,24715.0,success
2024-01-30,USD,US DOLLAR,24205.0,24235.0,24575.0,success
2024-01-31,USD,US DOLLAR,24225.0,24255.0,24595.0,success
2024-02-01,USD,US DOLLAR,24210.0,24240.0,24580.0,success
2024-02-02,USD,US DOLLAR,24130.0,24160.0,24500.0,success
2024-02-03,USD,US DOLLAR,24130.0,24160.0,24500.0,success
2024-02-04,USD,US DOLLAR,24130.0,24160.0,24500.0,success
2024-02-05,USD,US DOLLAR,24170.0,24200.0,24540.0,success
2024-02-06,USD,US DOLLAR,24160.0,24190.0,24530.0,success
2024-02-07,USD,US DOLLAR,24200.0,24230.0,24570.0,success
2024-02-08,USD,US DOLLAR,24200.0,24230.0,24570.0,success
2024-02-09,USD,US DOLLAR,24200.0,24230.0,24570.0,success
2024-02-10,USD,US DOLLAR,24200.0,24230.0,24570.0,success
2024-02-11,USD,US DOLLAR,24200.0,24230.0,24570.0,success
2024-02-12,USD,US DOLLAR,24200.0,24230.0,24570.0,success
2024-02-13,USD,US DOLLAR,24200.0,24230.0,24570.0,success
2024-02-14,USD,US DOLLAR,24200.0,24230.0,24570.0,success
2024-02-15,USD,US DOLLAR,24240.0,24270.0,24610.0,success
2024-02-16,USD,US DOLLAR,24310.0,24340.0,24680.0,success
2024-02-17,USD,US DOLLAR,24310.0,24340.0,24680.0,success
2024-02-18,USD,US DOLLAR,24310.0,24340.0,24680.0,success
2024-02-19,USD,US DOLLAR,24330.0,24360.0,24700.0,success
2024-02-20,USD,US DOLLAR,24330.0,24360.0,24700.0,success
2024-02-21,USD,US DOLLAR,24310.0,24340.0,24680.0,success
2024-02-22,USD,US DOLLAR,24390.0,24420.0,24760.0,success
2024-02-23,USD,US DOLLAR,24420.0,24450.0,24790.0,success
2024-02-24,USD,US DOLLAR,24420.0,24450.0,24790.0,success
2024-02-25,USD,US DOLLAR,24420.0,24450.0,24790.0,success
2024-02-26,USD,US DOLLAR,24470.0,24500.0,24840.0,success
2024-02-27,USD,US DOLLAR,24430.0,24460.0,24800.0,success
2024-02-28,USD,US DOLLAR,24420.0,24450.0,24790.0,success
2024-02-29,USD,US DOLLAR,24450.0,24480.0,24820.0,success
2024-03-01,USD,US DOLLAR,24440.0,24470.0,24810.0,success
2024-03-02,USD,US DOLLAR,24440.0,24470.0,24810.0,success
2024-03-03,USD,US DOLLAR,24440.0,24470.0,24810.0,success
2024-03-04,USD,US DOLLAR,24470.0,24500.0,24840.0,success
2024-03-05,USD,US DOLLAR,24480.0,24510.0,24850.0,success
2024-03-06,USD,US DOLLAR,24490.0,24520.0,24860.0,success
2024-03-07,USD,US DOLLAR,24500.0,24530.0,24870.0,success
2024-03-08,USD,US DOLLAR,24470.0,24500.0,24840.0,success
2024-03-09,USD,US DOLLAR,24470.0,24500.0,24840.0,success
2024-03-10,USD,US DOLLAR,24470.0,24500.0,24840.0,success
2024-03-11,USD,US DOLLAR,24420.0,24450.0,24790.0,success
2024-03-12,USD,US DOLLAR,24430.0,24460.0,24800.0,success
2024-03-13,USD,US DOLLAR,24450.0,24480.0,24820.0,success
2024-03-14,USD,US DOLLAR,24500.0,24530.0,24870.0,success
2024-03-15,USD,US DOLLAR,24520.0,24550.0,24890.0,success
2024-03-16,USD,US DOLLAR,24520.0,24550.0,24890.0,success
2024-03-17,USD,US DOLLAR,24520.0,24550.0,24890.0,success
2024-03-18,USD,US DOLLAR,24530.0,24560.0,24880.0,success
2024-03-19,USD,US DOLLAR,24560.0,24590.0,24910.0,success
2024-03-20,USD,US DOLLAR,24580.0,24610.0,24950.0,success
2024-03-21,USD,US DOLLAR,24580.0,24610.0,24950.0,success
2024-03-22,USD,US DOLLAR,24580.0,24610.0,24950.0,success
2024-03-23,USD,US DOLLAR,24580.0,24610.0,24950.0,success
2024-03-24,USD,US DOLLAR,24580.0,24610.0,24950.0,success
2024-03-25,USD,US DOLLAR,24560.0,24590.0,24930.0,success
2024-03-26,USD,US DOLLAR,24580.0,24610.0,24950.0,success
2024-03-27,USD,US DOLLAR,24580.0,24610.0,24950.0,success
2024-03-28,USD,US DOLLAR,24580.0,24610.0,24950.0,success
2024-03-29,USD,US DOLLAR,24600.0,24630.0,24970.0,success
2024-03-30,USD,US DOLLAR,24600.0,24630.0,24970.0,success
2024-03-31,USD,US DOLLAR,24600.0,24630.0,24970.0,success
2024-04-01,USD,US DOLLAR,24600.0,24630.0,24970.0,success
2024-04-02,USD,US DOLLAR,24680.0,24710.0,25050.0,success
2024-04-03,USD,US DOLLAR,24760.0,24790.0,25130.0,success
2024-04-04,USD,US DOLLAR,24740.0,24770.0,25110.0,success
2024-04-05,USD,US DOLLAR,24750.0,24780.0,25120.0,success
2024-04-06,USD,US DOLLAR,24750.0,24780.0,25120.0,success
2024-04-07,USD,US DOLLAR,24750.0,24780.0,25120.0,success
2024-04-08,USD,US DOLLAR,24760.0,24790.0,25130.0,success
2024-04-09,USD,US DOLLAR,24760.0,24790.0,25130.0,success
2024-04-10,USD,US DOLLAR,24760.0,24790.0,25130.0,success
2024-04-11,USD,US DOLLAR,24800.0,24830.0,25170.0,success
2024-04-12,USD,US DOLLAR,24810.0,24840.0,25180.0,success
2024-04-13,USD,US DOLLAR,24810.0,24840.0,25180.0,success
2024-04-14,USD,US DOLLAR,24810.0,24840.0,25180.0,success
2024-04-15,USD,US DOLLAR,24930.0,24960.0,25300.0,success
2024-04-16,USD,US DOLLAR,24978.0,25008.0,25348.0,success
2024-04-17,USD,US DOLLAR,25100.0,25130.0,25440.0,success
2024-04-18,USD,US DOLLAR,25100.0,25130.0,25440.0,success
2024-04-19,USD,US DOLLAR,25133.0,25163.0,25473.0,success
2024-04-20,USD,US DOLLAR,25133.0,25163.0,25473.0,success
2024-04-21,USD,US DOLLAR,25133.0,25163.0,25473.0,success
2024-04-22,USD,US DOLLAR,25145.0,25175.0,25485.0,success
2024-04-23,USD,US DOLLAR,25148.0,25178.0,25488.0,success
2024-04-24,USD,US DOLLAR,25147.0,25177.0,25487.0,success
2024-04-25,USD,US DOLLAR,25137.0,25167.0,25477.0,success
2024-04-26,USD,US DOLLAR,25088.0,25118.0,25458.0,success
2024-04-27,USD,US DOLLAR,25088.0,25118.0,25458.0,success
2024-04-28,USD,US DOLLAR,25088.0,25118.0,25458.0,success
2024-04-29,USD,US DOLLAR,25088.0,25118.0,25458.0,success
2024-04-30,USD,US DOLLAR,25088.0,25118.0,25458.0,success
2024-05-01,USD,US DOLLAR,25088.0,25118.0,25458.0,success
2024-05-02,USD,US DOLLAR,25114.0,25144.0,25454.0,success
2024-05-03,USD,US DOLLAR,25113.0,25143.0,25453.0,success
2024-05-04,USD,US DOLLAR,25117.0,25147.0,25457.0,success
2024-05-05,USD,US DOLLAR,25117.0,25147.0,25457.0,success
2024-05-06,USD,US DOLLAR,25127.0,25157.0,25457.0,success
2024-05-07,USD,US DOLLAR,25125.0,25155.0,25455.0,success
2024-05-08,USD,US DOLLAR,25131.0,25161.0,25461.0,success
2024-05-09,USD,US DOLLAR,25148.0,25178.0,25478.0,success
2024-05-10,USD,US DOLLAR,25154.0,25184.0,25484.0,success
2024-05-11,USD,US DOLLAR,25154.0,25184.0,25484.0,success
2024-05-12,USD,US DOLLAR,25154.0,25184.0,25484.0,success
2024-05-13,USD,US DOLLAR,25149.0,25179.0,25479.0,success
2024-05-14,USD,US DOLLAR,25152.0,25182.0,25482.0,success
2024-05-15,USD,US DOLLAR,25152.0,25182.0,25482.0,success
2024-05-16,USD,US DOLLAR,25122.0,25152.0,25452.0,success
2024-05-17,USD,US DOLLAR,25220.0,25250.0,25450.0,success
2024-05-18,USD,US DOLLAR,25220.0,25250.0,25450.0,success
2024-05-19,USD,US DOLLAR,25220.0,25250.0,25450.0,success
2024-05-20,USD,US DOLLAR,25229.0,25259.0,25459.0,success
2024-05-21,USD,US DOLLAR,25233.0,25263.0,25463.0,success
2024-05-22,USD,US DOLLAR,25236.0,25266.0,25466.0,success
2024-05-23,USD,US DOLLAR,25220.0,25250.0,25470.0,success
2024-05-24,USD,US DOLLAR,25247.0,25277.0,25477.0,success
2024-05-25,USD,US DOLLAR,25247.0,25277.0,25477.0,success
2024-05-26,USD,US DOLLAR,25247.0,25277.0,25477.0,success
2024-05-27,USD,US DOLLAR,25251.0,25281.0,25481.0,success
2024-05-28,USD,US DOLLAR,25238.0,25268.0,25468.0,success
2024-05-29,USD,US DOLLAR,25235.0,25265.0,25465.0,success
2024-05-30,USD,US DOLLAR,25220.0,25250.0,25470.0,success
2024-05-31,USD,US DOLLAR,25224.0,25254.0,25474.0,success
2024-06-01,USD,"US DOLLAR (50, 100)",25224.0,25254.0,25474.0,success
2024-06-02,USD,US DOLLAR,25224.0,25254.0,25474.0,success
2024-06-03,USD,US DOLLAR,25204.0,25234.0,25474.0,success
2024-06-04,USD,US DOLLAR,25188.0,25218.0,25458.0,success
2024-06-05,USD,US DOLLAR,25183.0,25213.0,25453.0,success
2024-06-06,USD,US DOLLAR,25183.0,25213.0,25453.0,success
2024-06-07,USD,US DOLLAR,25183.0,25213.0,25453.0,success
2024-06-08,USD,US DOLLAR,25183.0,25213.0,25453.0,success
2024-06-09,USD,US DOLLAR,25183.0,25213.0,25453.0,success
2024-06-10,USD,US DOLLAR,25184.0,25214.0,25454.0,success
2024-06-11,USD,US DOLLAR,25192.0,25222.0,25462.0,success
2024-06-12,USD,US DOLLAR,25196.0,25226.0,25466.0,success
2024-06-13,USD,US DOLLAR,25187.0,25217.0,25457.0,success
2024-06-14,USD,US DOLLAR,25191.0,25221.0,25461.0,success
2024-06-15,USD,US DOLLAR,25191.0,25221.0,25461.0,success
2024-06-16,USD,US DOLLAR,25191.0,25221.0,25461.0,success
2024-06-17,USD,US DOLLAR,25201.0,25231.0,25471.0,success
2024-06-18,USD,US DOLLAR,25221.0,25251.0,25471.0,success
2024-06-19,USD,US DOLLAR,25219.0,25249.0,25469.0,success
2024-06-20,USD,US DOLLAR,25217.0,25247.0,25467.0,success
2024-06-21,USD,US DOLLAR,25218.0,25248.0,25468.0,success
2024-06-22,USD,US DOLLAR,25218.0,25248.0,25468.0,success
2024-06-23,USD,US DOLLAR,25218.0,25248.0,25468.0,success
2024-06-24,USD,US DOLLAR,25225.0,25255.0,25475.0,success
2024-06-25,USD,US DOLLAR,25215.0,25245.0,25465.0,success
2024-06-26,USD,US DOLLAR,25220.0,25250.0,25470.0,success
2024-06-27,USD,US DOLLAR,25227.0,25257.0,25477.0,success
2024-06-28,USD,US DOLLAR,25223.0,25253.0,25473.0,success
2024-06-29,USD,US DOLLAR,25223.0,25253.0,25473.0,success
2024-06-30,USD,US DOLLAR,25223.0,25253.0,25473.0,success
2024-07-01,USD,US DOLLAR,25214.0,25244.0,25464.0,success
2024-07-02,USD,US DOLLAR,25215.0,25245.0,25465.0,success
2024-07-03,USD,US DOLLAR,25220.0,25250.0,25470.0,success
2024-07-04,USD,US DOLLAR,25213.0,25243.0,25463.0,success
2024-07-05,USD,US DOLLAR,25208.0,25238.0,25458.0,success
2024-07-06,USD,US DOLLAR,25208.0,25238.0,25458.0,success
2024-07-07,USD,US DOLLAR,25208.0,25238.0,25458.0,success
2024-07-08,USD,US DOLLAR,25205.0,25235.0,25455.0,success
2024-07-09,USD,US DOLLAR,25204.0,25234.0,25454.0,success
2024-07-10,USD,US DOLLAR,25209.0,25239.0,25459.0,success
2024-07-11,USD,US DOLLAR,25215.0,25245.0,25465.0,success
2024-07-12,USD,US DOLLAR,25210.0,25240.0,25460.0,success
2024-07-13,USD,US DOLLAR,25210.0,25240.0,25460.0,success
2024-07-14,USD,US DOLLAR,25210.0,25240.0,25460.0,success
2024-07-15,USD,US DOLLAR,25207.0,25237.0,25457.0,success
2024-07-16,USD,US DOLLAR,25207.0,25237.0,25457.0,success
2024-07-17,USD,US DOLLAR,25138.0,25168.0,25468.0,success
2024-07-18,USD,US DOLLAR,25120.0,25150.0,25450.0,success
2024-07-19,USD,US DOLLAR,25128.0,25158.0,25458.0,success
2024-07-20,USD,US DOLLAR,25128.0,25158.0,25458.0,success
2024-07-21,USD,US DOLLAR,25128.0,25158.0,25458.0,success
2024-07-22,USD,US DOLLAR,25124.0,25154.0,25474.0,success
2024-07-23,USD,US DOLLAR,25127.0,25157.0,25477.0,success
2024-07-24,USD,US DOLLAR,25147.0,25177.0,25477.0,success
2024-07-25,USD,US DOLLAR,25090.0,25120.0,25460.0,success
2024-07-26,USD,US DOLLAR,25091.0,25121.0,25461.0,success
2024-07-27,USD,US DOLLAR,25091.0,25121.0,25461.0,success
2024-07-28,USD,US DOLLAR,25091.0,25121.0,25461.0,success
2024-07-29,USD,US DOLLAR,25085.0,25115.0,25455.0,success
2024-07-30,USD,US DOLLAR,25090.0,25120.0,25460.0,success
2024-07-31,USD,US DOLLAR,25050.0,25080.0,25420.0,success
2024-08-01,USD,US DOLLAR,25030.0,25060.0,25400.0,success
2024-08-02,USD,US DOLLAR,25010.0,25040.0,25380.0,success
2024-08-03,USD,US DOLLAR,25010.0,25040.0,25380.0,success
2024-08-04,USD,US DOLLAR,25010.0,25040.0,25380.0,success
2024-08-05,USD,US DOLLAR,24900.0,24930.0,25270.0,success
2024-08-06,USD,US DOLLAR,24950.0,24980.0,25320.0,success
2024-08-07,USD,US DOLLAR,24965.0,24995.0,25335.0,success
2024-08-08,USD,US DOLLAR,24950.0,24980.0,25320.0,success
2024-08-09,USD,US DOLLAR,24900.0,24930.0,25270.0,success
2024-08-10,USD,US DOLLAR,24900.0,24930.0,25270.0,success
2024-08-11,USD,US DOLLAR,24900.0,24930.0,25270.0,success
2024-08-12,USD,US DOLLAR,24910.0,24940.0,25280.0,success
2024-08-13,USD,US DOLLAR,24920.0,24950.0,25290.0,success
2024-08-14,USD,US DOLLAR,24820.0,24850.0,25190.0,success
2024-08-15,USD,US DOLLAR,24840.0,24870.0,25210.0,success
2024-08-16,USD,US DOLLAR,24860.0,24890.0,25230.0,success
2024-08-17,USD,US DOLLAR,24860.0,24890.0,25230.0,success
2024-08-18,USD,US DOLLAR,24860.0,24890.0,25230.0,success
2024-08-19,USD,US DOLLAR,24790.0,24820.0,25160.0,success
2024-08-20,USD,US DOLLAR,24710.0,24740.0,25080.0,success
2024-08-21,USD,US DOLLAR,24730.0,24760.0,25100.0,success
2024-08-22,USD,US DOLLAR,24750.0,24780.0,25120.0,success
2024-08-23,USD,US DOLLAR,24780.0,24810.0,25150.0,success
2024-08-24,USD,US DOLLAR,24780.0,24810.0,25150.0,success
2024-08-25,USD,US DOLLAR,24780.0,24810.0,25150.0,success
2024-08-26,USD,US DOLLAR,24680.0,24710.0,25050.0,success
2024-08-27,USD,US DOLLAR,24630.0,24660.0,25000.0,success
2024-08-28,USD,US DOLLAR,24650.0,24680.0,25020.0,success
2024-08-29,USD,US DOLLAR,24660.0,24690.0,25030.0,success
2024-08-30,USD,US DOLLAR,24660.0,24690.0,25030.0,success
2024-08-31,USD,US DOLLAR,24660.0,24690.0,25030.0,success
2024-09-01,USD,US DOLLAR,24660.0,24690.0,25030.0,success
2024-09-02,USD,US DOLLAR,24660.0,24690.0,25030.0,success
2024-09-03,USD,US DOLLAR,24660.0,24690.0,25030.0,success
2024-09-04,USD,US DOLLAR,24645.0,24675.0,25015.0,success
2024-09-05,USD,US DOLLAR,24550.0,24580.0,24920.0,success
2024-09-06,USD,US DOLLAR,24400.0,24430.0,24770.0,success
2024-09-07,USD,US DOLLAR,24400.0,24430.0,24770.0,success
2024-09-08,USD,US DOLLAR,24400.0,24430.0,24770.0,success
2024-09-09,USD,US DOLLAR,24470.0,24500.0,24840.0,success
2024-09-10,USD,US DOLLAR,24460.0,24490.0,24830.0,success
2024-09-11,USD,US DOLLAR,24355.0,24385.0,24725.0,success
2024-09-12,USD,US DOLLAR,24380.0,24410.0,24750.0,success
2024-09-13,USD,US DOLLAR,24360.0,24390.0,24730.0,success
2024-09-14,USD,US DOLLAR,24360.0,24390.0,24730.0,success
2024-09-15,USD,US DOLLAR,24360.0,24390.0,24730.0,success
2024-09-16,USD,US DOLLAR,24350.0,24380.0,24720.0,success
2024-09-17,USD,US DOLLAR,24400.0,24430.0,24770.0,success
2024-09-18,USD,US DOLLAR,24440.0,24470.0,24810.0,success
2024-09-19,USD,US DOLLAR,24380.0,24410.0,24750.0,success
2024-09-20,USD,US DOLLAR,24370.0,24400.0,24740.0,success
2024-09-21,USD,US DOLLAR,24370.0,24400.0,24740.0,success
2024-09-22,USD,US DOLLAR,24370.0,24400.0,24740.0,success
2024-09-23,USD,US DOLLAR,24430.0,24460.0,24800.0,success
2024-09-24,USD,US DOLLAR,24400.0,24430.0,24770.0,success
2024-09-25,USD,US DOLLAR,24380.0,24410.0,24750.0,success
2024-09-26,USD,US DOLLAR,24430.0,24460.0,24800.0,success
2024-09-27,USD,US DOLLAR,24390.0,24420.0,24760.0,success
2024-09-28,USD,US DOLLAR,24390.0,24420.0,24760.0,success
2024-09-29,USD,US DOLLAR,24390.0,24420.0,24760.0,success
2024-09-30,USD,US DOLLAR,24370.0,24400.0,24740.0,success
2024-10-01,USD,US DOLLAR,24400.0,24430.0,24770.0,success
2024-10-02,USD,US DOLLAR,24450.0,24480.0,24820.0,success
2024-10-03,USD,US DOLLAR,24550.0,24580.0,24920.0,success
2024-10-04,USD,US DOLLAR,24550.0,24580.0,24940.0,success
2024-10-05,USD,US DOLLAR,24550.0,24580.0,24940.0,success
2024-10-06,USD,US DOLLAR,24550.0,24580.0,24940.0,success
2024-10-07,USD,US DOLLAR,24640.0,24670.0,25030.0,success
2024-10-08,USD,US DOLLAR,24635.0,24665.0,25025.0,success
2024-10-09,USD,US DOLLAR,24635.0,24665.0,25025.0,success
2024-10-10,USD,US DOLLAR,24640.0,24670.0,25030.0,success
2024-10-11,USD,US DOLLAR,24610.0,24640.0,25000.0,success
2024-10-12,USD,US DOLLAR,24610.0,24640.0,25000.0,success
2024-10-13,USD,US DOLLAR,24610.0,24640.0,25000.0,success
2024-10-14,USD,US DOLLAR,24630.0,24660.0,25020.0,success
2024-10-15,USD,US DOLLAR,24735.0,24765.0,25125.0,success
2024-10-16,USD,US DOLLAR,24780.0,24810.0,25170.0,success
2024-10-17,USD,US DOLLAR,24980.0,25010.0,25370.0,success
2024-10-18,USD,US DOLLAR,24950.0,24980.0,25340.0,success
2024-10-19,USD,US DOLLAR,24950.0,24980.0,25340.0,success
2024-10-20,USD,US DOLLAR,24950.0,24980.0,25340.0,success
2024-10-21,USD,US DOLLAR,25040.0,25070.0,25430.0,success
2024-10-22,USD,US DOLLAR,25062.0,25092.0,25452.0,success
2024-10-23,USD,US DOLLAR,25190.0,25220.0,25462.0,success
2024-10-24,USD,US DOLLAR,25203.0,25233.0,25473.0,success
2024-10-25,USD,US DOLLAR,25167.0,25197.0,25467.0,success
2024-10-26,USD,US DOLLAR,25167.0,25197.0,25467.0,success
2024-10-27,USD,US DOLLAR,25167.0,25197.0,25467.0,success
2024-10-28,USD,US DOLLAR,25164.0,25194.0,25464.0,success
2024-10-29,USD,US DOLLAR,25134.0,25164.0,25464.0,success
2024-10-30,USD,US DOLLAR,25088.0,25118.0,25458.0,success
2024-10-31,USD,US DOLLAR,25060.0,25090.0,25450.0,success
2024-11-01,USD,US DOLLAR,25084.0,25114.0,25454.0,success
2024-11-02,USD,US DOLLAR,25084.0,25114.0,25454.0,success
2024-11-03,USD,US DOLLAR,25084.0,25114.0,25454.0,success
2024-11-04,USD,US DOLLAR,25095.0,25125.0,25465.0,success
2024-11-05,USD,US DOLLAR,25130.0,25160.0,25460.0,success
2024-11-06,USD,US DOLLAR,25140.0,25170.0,25470.0,success
2024-11-07,USD,US DOLLAR,25167.0,25197.0,25497.0,success
2024-11-08,USD,US DOLLAR,25100.0,25130.0,25470.0,success
2024-11-09,USD,US DOLLAR,25100.0,25130.0,25470.0,success
2024-11-10,USD,US DOLLAR,25100.0,25130.0,25470.0,success
2024-11-11,USD,US DOLLAR,25086.0,25116.0,25476.0,success
2024-11-12,USD,US DOLLAR,25130.0,25160.0,25480.0,success
2024-11-13,USD,US DOLLAR,25150.0,25180.0,25502.0,success
2024-11-14,USD,US DOLLAR,25154.0,25184.0,25504.0,success
2024-11-15,USD,US DOLLAR,25160.0,25190.0,25512.0,success
2024-11-16,USD,US DOLLAR,25160.0,25190.0,25512.0,success
2024-11-17,USD,US DOLLAR,25160.0,25190.0,25512.0,success
2024-11-18,USD,US DOLLAR,25170.0,25200.0,25502.0,success
2024-11-19,USD,US DOLLAR,25175.0,25205.0,25507.0,success
2024-11-20,USD,US DOLLAR,25170.0,25200.0,25499.0,success
2024-11-21,USD,US DOLLAR,25170.0,25200.0,25504.0,success
2024-11-22,USD,US DOLLAR,25170.0,25200.0,25509.0,success
2024-11-23,USD,US DOLLAR,25170.0,25200.0,25509.0,success
2024-11-24,USD,US DOLLAR,25170.0,25200.0,25509.0,success
2024-11-25,USD,US DOLLAR,25167.0,25197.0,25506.0,success
2024-11-26,USD,US DOLLAR,25170.0,25200.0,25509.0,success
2024-11-27,USD,US DOLLAR,25170.0,25200.0,25509.0,success
2024-11-28,USD,US DOLLAR,25145.0,25175.0,25484.0,success
2024-11-29,USD,US DOLLAR,25130.0,25160.0,25463.0,success
2024-11-30,USD,US DOLLAR,25130.0,25160.0,25463.0,success
2024-12-01,USD,US DOLLAR,25130.0,25160.0,25463.0,success
2024-12-02,USD,US DOLLAR,25119.0,25149.0,25452.0,success
2024-12-03,USD,US DOLLAR,25140.0,25170.0,25473.0,success
2024-12-04,USD,US DOLLAR,25142.0,25172.0,25475.0,success
2024-12-05,USD,US DOLLAR,25146.0,25176.0,25479.0,success
2024-12-06,USD,US DOLLAR,25134.0,25164.0,25467.0,success
2024-12-07,USD,US DOLLAR,25134.0,25164.0,25467.0,success
2024-12-08,USD,US DOLLAR,25134.0,25164.0,25467.0,success
2024-12-09,USD,US DOLLAR,25127.0,25157.0,25460.0,success
2024-12-10,USD,US DOLLAR,25140.0,25170.0,25470.0,success
2024-12-11,USD,US DOLLAR,25135.0,25165.0,25465.0,success
2024-12-12,USD,US DOLLAR,25141.0,25171.0,25471.0,success
2024-12-13,USD,US DOLLAR,25147.0,25177.0,25477.0,success
2024-12-14,USD,US DOLLAR,25147.0,25177.0,25477.0,success
2024-12-15,USD,US DOLLAR,25147.0,25177.0,25477.0,success
2024-12-16,USD,US DOLLAR,25155.0,25185.0,25485.0,success
2024-12-17,USD,US DOLLAR,25153.0,25183.0,25483.0,success
2024-12-18,USD,US DOLLAR,25161.0,25191.0,25491.0,success
2024-12-19,USD,US DOLLAR,25189.0,25219.0,25519.0,success
2024-12-20,USD,US DOLLAR,25210.0,25240.0,25540.0,success
2024-12-21,USD,US DOLLAR,25210.0,25240.0,25540.0,success
2024-12-22,USD,US DOLLAR,25210.0,25240.0,25540.0,success
2024-12-23,USD,US DOLLAR,25200.0,25230.0,25530.0,success
2024-12-24,USD,US DOLLAR,25193.0,25223.0,25523.0,success
2024-12-25,USD,US DOLLAR,25206.0,25236.0,25536.0,success
2024-12-26,USD,US DOLLAR,25195.0,25225.0,25525.0,success
2024-12-27,USD,US DOLLAR,25208.0,25238.0,25538.0,success
2024-12-28,USD,US DOLLAR,25208.0,25238.0,25538.0,success
2024-12-29,USD,US DOLLAR,25208.0,25238.0,25538.0,success
2024-12-30,USD,US DOLLAR,25213.0,25243.0,25543.0,success
2024-12-31,USD,US DOLLAR,25221.0,25251.0,25551.0,success
2025-01-01,USD,US DOLLAR,25221.0,25251.0,25551.0,success
2025-01-02,USD,US DOLLAR,25229.0,25259.0,25559.0,success
2025-01-03,USD,US DOLLAR,25220.0,25250.0,25550.0,success
2025-01-04,USD,US DOLLAR,25220.0,25250.0,25550.0,success
2025-01-05,USD,US DOLLAR,25220.0,25250.0,25550.0,success
2025-01-06,USD,US DOLLAR,25223.0,25253.0,25553.0,success
2025-01-07,USD,US DOLLAR,25178.0,25208.0,25548.0,success
2025-01-08,USD,US DOLLAR,25156.0,25186.0,25546.0,success
2025-01-09,USD,US DOLLAR,25164.0,25194.0,25554.0,success
2025-01-10,USD,US DOLLAR,25168.0,25198.0,25558.0,success
2025-01-11,USD,US DOLLAR,25168.0,25198.0,25558.0,success
2025-01-12,USD,US DOLLAR,25168.0,25198.0,25558.0,success
2025-01-13,USD,US DOLLAR,25170.0,25200.0,25560.0,success
2025-01-14,USD,US DOLLAR,25173.0,25203.0,25563.0,success
2025-01-15,USD,US DOLLAR,25164.0,25194.0,25554.0,success
2025-01-16,USD,US DOLLAR,25159.0,25189.0,25549.0,success
2025-01-17,USD,US DOLLAR,25120.0,25150.0,25510.0,success
2025-01-18,USD,US DOLLAR,25120.0,25150.0,25510.0,success
2025-01-19,USD,US DOLLAR,25120.0,25150.0,25510.0,success
2025-01-20,USD,US DOLLAR,25110.0,25140.0,25500.0,success
2025-01-21,USD,US DOLLAR,25060.0,25090.0,25450.0,success
2025-01-22,USD,US DOLLAR,24930.0,24960.0,25320.0,success
2025-01-23,USD,US DOLLAR,24930.0,24960.0,25320.0,success
2025-01-24,USD,US DOLLAR,24770.0,24800.0,25300.0,success
2025-01-25,USD,US DOLLAR,24770.0,24800.0,25300.0,success
2025-01-26,USD,US DOLLAR,24770.0,24800.0,25300.0,success
2025-01-27,USD,US DOLLAR,24770.0,24800.0,25300.0,success
2025-01-28,USD,US DOLLAR,24770.0,24800.0,25300.0,success
2025-01-29,USD,US DOLLAR,24770.0,24800.0,25300.0,success
2025-01-30,USD,US DOLLAR,24770.0,24800.0,25300.0,success
2025-01-31,USD,US DOLLAR,24770.0,24800.0,25300.0,success
2025-02-01,USD,US DOLLAR,24770.0,24800.0,25300.0,success
2025-02-02,USD,US DOLLAR,24770.0,24800.0,25300.0,success
2025-02-03,USD,US DOLLAR,25110.0,25140.0,25500.0,success
2025-02-04,USD,US DOLLAR,24970.0,25000.0,25360.0,success
2025-02-05,USD,US DOLLAR,24950.0,24980.0,25340.0,success
2025-02-06,USD,US DOLLAR,25060.0,25090.0,25450.0,success
2025-02-07,USD,US DOLLAR,25080.0,25110.0,25470.0,success
2025-02-08,USD,US DOLLAR,25080.0,25110.0,25470.0,success
2025-02-09,USD,US DOLLAR,25080.0,25110.0,25470.0,success
2025-02-10,USD,US DOLLAR,25170.0,25200.0,25560.0,success
2025-02-11,USD,US DOLLAR,25310.0,25340.0,25700.0,success
2025-02-12,USD,US DOLLAR,25350.0,25380.0,25740.0,success
2025-02-13,USD,US DOLLAR,25270.0,25300.0,25660.0,success
2025-02-14,USD,US DOLLAR,25190.0,25220.0,25580.0,success
2025-02-15,USD,US DOLLAR,25190.0,25220.0,25580.0,success
2025-02-16,USD,US DOLLAR,25190.0,25220.0,25580.0,success
2025-02-17,USD,US DOLLAR,25250.0,25280.0,25640.0,success
2025-02-18,USD,US DOLLAR,25310.0,25340.0,25700.0,success
2025-02-19,USD,US DOLLAR,25310.0,25340.0,25700.0,success
2025-02-20,USD,US DOLLAR,25320.0,25350.0,25710.0,success
2025-02-21,USD,US DOLLAR,25290.0,25320.0,25680.0,success
2025-02-22,USD,US DOLLAR,25290.0,25320.0,25680.0,success
2025-02-23,USD,US DOLLAR,25290.0,25320.0,25680.0,success
2025-02-24,USD,US DOLLAR,25280.0,25310.0,25670.0,success
2025-02-25,USD,US DOLLAR,25300.0,25330.0,25690.0,success
2025-02-26,USD,US DOLLAR,25330.0,25360.0,25720.0,success
2025-02-27,USD,US DOLLAR,25350.0,25380.0,25740.0,success
2025-02-28,USD,US DOLLAR,25340.0,25370.0,25730.0,success
2025-03-01,USD,US DOLLAR,25340.0,25370.0,25730.0,success
2025-03-02,USD,US DOLLAR,25340.0,25370.0,25730.0,success
2025-03-03,USD,US DOLLAR,25390.0,25420.0,25780.0,success
2025-03-04,USD,US DOLLAR,25360.0,25390.0,25750.0,success
2025-03-05,USD,US DOLLAR,25290.0,25320.0,25680.0,success
2025-03-06,USD,US DOLLAR,25270.0,25300.0,25660.0,success
2025-03-07,USD,US DOLLAR,25300.0,25330.0,25690.0,success
2025-03-08,USD,US DOLLAR,25300.0,25330.0,25690.0,success
2025-03-09,USD,US DOLLAR,25300.0,25330.0,25690.0,success
2025-03-10,USD,US DOLLAR,25310.0,25340.0,25700.0,success
2025-03-11,USD,US DOLLAR,25260.0,25290.0,25650.0,success
2025-03-12,USD,US DOLLAR,25250.0,25280.0,25640.0,success
2025-03-13,USD,US DOLLAR,25290.0,25320.0,25680.0,success
2025-03-14,USD,US DOLLAR,25320.0,25350.0,25710.0,success
2025-03-15,USD,US DOLLAR,25320.0,25350.0,25710.0,success
2025-03-16,USD,US DOLLAR,25320.0,25350.0,25710.0,success
2025-03-17,USD,US DOLLAR,25330.0,25360.0,25720.0,success
2025-03-18,USD,US DOLLAR,25320.0,25350.0,25710.0,success
2025-03-19,USD,US DOLLAR,25340.0,25370.0,25730.0,success
2025-03-20,USD,US DOLLAR,25350.0,25380.0,25740.0,success
2025-03-21,USD,US DOLLAR,25370.0,25400.0,25760.0,success
2025-03-22,USD,US DOLLAR,25370.0,25400.0,25760.0,success
2025-03-23,USD,US DOLLAR,25370.0,25400.0,25760.0,success
2025-03-24,USD,US DOLLAR,25420.0,25450.0,25810.0,success
2025-03-25,USD,US DOLLAR,25420.0,25450.0,25810.0,success
2025-03-26,USD,US DOLLAR,25360.0,25390.0,25750.0,success
2025-03-27,USD,US DOLLAR,25360.0,25390.0,25750.0,success
2025-03-28,USD,US DOLLAR,25370.0,25400.0,25760.0,success
2025-03-29,USD,US DOLLAR,25370.0,25400.0,25760.0,success
2025-03-30,USD,US DOLLAR,25370.0,25400.0,25760.0,success
2025-03-31,USD,US DOLLAR,25350.0,25380.0,25740.0,success
2025-04-01,USD,US DOLLAR,25430.0,25460.0,25820.0,success
2025-04-02,USD,US DOLLAR,25430.0,25460.0,25820.0,success
2025-04-03,USD,US DOLLAR,25590.0,25620.0,25980.0,success
2025-04-04,USD,US DOLLAR,25570.0,25600.0,25960.0,success
2025-04-05,USD,US DOLLAR,25570.0,25600.0,25960.0,success
2025-04-06,USD,US DOLLAR,25570.0,25600.0,25960.0,success
2025-04-07,USD,US DOLLAR,25570.0,25600.0,25960.0,success
2025-04-08,USD,US DOLLAR,25750.0,25780.0,26140.0,success
2025-04-09,USD,US DOLLAR,25792.0,25822.0,26182.0,success
2025-04-10,USD,US DOLLAR,25580.0,25610.0,25970.0,success
2025-04-11,USD,US DOLLAR,25530.0,25560.0,25920.0,success
2025-04-12,USD,US DOLLAR,25530.0,25560.0,25920.0,success
2025-04-13,USD,US DOLLAR,25530.0,25560.0,25920.0,success
2025-04-14,USD,US DOLLAR,25610.0,25640.0,26000.0,success
2025-04-15,USD,US DOLLAR,25620.0,25650.0,26010.0,success
2025-04-16,USD,US DOLLAR,25620.0,25650.0,26010.0,success
2025-04-17,USD,US DOLLAR,25670.0,25700.0,26060.0,success
2025-04-18,USD,US DOLLAR,25730.0,25760.0,26120.0,success
2025-04-19,USD,US DOLLAR,25730.0,25760.0,26120.0,success
2025-04-20,USD,US DOLLAR,25730.0,25760.0,26120.0,success
2025-04-21,USD,US DOLLAR,25670.0,25700.0,26060.0,success
2025-04-22,USD,US DOLLAR,25725.0,25755.0,26115.0,success
2025-04-23,USD,US DOLLAR,25751.0,25781.0,26141.0,success
2025-04-24,USD,US DOLLAR,25784.0,25814.0,26174.0,success
2025-04-25,USD,US DOLLAR,25805.0,25835.0,26195.0,success
2025-04-26,USD,US DOLLAR,25810.0,25840.0,26200.0,success
2025-04-27,USD,US DOLLAR,25810.0,25840.0,26200.0,success
2025-04-28,USD,US DOLLAR,25780.0,25810.0,26170.0,success
2025-04-29,USD,US DOLLAR,25790.0,25820.0,26180.0,success
2025-04-30,USD,US DOLLAR,25790.0,25820.0,26180.0,success
2025-05-01,USD,US DOLLAR,25790.0,25820.0,26180.0,success
2025-05-02,USD,US DOLLAR,25790.0,25820.0,26180.0,success
2025-05-03,USD,US DOLLAR,25790.0,25820.0,26180.0,success
2025-05-04,USD,US DOLLAR,25790.0,25820.0,26180.0,success
2025-05-05,USD,US DOLLAR,25750.0,25780.0,26140.0,success
2025-05-06,USD,US DOLLAR,25760.0,25790.0,26150.0,success
2025-05-07,USD,US DOLLAR,25740.0,25770.0,26130.0,success
2025-05-08,USD,US DOLLAR,25760.0,25790.0,26150.0,success
2025-05-09,USD,US DOLLAR,25750.0,25780.0,26140.0,success
2025-05-10,USD,US DOLLAR,25750.0,25780.0,26140.0,success
2025-05-11,USD,US DOLLAR,25750.0,25780.0,26140.0,success
2025-05-12,USD,US DOLLAR,25750.0,25780.0,26140.0,success
2025-05-13,USD,US DOLLAR,25750.0,25780.0,26140.0,success
2025-05-14,USD,US DOLLAR,25730.0,25760.0,26120.0,success
2025-05-15,USD,US DOLLAR,25720.0,25750.0,26110.0,success
2025-05-16,USD,US DOLLAR,25720.0,25750.0,26110.0,success
2025-05-17,USD,US DOLLAR,25720.0,25750.0,26110.0,success
2025-05-18,USD,US DOLLAR,25720.0,25750.0,26110.0,success
2025-05-19,USD,US DOLLAR,25730.0,25760.0,26120.0,success
2025-05-20,USD,US DOLLAR,25750.0,25780.0,26140.0,success
2025-05-21,USD,US DOLLAR,25750.0,25780.0,26140.0,success
2025-05-22,USD,US DOLLAR,25760.0,25790.0,26150.0,success
2025-05-23,USD,US DOLLAR,25740.0,25770.0,26130.0,success
2025-05-24,USD,US DOLLAR,25740.0,25770.0,26130.0,success
2025-05-25,USD,US DOLLAR,25740.0,25770.0,26130.0,success
2025-05-26,USD,US DOLLAR,25700.0,25730.0,26090.0,success
2025-05-27,USD,US DOLLAR,25710.0,25740.0,26100.0,success
2025-05-28,USD,US DOLLAR,25750.0,25780.0,26140.0,success
2025-05-29,USD,US DOLLAR,25810.0,25840.0,26200.0,success
2025-05-30,USD,US DOLLAR,25810.0,25840.0,26200.0,success
2025-05-31,USD,US DOLLAR,25810.0,25840.0,26200.0,success
2025-06-01,USD,US DOLLAR,25810.0,25840.0,26200.0,success
2025-06-02,USD,US DOLLAR,25810.0,25840.0,26200.0,success
2025-06-03,USD,US DOLLAR,25840.0,25870.0,26230.0,success
2025-06-04,USD,US DOLLAR,25864.0,25894.0,26254.0,success
2025-06-05,USD,US DOLLAR,25854.0,25884.0,26244.0,success
2025-06-06,USD,US DOLLAR,25830.0,25860.0,26220.0,success
2025-06-07,USD,US DOLLAR,25830.0,25860.0,26220.0,success
2025-06-08,USD,US DOLLAR,25830.0,25860.0,26220.0,success
2025-06-09,USD,US DOLLAR,25830.0,25860.0,26220.0,success
2025-06-10,USD,US DOLLAR,25810.0,25840.0,26200.0,success
2025-06-11,USD,US DOLLAR,25810.0,25840.0,26200.0,success
2025-06-12,USD,US DOLLAR,25820.0,25850.0,26210.0,success
2025-06-13,USD,US DOLLAR,25833.0,25863.0,26223.0,success
2025-06-14,USD,US DOLLAR,25833.0,25863.0,26223.0,success
2025-06-15,USD,US DOLLAR,25833.0,25863.0,26223.0,success
2025-06-16,USD,US DOLLAR,25852.0,25882.0,26242.0,success
2025-06-17,USD,US DOLLAR,25857.0,25887.0,26247.0,success
2025-06-18,USD,US DOLLAR,25853.0,25883.0,26243.0,success
2025-06-19,USD,US DOLLAR,25886.0,25916.0,26276.0,success
2025-06-20,USD,US DOLLAR,25892.0,25922.0,26282.0,success
2025-06-21,USD,US DOLLAR,25892.0,25922.0,26282.0,success
2025-06-22,USD,US DOLLAR,25892.0,25922.0,26282.0,success
2025-06-23,USD,US DOLLAR,25969.0,25999.0,26279.0,success
2025-06-24,USD,US DOLLAR,25960.0,25990.0,26310.0,success
2025-06-25,USD,US DOLLAR,25957.0,25987.0,26307.0,success
2025-06-26,USD,US DOLLAR,25900.0,25930.0,26290.0,success
2025-06-27,USD,US DOLLAR,25880.0,25910.0,26270.0,success
2025-06-28,USD,US DOLLAR,25880.0,25910.0,26270.0,success
2025-06-29,USD,US DOLLAR,25880.0,25910.0,26270.0,success
2025-06-30,USD,US DOLLAR,25910.0,25940.0,26300.0,success
2025-07-01,USD,US DOLLAR,25920.0,25950.0,26310.0,success
2025-07-02,USD,US DOLLAR,25933.0,25963.0,26323.0,success
2025-07-03,USD,US DOLLAR,25975.0,26005.0,26345.0,success
2025-07-04,USD,US DOLLAR,25960.0,25990.0,26350.0,success
2025-07-05,USD,US DOLLAR,25960.0,25990.0,26350.0,success
2025-07-06,USD,US DOLLAR,25960.0,25990.0,26350.0,success
2025-07-07,USD,US DOLLAR,25940.0,25970.0,26330.0,success
2025-07-08,USD,US DOLLAR,25915.0,25945.0,26305.0,success
2025-07-09,USD,US DOLLAR,25930.0,25960.0,26320.0,success
2025-07-10,USD,US DOLLAR,25900.0,25930.0,26290.0,success
2025-07-11,USD,US DOLLAR,25900.0,25930.0,26290.0,success
2025-07-12,USD,US DOLLAR,25900.0,25930.0,26290.0,success
2025-07-13,USD,US DOLLAR,25900.0,25930.0,26290.0,success
2025-07-14,USD,US DOLLAR,25900.0,25930.0,26290.0,success
2025-07-15,USD,US DOLLAR,25920.0,25950.0,26310.0,success
2025-07-16,USD,US DOLLAR,25940.0,25970.0,26330.0,success
2025-07-17,USD,US DOLLAR,25940.0,25970.0,26330.0,success
2025-07-18,USD,US DOLLAR,25950.0,25980.0,26340.0,success
2025-07-19,USD,US DOLLAR,25950.0,25980.0,26340.0,success
2025-07-20,USD,US DOLLAR,25950.0,25980.0,26340.0,success
2025-07-21,USD,US DOLLAR,25950.0,25980.0,26340.0,success
2025-07-22,USD,US DOLLAR,25930.0,25960.0,26320.0,success
2025-07-23,USD,US DOLLAR,25930.0,25960.0,26320.0,success
2025-07-24,USD,US DOLLAR,25930.0,25960.0,26320.0,success
2025-07-25,USD,US DOLLAR,25930.0,25960.0,26320.0,success
2025-07-26,USD,US DOLLAR,25930.0,25960.0,26320.0,success
2025-07-27,USD,US DOLLAR,25930.0,25960.0,26320.0,success
2025-07-28,USD,US DOLLAR,25980.0,26010.0,26370.0,success
2025-07-29,USD,US DOLLAR,26010.0,26040.0,26400.0,success
2025-07-30,USD,US DOLLAR,26000.0,26030.0,26390.0,success
2025-07-31,USD,US DOLLAR,25990.0,26020.0,26380.0,success
2025-08-01,USD,US DOLLAR,26000.0,26030.0,26390.0,success
2025-08-02,USD,US DOLLAR,26000.0,26030.0,26390.0,success
2025-08-03,USD,US DOLLAR,26000.0,26030.0,26390.0,success
2025-08-04,USD,US DOLLAR,25980.0,26010.0,26370.0,success
2025-08-05,USD,US DOLLAR,26030.0,26060.0,26420.0,success
2025-08-06,USD,US DOLLAR,26030.0,26060.0,26420.0,success
2025-08-07,USD,US DOLLAR,26010.0,26040.0,26400.0,success
2025-08-08,USD,US DOLLAR,26010.0,26040.0,26400.0,success
2025-08-09,USD,US DOLLAR,26010.0,26040.0,26400.0,success
2025-08-10,USD,US DOLLAR,26010.0,26040.0,26400.0,success
2025-08-11,USD,US DOLLAR,26010.0,26040.0,26400.0,success
2025-08-12,USD,US DOLLAR,26060.0,26090.0,26450.0,success
2025-08-13,USD,US DOLLAR,26060.0,26090.0,26450.0,success
2025-08-14,USD,US DOLLAR,26050.0,26080.0,26440.0,success
2025-08-15,USD,US DOLLAR,26060.0,26090.0,26450.0,success
2025-08-16,USD,US DOLLAR,26060.0,26090.0,26450.0,success
2025-08-17,USD,US DOLLAR,26060.0,26090.0,26450.0,success
2025-08-18,USD,US DOLLAR,26080.0,26110.0,26470.0,success
2025-08-19,USD,US DOLLAR,26100.0,26130.0,26490.0,success
2025-08-20,USD,US DOLLAR,26130.0,26160.0,26520.0,success
2025-08-21,USD,US DOLLAR,26186.0,26216.0,26536.0,success
2025-08-22,USD,US DOLLAR,26130.0,26160.0,26520.0,success
2025-08-23,USD,US DOLLAR,26130.0,26160.0,26520.0,success
2025-08-24,USD,US DOLLAR,26130.0,26160.0,26520.0,success
2025-08-25,USD,US DOLLAR,26090.0,26120.0,26480.0,success
2025-08-26,USD,US DOLLAR,26140.0,26170.0,26530.0,success
2025-08-27,USD,US DOLLAR,26146.0,26176.0,26536.0,success
2025-08-28,USD,US DOLLAR,26141.0,26171.0,26531.0,success
2025-08-29,USD,US DOLLAR,26132.0,26162.0,26502.0,success
2025-08-30,USD,US DOLLAR,26132.0,26162.0,26502.0,success
2025-08-31,USD,US DOLLAR,26132.0,26162.0,26502.0,success
2025-09-01,USD,US DOLLAR,26132.0,26162.0,26502.0,success
2025-09-02,USD,US DOLLAR,26132.0,26162.0,26502.0,success
2025-09-03,USD,US DOLLAR,26158.0,26188.0,26508.0,success
2025-09-04,USD,US DOLLAR,26160.0,26190.0,26510.0,success
2025-09-05,USD,US DOLLAR,26160.0,26190.0,26510.0,success
2025-09-06,USD,US DOLLAR,26160.0,26190.0,26510.0,success
2025-09-07,USD,US DOLLAR,26160.0,26190.0,26510.0,success
2025-09-08,USD,US DOLLAR,26187.0,26217.0,26497.0,success
2025-09-09,USD,US DOLLAR,26177.0,26207.0,26497.0,success
2025-09-10,USD,US DOLLAR,26162.0,26192.0,26482.0,success
2025-09-11,USD,US DOLLAR,26172.0,26202.0,26482.0,success
2025-09-12,USD,US DOLLAR,26166.0,26196.0,26476.0,success
2025-09-13,USD,US DOLLAR,26166.0,26196.0,26476.0,success
2025-09-14,USD,US DOLLAR,26166.0,26196.0,26476.0,success
2025-09-15,USD,US DOLLAR,26166.0,26196.0,26476.0,success
2025-09-16,USD,US DOLLAR,26158.0,26188.0,26468.0,success
2025-09-17,USD,US DOLLAR,26147.0,26177.0,26457.0,success
2025-09-18,USD,US DOLLAR,26155.0,26185.0,26445.0,success
2025-09-19,USD,US DOLLAR,26175.0,26205.0,26445.0,success
2025-09-20,USD,US DOLLAR,26175.0,26205.0,26445.0,success
2025-09-21,USD,US DOLLAR,26175.0,26205.0,26445.0,success
2025-09-22,USD,US DOLLAR,26188.0,26218.0,26448.0,success
2025-09-23,USD,US DOLLAR,26198.0,26228.0,26448.0,success
2025-09-24,USD,US DOLLAR,26195.0,26225.0,26445.0,success
2025-09-25,USD,US DOLLAR,26200.0,26230.0,26450.0,success
2025-09-26,USD,US DOLLAR,26183.0,26213.0,26453.0,success
2025-09-27,USD,US DOLLAR,26183.0,26213.0,26453.0,success
2025-09-28,USD,US DOLLAR,26183.0,26213.0,26453.0,success
2025-09-29,USD,US DOLLAR,26181.0,26211.0,26451.0,success
2025-09-30,USD,US DOLLAR,26176.0,26206.0,26446.0,success
2025-10-01,USD,US DOLLAR,26196.0,26226.0,26446.0,success
2025-10-02,USD,US DOLLAR,26185.0,26215.0,26435.0,success
2025-10-03,USD,US DOLLAR,26170.0,26200.0,26420.0,success
2025-10-04,USD,US DOLLAR,26170.0,26200.0,26420.0,success
2025-10-05,USD,US DOLLAR,26170.0,26200.0,26420.0,success
2025-10-06,USD,US DOLLAR,26153.0,26183.0,26403.0,success
2025-10-07,USD,US DOLLAR,26148.0,26178.0,26398.0,success
2025-10-08,USD,US DOLLAR,26139.0,26169.0,26389.0,success
2025-10-09,USD,US DOLLAR,26136.0,26166.0,26386.0,success
2025-10-10,USD,US DOLLAR,26114.0,26144.0,26384.0,success
2025-10-11,USD,US DOLLAR,26114.0,26144.0,26384.0,success
2025-10-12,USD,US DOLLAR,26114.0,26144.0,26384.0,success
2025-10-13,USD,US DOLLAR,26117.0,26147.0,26367.0,success
2025-10-14,USD,US DOLLAR,26119.0,26149.0,26369.0,success
2025-10-15,USD,US DOLLAR,26129.0,26159.0,26369.0,success
2025-10-16,USD,US DOLLAR,26124.0,26154.0,26364.0,success
2025-10-17,USD,US DOLLAR,26116.0,26146.0,26356.0,success
2025-10-18,USD,US DOLLAR,26116.0,26146.0,26356.0,success
2025-10-19,USD,US DOLLAR,26116.0,26146.0,26356.0,success
2025-10-20,USD,US DOLLAR,26116.0,26146.0,26356.0,success
2025-10-21,USD,US DOLLAR,26123.0,26153.0,26353.0,success
2025-10-22,USD,US DOLLAR,26123.0,26153.0,26353.0,success
2025-10-23,USD,US DOLLAR,26122.0,26152.0,26352.0,success
2025-10-24,USD,US DOLLAR,26082.0,26112.0,26352.0,success
2025-10-25,USD,US DOLLAR,26082.0,26112.0,26352.0,success
2025-10-26,USD,US DOLLAR,26082.0,26112.0,26352.0,success
2025-10-27,USD,US DOLLAR,26081.0,26111.0,26351.0,success
2025-10-28,USD,US DOLLAR,26079.0,26109.0,26349.0,success
2025-10-29,USD,US DOLLAR,26075.0,26105.0,26345.0,success
2025-10-30,USD,US DOLLAR,26105.0,26135.0,26345.0,success
2025-10-31,USD,US DOLLAR,26077.0,26107.0,26347.0,success
2025-11-01,USD,US DOLLAR,26077.0,26107.0,26347.0,success
2025-11-02,USD,US DOLLAR,26077.0,26107.0,26347.0,success
2025-11-03,USD,US DOLLAR,26077.0,26107.0,26347.0,success
2025-11-04,USD,US DOLLAR,26099.0,26129.0,26349.0,success
2025-11-05,USD,US DOLLAR,26101.0,26131.0,26351.0,success
2025-11-06,USD,US DOLLAR,26085.0,26115.0,26355.0,success
2025-11-07,USD,US DOLLAR,26088.0,26118.0,26358.0,success
2025-11-08,USD,US DOLLAR,26088.0,26118.0,26358.0,success
2025-11-09,USD,US DOLLAR,26088.0,26118.0,26358.0,success
2025-11-10,USD,US DOLLAR,26071.0,26101.0,26361.0,success
2025-11-11,USD,US DOLLAR,26083.0,26113.0,26373.0,success
2025-11-12,USD,US DOLLAR,26095.0,26125.0,26385.0,success
2025-11-13,USD,US DOLLAR,26111.0,26141.0,26381.0,success
2025-11-14,USD,US DOLLAR,26128.0,26158.0,26378.0,success
2025-11-15,USD,US DOLLAR,26128.0,26158.0,26378.0,success
2025-11-16,USD,US DOLLAR,26128.0,26158.0,26378.0,success
2025-11-17,USD,US DOLLAR,26126.0,26156.0,26376.0,success
2025-11-18,USD,US DOLLAR,26138.0,26168.0,26388.0,success
2025-11-19,USD,US DOLLAR,26138.0,26168.0,26388.0,success
2025-11-20,USD,US DOLLAR,26136.0,26166.0,26386.0,success
2025-11-21,USD,US DOLLAR,26142.0,26172.0,26392.0,success
2025-11-22,USD,US DOLLAR,26142.0,26172.0,26392.0,success
2025-11-23,USD,US DOLLAR,26142.0,26172.0,26392.0,success
2025-11-24,USD,US DOLLAR,26151.0,26181.0,26401.0,success
2025-11-25,USD,US DOLLAR,26153.0,26183.0,26403.0,success
2025-11-26,USD,US DOLLAR,26153.0,26183.0,26403.0,success
2025-11-27,USD,US DOLLAR,26159.0,26189.0,26409.0,success
2025-11-28,USD,US DOLLAR,26132.0,26162.0,26412.0,success
2025-11-29,USD,US DOLLAR,26132.0,26162.0,26412.0,success
2025-11-30,USD,US DOLLAR,26132.0,26162.0,26412.0,success
2025-12-01,USD,US DOLLAR,26133.0,26163.0,26413.0,success
2025-12-02,USD,US DOLLAR,26140.0,26170.0,26410.0,success
2025-12-03,USD,US DOLLAR,26140.0,26170.0,26410.0,success
2025-12-04,USD,US DOLLAR,26139.0,26169.0,26409.0,success
2025-12-05,USD,US DOLLAR,26138.0,26168.0,26408.0,success
2025-12-06,USD,US DOLLAR,26138.0,26168.0,26408.0,success
2025-12-07,USD,US DOLLAR,26138.0,26168.0,26408.0,success
2025-12-08,USD,US DOLLAR,26139.0,26169.0,26409.0,success
2025-12-09,USD,US DOLLAR,26142.0,26172.0,26412.0,success
2025-12-10,USD,US DOLLAR,26142.0,26172.0,26412.0,success
2025-12-11,USD,US DOLLAR,26111.0,26141.0,26411.0,success
2025-12-12,USD,US DOLLAR,26095.0,26125.0,26405.0,success
2025-12-13,USD,US DOLLAR,26095.0,26125.0,26405.0,success
2025-12-14,USD,US DOLLAR,26095.0,26125.0,26405.0,success
2025-12-15,USD,US DOLLAR,26091.0,26121.0,26401.0,success
2025-12-16,USD,US DOLLAR,26088.0,26118.0,26398.0,success
2025-12-17,USD,US DOLLAR,26093.0,26123.0,26403.0,success
2025-12-18,USD,US DOLLAR,26098.0,26128.0,26408.0,success
2025-12-19,USD,US DOLLAR,26095.0,26125.0,26405.0,success
2025-12-20,USD,US DOLLAR,26095.0,26125.0,26405.0,success
2025-12-21,USD,US DOLLAR,26095.0,26125.0,26405.0,success
2025-12-22,USD,US DOLLAR,26096.0,26126.0,26406.0,success
2025-12-23,USD,US DOLLAR,26093.0,26123.0,26403.0,success
2025-12-24,USD,US DOLLAR,26093.0,26123.0,26403.0,success
2025-12-25,USD,US DOLLAR,26059.0,26089.0,26389.0,success
2025-12-26,USD,US DOLLAR,26054.0,26084.0,26384.0,success
2025-12-27,USD,US DOLLAR,26054.0,26084.0,26384.0,success
2025-12-28,USD,US DOLLAR,26054.0,26084.0,26384.0,success
2025-12-29,USD,US DOLLAR,26051.0,26081.0,26381.0,success
2025-12-30,USD,US DOLLAR,26050.0,26080.0,26380.0,success
2025-12-31,USD,US DOLLAR,26047.0,26077.0,26377.0,success
2026-01-01,USD,US DOLLAR,26047.0,26077.0,26377.0,success
2026-01-02,USD,US DOLLAR,26047.0,26077.0,26377.0,success
2026-01-03,USD,US DOLLAR,26047.0,26077.0,26377.0,success
2026-01-04,USD,US DOLLAR,26047.0,26077.0,26377.0,success
2026-01-05,USD,US DOLLAR,26050.0,26080.0,26380.0,success
2026-01-06,USD,US DOLLAR,26048.0,26078.0,26378.0,success
2026-01-07,USD,US DOLLAR,26048.0,26078.0,26378.0,success
2026-01-08,USD,US DOLLAR,26051.0,26081.0,26381.0,success
2026-01-09,USD,US DOLLAR,26053.0,26083.0,26383.0,success
2026-01-10,USD,US DOLLAR,26057.0,26087.0,26387.0,success
2026-01-11,USD,US DOLLAR,26057.0,26087.0,26387.0,success
2026-01-12,USD,US DOLLAR,26055.0,26085.0,26385.0,success
2026-01-13,USD,US DOLLAR,26055.0,26085.0,26385.0,success
2026-01-14,USD,US DOLLAR,26061.0,26091.0,26391.0,success
2026-01-15,USD,US DOLLAR,26061.0,26091.0,26391.0,success
2026-01-16,USD,US DOLLAR,26057.0,26087.0,26387.0,success
2026-01-17,USD,US DOLLAR,26057.0,26087.0,26387.0,success
2026-01-18,USD,US DOLLAR,26057.0,26087.0,26387.0,success
2026-01-19,USD,US DOLLAR,26058.0,26088.0,26388.0,success
2026-01-20,USD,US DOLLAR,26056.0,26086.0,26386.0,success
2026-01-21,USD,US DOLLAR,26050.0,26080.0,26380.0,success
2026-01-22,USD,US DOLLAR,26051.0,26081.0,26381.0,success
2026-01-23,USD,US DOLLAR,26031.0,26061.0,26381.0,success
2026-01-24,USD,US DOLLAR,26031.0,26061.0,26381.0,success
2026-01-25,USD,US DOLLAR,26031.0,26061.0,26381.0,success
2026-01-26,USD,US DOLLAR,25978.0,26008.0,26368.0,success
2026-01-27,USD,US DOLLAR,25940.0,25970.0,26330.0,success
2026-01-28,USD,US DOLLAR,25870.0,25900.0,26260.0,success
2026-01-29,USD,US DOLLAR,25810.0,25840.0,26200.0,success
2026-01-30,USD,US DOLLAR,25720.0,25750.0,26110.0,success
2026-01-31,USD,US DOLLAR,25720.0,25750.0,26110.0,success
2026-02-01,USD,US DOLLAR,25720.0,25750.0,26110.0,success
2026-02-02,USD,US DOLLAR,25790.0,25820.0,26180.0,success
2026-02-03,USD,US DOLLAR,25790.0,25820.0,26180.0,success
2026-02-04,USD,US DOLLAR,25790.0,25820.0,26180.0,success
2026-02-05,USD,US DOLLAR,25760.0,25790.0,26150.0,success
2026-02-06,USD,US DOLLAR,25730.0,25760.0,26140.0,success
2026-02-07,USD,US DOLLAR,25730.0,25760.0,26140.0,success
2026-02-08,USD,US DOLLAR,25730.0,25760.0,26140.0,success
2026-02-09,USD,US DOLLAR,25690.0,25720.0,26100.0,success
2026-02-10,USD,US DOLLAR,25650.0,25680.0,26060.0,success
2026-02-11,USD,US DOLLAR,25750.0,25780.0,26160.0,success
2026-02-12,USD,US DOLLAR,25750.0,25780.0,26160.0,success
2026-02-13,USD,US DOLLAR,25750.0,25780.0,26160.0,success
2026-02-14,USD,US DOLLAR,25750.0,25780.0,26160.0,success
2026-02-15,USD,US DOLLAR,25750.0,25780.0,26160.0,success
2026-02-16,USD,US DOLLAR,25750.0,25780.0,26160.0,success
2026-02-17,USD,US DOLLAR,25750.0,25780.0,26160.0,success
2026-02-18,USD,US DOLLAR,25750.0,25780.0,26160.0,success
2026-02-19,USD,US DOLLAR,25750.0,25780.0,26160.0,success
2026-02-20,USD,US DOLLAR,25750.0,25780.0,26160.0,success
2026-02-21,USD,US DOLLAR,25750.0,25780.0,26160.0,success
2026-02-22,USD,US DOLLAR,25750.0,25780.0,26160.0,success
2026-02-23,USD,US DOLLAR,25880.0,25910.0,26290.0,success
2026-02-24,USD,US DOLLAR,25955.0,25985.0,26305.0,success
2026-02-25,USD,US DOLLAR,25899.0,25929.0,26309.0,success
2026-02-26,USD,US DOLLAR,25850.0,25880.0,26260.0,success
2026-02-27,USD,US DOLLAR,25820.0,25850.0,26230.0,success
2026-02-28,USD,US DOLLAR,25820.0,25850.0,26230.0,success
2026-03-01,USD,US DOLLAR,25820.0,25850.0,26230.0,success
2026-03-02,USD,US DOLLAR,25959.0,25989.0,26289.0,success
2026-03-03,USD,US DOLLAR,25968.0,25998.0,26298.0,success
2026-03-04,USD,US DOLLAR,25974.0,26004.0,26304.0,success
2026-03-05,USD,US DOLLAR,25997.0,26027.0,26307.0,success
2026-03-06,USD,US DOLLAR,25999.0,26029.0,26309.0,success
2026-03-07,USD,US DOLLAR,25999.0,26029.0,26309.0,success
2026-03-08,USD,US DOLLAR,25999.0,26029.0,26309.0,success
2026-03-09,USD,US DOLLAR,26041.0,26071.0,26311.0,success
2026-03-10,USD,US DOLLAR,25985.0,26015.0,26315.0,success
2026-03-11,USD,US DOLLAR,26001.0,26031.0,26311.0,success
2026-03-12,USD,US DOLLAR,26044.0,26074.0,26314.0,success
2026-03-13,USD,US DOLLAR,26048.0,26078.0,26318.0,success
2026-03-14,USD,US DOLLAR,26048.0,26078.0,26318.0,success
2026-03-15,USD,US DOLLAR,26048.0,26078.0,26318.0,success
2026-03-16,USD,US DOLLAR,26051.0,26081.0,26321.0,success
2026-03-17,USD,US DOLLAR,26051.0,26081.0,26321.0,success
2026-03-18,USD,US DOLLAR,26050.0,26080.0,26320.0,success
2026-03-19,USD,US DOLLAR,26055.0,26085.0,26325.0,success
2026-03-20,USD,US DOLLAR,26069.0,26099.0,26339.0,success
2026-03-21,USD,US DOLLAR,26069.0,26099.0,26339.0,success
2026-03-22,USD,US DOLLAR,26069.0,26099.0,26339.0,success
2026-03-23,USD,US DOLLAR,26074.0,26104.0,26344.0,success
2026-03-24,USD,US DOLLAR,26114.0,26144.0,26364.0,success
2026-03-25,USD,US DOLLAR,26109.0,26139.0,26359.0,success
2026-03-26,USD,US DOLLAR,26107.0,26137.0,26357.0,success
2026-03-27,USD,US DOLLAR,26105.0,26135.0,26355.0,success
2026-03-28,USD,US DOLLAR,26105.0,26135.0,26355.0,success
2026-03-29,USD,US DOLLAR,26105.0,26135.0,26355.0,success
2026-03-30,USD,US DOLLAR,26105.0,26135.0,26355.0,success
2026-03-31,USD,US DOLLAR,26107.0,26137.0,26357.0,success
2026-04-01,USD,US DOLLAR,26110.0,26140.0,26360.0,success
2026-04-02,USD,US DOLLAR,26112.0,26142.0,26362.0,success
2026-04-03,USD,US DOLLAR,26112.0,26142.0,26362.0,success
2026-04-04,USD,US DOLLAR,26112.0,26142.0,26362.0,success
2026-04-05,USD,US DOLLAR,26112.0,26142.0,26362.0,success
2026-04-06,USD,US DOLLAR,26111.0,26141.0,26361.0,success
2026-04-07,USD,US DOLLAR,26113.0,26143.0,26363.0,success
2026-04-08,USD,US DOLLAR,26111.0,26141.0,26361.0,success
2026-04-09,USD,US DOLLAR,26087.0,26117.0,26357.0,success
2026-04-10,USD,US DOLLAR,26100.0,26130.0,26360.0,success
2026-04-11,USD,US DOLLAR,26100.0,26130.0,26360.0,success
2026-04-12,USD,US DOLLAR,26100.0,26130.0,26360.0,success
2026-04-13,USD,US DOLLAR,26111.0,26141.0,26361.0,success
2026-04-14,USD,US DOLLAR,26111.0,26141.0,26361.0,success
2026-04-15,USD,US DOLLAR,26108.0,26138.0,26358.0,success
2026-04-16,USD,US DOLLAR,26097.0,26127.0,26357.0,success
2026-04-17,USD,US DOLLAR,26097.0,26127.0,26357.0,success
2026-04-18,USD,US DOLLAR,26097.0,26127.0,26357.0,success
2026-04-19,USD,US DOLLAR,26097.0,26127.0,26357.0,success
2026-04-20,USD,US DOLLAR,26098.0,26128.0,26358.0,success
2026-04-21,USD,US DOLLAR,26097.0,26127.0,26357.0,success
2026-04-22,USD,US DOLLAR,26095.0,26125.0,26355.0,success
2026-04-23,USD,US DOLLAR,26100.0,26130.0,26360.0,success
2026-04-24,USD,US DOLLAR,26108.0,26138.0,26368.0,success
2026-04-25,USD,US DOLLAR,26108.0,26138.0,26368.0,success
2026-04-26,USD,US DOLLAR,26108.0,26138.0,26368.0,success
2026-04-27,USD,US DOLLAR,26108.0,26138.0,26368.0,success
2026-04-28,USD,US DOLLAR,26106.0,26136.0,26366.0,success
2026-04-29,USD,US DOLLAR,26108.0,26138.0,26368.0,success
2026-04-30,USD,US DOLLAR,26108.0,26138.0,26368.0,success
2026-05-01,USD,US DOLLAR,26108.0,26138.0,26368.0,success
2026-05-02,USD,US DOLLAR,26108.0,26138.0,26368.0,success
2026-05-03,USD,US DOLLAR,26108.0,26138.0,26368.0,success
2026-05-04,USD,US DOLLAR,26107.0,26137.0,26367.0,success
2026-05-05,USD,US DOLLAR,26096.0,26126.0,26366.0,success
2026-05-06,USD,US DOLLAR,26098.0,26128.0,26368.0,success
2026-05-07,USD,US DOLLAR,26088.0,26118.0,26368.0,success
2026-05-08,USD,US DOLLAR,26087.0,26117.0,26367.0,success
2026-05-09,USD,US DOLLAR,26087.0,26117.0,26367.0,success
2026-05-10,USD,US DOLLAR,26087.0,26117.0,26367.0,success
2026-05-11,USD,US DOLLAR,26093.0,26123.0,26373.0,success
2026-05-12,USD,US DOLLAR,26099.0,26129.0,26379.0,success
2026-05-13,USD,US DOLLAR,26099.0,26129.0,26379.0,success
2026-05-14,USD,US DOLLAR,26102.0,26132.0,26382.0,success
2026-05-15,USD,US DOLLAR,26107.0,26137.0,26387.0,success
2026-05-16,USD,US DOLLAR,26107.0,26137.0,26387.0,success
2026-05-17,USD,US DOLLAR,26107.0,26137.0,26387.0,success
2026-05-18,USD,US DOLLAR,26107.0,26137.0,26387.0,success
2026-05-19,USD,US DOLLAR,26119.0,26149.0,26389.0,success
2026-05-20,USD,US DOLLAR,26131.0,26161.0,26391.0,success
2026-05-21,USD,US DOLLAR,26131.0,26161.0,26391.0,success
2026-05-22,USD,US DOLLAR,26130.0,26160.0,26390.0,success
2026-05-23,USD,US DOLLAR,26130.0,26160.0,26390.0,success
2026-05-24,USD,US DOLLAR,26130.0,26160.0,26390.0,success
2026-05-25,USD,US DOLLAR,26132.0,26162.0,26392.0,success
2026-05-26,USD,US DOLLAR,26134.0,26164.0,26394.0,success
2026-05-27,USD,US DOLLAR,26113.0,26143.0,26393.0,success
2026-05-28,USD,US DOLLAR,26113.0,26143.0,26393.0,success
2026-05-29,USD,US DOLLAR,26085.0,26115.0,26395.0,success
2026-05-30,USD,US DOLLAR,26085.0,26115.0,26395.0,success
2026-05-31,USD,US DOLLAR,26085.0,26115.0,26395.0,success
2026-06-01,USD,US DOLLAR,26084.0,26114.0,26394.0,success
2026-06-02,USD,US DOLLAR,26088.0,26118.0,26398.0,success
2026-06-03,USD,US DOLLAR,26092.0,26122.0,26402.0,success
2026-06-04,USD,US DOLLAR,26092.0,26122.0,26402.0,success
2026-06-05,USD,US DOLLAR,26094.0,26124.0,26404.0,success
2026-06-06,USD,US DOLLAR,26094.0,26124.0,26404.0,success
2026-06-07,USD,US DOLLAR,26094.0,26124.0,26404.0,success
2026-06-08,USD,US DOLLAR,26097.0,26127.0,26407.0,success
2026-06-09,USD,US DOLLAR,26098.0,26128.0,26408.0,success
2026-06-10,USD,US DOLLAR,26098.0,26128.0,26408.0,success
